trade_id,ablation,entry_mode,partition,direction,decision_time,entry_time,exit_time,entry_price,stop_price,target_price,stop_kind,target_R,exit_reason,gross_R,fees_R,net_R,hold_bars,ambiguity,lookahead_status,selected_4h_close_time,range_high,range_low,breakout_level
A0-E1-S1-T2.0-1,A0,E1,TRAIN,LONG,2022-10-16T20:00:00+00:00,2022-10-16T19:00:00+00:00,2022-10-19T19:00:00+00:00,19369.9,18966.0,20177.700000000004,S1,2.0,TIME,-0.36221837088388803,0.03836573409259705,-0.40058410497648506,72,NONE,PASS,2022-10-16T20:00:00+00:00,19188.0,18966.0,19197.68495
A0-E1-S1-T2.0-2,A0,E1,TRAIN,SHORT,2022-10-30T17:00:00+00:00,2022-10-30T16:00:00+00:00,2022-11-02T16:00:00+00:00,20592.4,20925.2,19926.800000000003,S1,2.0,TIME,0.23798076923077194,0.04950096153846165,0.1884798076923103,72,NONE,PASS,2022-10-30T16:00:00+00:00,20925.2,20607.1,20596.803799999998
A0-E1-S1-T2.0-3,A0,E1,TRAIN,SHORT,2022-11-06T06:00:00+00:00,2022-11-06T05:00:00+00:00,2022-11-07T08:00:00+00:00,21145.3,21426.0,20583.899999999998,S1,2.0,TP,2.0,0.06026448165301018,1.9397355183469898,27,NONE,PASS,2022-11-06T04:00:00+00:00,21426.0,21162.2,21151.627350000002
A0-E1-S1-T2.0-4,A0,E1,TRAIN,SHORT,2022-11-13T07:00:00+00:00,2022-11-13T06:00:00+00:00,2022-11-14T01:00:00+00:00,16675.0,16996.0,16033.0,S1,2.0,TP,2.0,0.041557632398753895,1.9584423676012461,19,NONE,PASS,2022-11-13T04:00:00+00:00,16996.0,16746.7,16738.3625
A0-E1-S1-T2.0-5,A0,E1,TRAIN,LONG,2022-11-18T01:00:00+00:00,2022-11-18T00:00:00+00:00,2022-11-20T21:00:00+00:00,16938.6,16403.3,18009.199999999997,S1,2.0,SL,-1.0,0.025314552587334237,-1.0253145525873342,69,NONE,PASS,2022-11-18T00:00:00+00:00,16740.0,16403.3,16748.4693
A0-E1-S1-T2.0-6,A0,E1,TRAIN,SHORT,2022-11-25T05:00:00+00:00,2022-11-25T04:00:00+00:00,2022-11-26T01:00:00+00:00,16381.9,16669.6,15806.500000000002,S1,2.0,SL,-1.0,0.04555272853667031,-1.0455527285366704,21,NONE,PASS,2022-11-25T04:00:00+00:00,16669.6,16450.0,16441.80905
A0-E1-S1-T2.0-7,A0,E1,TRAIN,SHORT,2022-11-28T00:00:00+00:00,2022-11-27T23:00:00+00:00,2022-11-28T02:00:00+00:00,16422.6,16594.2,16079.399999999994,S1,2.0,TP,2.0,0.07656223776223678,1.9234377622377632,3,NONE,PASS,2022-11-28T00:00:00+00:00,16594.2,16505.5,16497.2887
A0-E1-S1-T2.0-8,A0,E1,TRAIN,LONG,2022-12-10T16:00:00+00:00,2022-12-10T15:00:00+00:00,2022-12-12T00:00:00+00:00,17200.3,17052.0,17496.899999999998,S1,2.0,SL,-1.0,0.09278651382333154,-1.0927865138233315,33,NONE,PASS,2022-12-10T16:00:00+00:00,17185.7,17052.0,17194.30015
A0-E1-S1-T2.0-9,A0,E1,TRAIN,SHORT,2022-12-31T23:00:00+00:00,2022-12-31T22:00:00+00:00,2023-01-02T03:00:00+00:00,16515.1,16640.0,16265.299999999996,S1,2.0,SL,-1.0,0.10578126501200838,-1.1057812650120085,29,NONE,PASS,2022-12-31T20:00:00+00:00,16640.0,16530.0,16521.74245
A0-E1-S1-T2.0-10,A0,E1,TRAIN,SHORT,2023-01-06T12:00:00+00:00,2023-01-06T11:00:00+00:00,2023-01-06T19:00:00+00:00,16731.4,16872.8,16448.600000000006,S1,2.0,SL,-1.0,0.09466138613861534,-1.0946613861386154,8,NONE,PASS,2023-01-06T12:00:00+00:00,16872.8,16755.0,16746.6343
A0-E1-S1-T2.0-11,A0,E1,TRAIN,LONG,2023-01-08T16:00:00+00:00,2023-01-08T15:00:00+00:00,2023-01-08T23:00:00+00:00,16991.0,16905.0,17163.0,S1,2.0,TP,2.0,0.1580558139534884,1.8419441860465116,8,NONE,PASS,2023-01-08T16:00:00+00:00,16960.0,16905.0,16968.4955
A0-E1-S1-T2.0-12,A0,E1,TRAIN,LONG,2023-01-19T19:00:00+00:00,2023-01-19T18:00:00+00:00,2023-01-20T20:00:00+00:00,20977.1,20621.1,21689.1,S1,2.0,TP,2.0,0.04713955056179775,1.9528604494382023,26,NONE,PASS,2023-01-19T16:00:00+00:00,20962.7,20621.1,20973.18855
A0-E1-S1-T2.0-13,A0,E1,TRAIN,LONG,2023-01-29T02:00:00+00:00,2023-01-29T01:00:00+00:00,2023-01-29T19:00:00+00:00,23232.0,22870.8,23954.4,S1,2.0,TP,2.0,0.051455149501661024,1.948544850498339,18,NONE,PASS,2023-01-29T00:00:00+00:00,23141.9,22870.8,23153.516000000003
A0-E1-S1-T2.0-14,A0,E1,TRAIN,SHORT,2023-02-05T13:00:00+00:00,2023-02-05T12:00:00+00:00,2023-02-08T12:00:00+00:00,23160.2,23474.4,22531.8,S1,2.0,TIME,0.13399108847868263,0.05896931890515581,0.07502176957352683,72,NONE,PASS,2023-02-05T12:00:00+00:00,23474.4,23211.0,23199.4199
A0-E1-S1-T2.0-15,A0,E1,TRAIN,LONG,2023-02-11T22:00:00+00:00,2023-02-11T21:00:00+00:00,2023-02-13T09:00:00+00:00,21815.6,21600.0,22246.799999999996,S1,2.0,SL,-1.0,0.08094842300556641,-1.0809484230055664,36,NONE,PASS,2023-02-11T20:00:00+00:00,21770.0,21600.0,21780.9078
A0-E1-S1-T2.0-16,A0,E1,TRAIN,LONG,2023-02-19T16:00:00+00:00,2023-02-19T15:00:00+00:00,2023-02-19T17:00:00+00:00,24929.7,24516.7,25755.7,S1,2.0,SL,-1.0,0.04828997578692494,-1.0482899757869248,2,NONE,PASS,2023-02-19T16:00:00+00:00,24867.6,24516.7,24880.06485
A0-E1-S1-T2.0-17,A0,E1,TRAIN,LONG,2023-02-26T03:00:00+00:00,2023-02-26T02:00:00+00:00,2023-03-01T02:00:00+00:00,23226.4,22700.0,24279.200000000004,S1,2.0,TIME,0.17572188449847975,0.035298480243161,0.14042340425531874,72,NONE,PASS,2023-02-26T00:00:00+00:00,23176.1,22700.0,23187.7132
A0-E1-S1-T2.0-18,A0,E1,TRAIN,LONG,2023-03-05T02:00:00+00:00,2023-03-05T01:00:00+00:00,2023-03-07T15:00:00+00:00,22582.7,22147.5,23453.100000000002,S1,2.0,SL,-1.0,0.04151231617647052,-1.0415123161764706,62,NONE,PASS,2023-03-05T00:00:00+00:00,22400.0,22147.5,22411.29135
A0-E1-S1-T2.0-19,A0,E1,TRAIN,LONG,2023-03-19T16:00:00+00:00,2023-03-19T15:00:00+00:00,2023-03-22T15:00:00+00:00,27534.3,26790.0,29022.899999999998,S1,2.0,TIME,1.4132742173854662,0.029594840790004063,1.3836793765954623,72,NONE,PASS,2023-03-19T16:00:00+00:00,27453.3,26790.0,27467.06715
A0-E1-S1-T2.0-20,A0,E1,TRAIN,SHORT,2023-03-25T20:00:00+00:00,2023-03-25T19:00:00+00:00,2023-03-26T11:00:00+00:00,27179.5,27788.0,25962.5,S1,2.0,SL,-1.0,0.03573311421528348,-1.0357331142152835,16,NONE,PASS,2023-03-25T20:00:00+00:00,27788.0,27263.1,27249.51025
A0-E1-S1-T2.0-21,A0,E1,TRAIN,LONG,2023-03-26T14:00:00+00:00,2023-03-26T13:00:00+00:00,2023-03-27T14:00:00+00:00,28139.5,27131.8,30154.9,S1,2.0,SL,-1.0,0.022339585194006136,-1.022339585194006,25,NONE,PASS,2023-03-26T12:00:00+00:00,27999.0,27131.8,28013.06975
A0-E1-S1-T2.0-22,A0,E1,TRAIN,LONG,2023-04-08T04:00:00+00:00,2023-04-08T03:00:00+00:00,2023-04-09T22:00:00+00:00,28005.9,27755.0,28507.700000000004,S1,2.0,TP,2.0,0.08929740932642435,1.9107025906735757,43,NONE,PASS,2023-04-08T04:00:00+00:00,27981.1,27755.0,27995.102949999997
A0-E1-S1-T2.0-23,A0,E1,TRAIN,LONG,2023-04-16T19:00:00+00:00,2023-04-16T18:00:00+00:00,2023-04-17T00:00:00+00:00,30487.1,30102.0,31257.299999999996,S1,2.0,SL,-1.0,0.0633333679563752,-1.0633333679563752,6,NONE,PASS,2023-04-16T16:00:00+00:00,30397.4,30102.0,30412.64355
A0-E1-S1-T2.0-24,A0,E1,TRAIN,LONG,2023-04-22T23:00:00+00:00,2023-04-22T22:00:00+00:00,2023-04-24T08:00:00+00:00,27837.8,27166.0,29181.399999999998,S1,2.0,SL,-1.0,0.033150104197677915,-1.0331501041976778,34,NONE,PASS,2023-04-22T20:00:00+00:00,27780.0,27166.0,27793.9189
A0-E1-S1-T2.0-25,A0,E1,TRAIN,SHORT,2023-04-29T18:00:00+00:00,2023-04-29T17:00:00+00:00,2023-04-30T14:00:00+00:00,29142.5,29443.9,28539.699999999997,S1,2.0,SL,-1.0,0.07735235567352318,-1.0773523556735232,21,NONE,PASS,2023-04-29T16:00:00+00:00,29443.9,29180.0,29165.42875
A0-E1-S1-T2.0-26,A0,E1,TRAIN,SHORT,2023-05-06T13:00:00+00:00,2023-05-06T12:00:00+00:00,2023-05-08T08:00:00+00:00,29088.0,29840.0,27584.0,S1,2.0,TP,2.0,0.030944680851063833,1.9690553191489362,44,NONE,PASS,2023-05-06T12:00:00+00:00,29840.0,29108.0,29093.456
A0-E1-S1-T2.0-27,A0,E1,TRAIN,LONG,2023-05-14T16:00:00+00:00,2023-05-14T15:00:00+00:00,2023-05-17T14:00:00+00:00,27071.4,26557.0,28100.200000000004,S1,2.0,SL,-1.0,0.042101710730948566,-1.0421017107309485,71,NONE,PASS,2023-05-14T16:00:00+00:00,26973.0,26557.0,26986.5357
A0-E1-S1-T2.0-28,A0,E1,TRAIN,LONG,2023-05-20T18:00:00+00:00,2023-05-20T17:00:00+00:00,2023-05-21T11:00:00+00:00,27130.0,26813.2,27763.6,S1,2.0,SL,-1.0,0.06851010101010117,-1.0685101010101012,18,NONE,PASS,2023-05-20T16:00:00+00:00,26969.8,26813.2,26983.364999999998
A0-E1-S1-T2.0-29,A0,E1,TRAIN,LONG,2023-06-25T05:00:00+00:00,2023-06-25T04:00:00+00:00,2023-06-26T01:00:00+00:00,30880.1,30222.0,32196.299999999996,S1,2.0,SL,-1.0,0.037538489591247615,-1.0375384895912476,21,NONE,PASS,2023-06-25T04:00:00+00:00,30796.5,30222.0,30811.94005
A0-E1-S1-T2.0-30,A0,E1,TRAIN,SHORT,2023-07-08T20:00:00+00:00,2023-07-08T19:00:00+00:00,2023-07-09T01:00:00+00:00,30100.0,30380.0,29540.0,S1,2.0,SL,-1.0,0.08600000000000001,-1.086,6,NONE,PASS,2023-07-08T20:00:00+00:00,30380.0,30122.0,30106.95
A0-E1-S1-T2.0-31,A0,E1,TRAIN,LONG,2023-07-16T15:00:00+00:00,2023-07-16T14:00:00+00:00,2023-07-17T10:00:00+00:00,30388.6,30050.0,31065.799999999996,S1,2.0,SL,-1.0,0.07179822799763765,-1.0717982279976377,20,NONE,PASS,2023-07-16T12:00:00+00:00,30341.5,30050.0,30356.6943
A0-E1-S1-T2.0-32,A0,E1,TRAIN,LONG,2023-07-21T19:00:00+00:00,2023-07-21T18:00:00+00:00,2023-07-22T23:00:00+00:00,29970.0,29705.9,30498.199999999997,S1,2.0,SL,-1.0,0.09078379401741815,-1.090783794017418,29,NONE,PASS,2023-07-21T16:00:00+00:00,29949.5,29705.9,29964.485
A0-E1-S1-T2.0-33,A0,E1,TRAIN,LONG,2023-07-23T18:00:00+00:00,2023-07-23T17:00:00+00:00,2023-07-24T09:00:00+00:00,30110.1,29602.2,31125.899999999994,S1,2.0,SL,-1.0,0.047426816302421945,-1.0474268163024218,16,NONE,PASS,2023-07-23T16:00:00+00:00,29974.6,29602.2,29989.655049999998
A0-E1-S1-T2.0-34,A0,E1,TRAIN,LONG,2023-07-28T15:00:00+00:00,2023-07-28T14:00:00+00:00,2023-07-30T20:00:00+00:00,29475.7,29065.5,30296.100000000002,S1,2.0,SL,-1.0,0.057485519258898,-1.0574855192588979,54,NONE,PASS,2023-07-28T12:00:00+00:00,29320.0,29065.5,29334.73785
A0-E1-S1-T2.0-35,A0,E1,TRAIN,LONG,2023-08-20T21:00:00+00:00,2023-08-20T20:00:00+00:00,2023-08-21T10:00:00+00:00,26222.8,25948.5,26771.399999999998,S1,2.0,SL,-1.0,0.07647918337586604,-1.076479183375866,14,NONE,PASS,2023-08-20T20:00:00+00:00,26209.6,25948.5,26222.7114
A0-E1-S1-T2.0-36,A0,E1,TRAIN,LONG,2023-08-27T15:00:00+00:00,2023-08-27T14:00:00+00:00,2023-08-28T05:00:00+00:00,26134.0,25955.6,26490.800000000003,S1,2.0,SL,-1.0,0.11719282511210667,-1.1171928251121066,15,NONE,PASS,2023-08-27T12:00:00+00:00,26087.7,25955.6,26100.767
A0-E1-S1-T2.0-37,A0,E1,TRAIN,SHORT,2023-09-15T12:00:00+00:00,2023-09-15T11:00:00+00:00,2023-09-15T23:00:00+00:00,26415.3,26880.0,25485.899999999998,S1,2.0,SL,-1.0,0.045475016139444734,-1.0454750161394448,12,NONE,PASS,2023-09-15T12:00:00+00:00,26880.0,26428.6,26415.39235
A0-E1-S1-T2.0-38,A0,E1,TRAIN,LONG,2023-09-24T18:00:00+00:00,2023-09-24T17:00:00+00:00,2023-09-24T18:00:00+00:00,26661.3,26529.6,26924.7,S1,2.0,SL,-1.0,0.1619517084282451,-1.1619517084282451,1,NONE,PASS,2023-09-24T16:00:00+00:00,26618.7,26529.6,26632.03065
A0-E1-S1-T2.0-39,A0,E1,TRAIN,LONG,2023-10-01T07:00:00+00:00,2023-10-01T06:00:00+00:00,2023-10-01T22:00:00+00:00,27113.1,26890.4,27558.499999999993,S1,2.0,TP,2.0,0.09739775482712297,1.902602245172877,16,NONE,PASS,2023-10-01T04:00:00+00:00,27085.0,26890.4,27098.55655
A0-E1-S1-T2.0-40,A0,E1,TRAIN,LONG,2023-10-15T19:00:00+00:00,2023-10-15T18:00:00+00:00,2023-10-16T05:00:00+00:00,27046.1,26790.4,27557.499999999993,S1,2.0,TP,2.0,0.0846182244818156,1.9153817755181843,11,NONE,PASS,2023-10-15T16:00:00+00:00,27013.5,26790.4,27027.02305
A0-E1-S1-T2.0-41,A0,E1,TRAIN,SHORT,2023-10-27T18:00:00+00:00,2023-10-27T17:00:00+00:00,2023-10-28T11:00:00+00:00,33609.1,34287.5,32252.299999999996,S1,2.0,SL,-1.0,0.03963337264150935,-1.0396333726415095,18,NONE,PASS,2023-10-27T16:00:00+00:00,34287.5,33774.0,33757.19545
A0-E1-S1-T2.0-42,A0,E1,TRAIN,LONG,2023-10-29T13:00:00+00:00,2023-10-29T12:00:00+00:00,2023-11-01T12:00:00+00:00,34440.6,33933.0,35455.799999999996,S1,2.0,TIME,0.7580772261623404,0.0542799054373524,0.703797320724988,72,NONE,PASS,2023-10-29T12:00:00+00:00,34349.4,33933.0,34366.6203
A0-E1-S1-T2.0-43,A0,E1,TRAIN,LONG,2023-11-04T23:00:00+00:00,2023-11-04T22:00:00+00:00,2023-11-05T21:00:00+00:00,35171.9,34571.6,36372.50000000001,S1,2.0,SL,-1.0,0.046872430451440725,-1.0468724304514407,23,NONE,PASS,2023-11-04T20:00:00+00:00,35111.0,34571.6,35128.58595
A0-E1-S1-T2.0-44,A0,E1,TRAIN,LONG,2023-11-19T19:00:00+00:00,2023-11-19T18:00:00+00:00,2023-11-21T15:00:00+00:00,36851.8,36380.0,37795.40000000001,S1,2.0,SL,-1.0,0.06248715557439555,-1.0624871555743955,45,NONE,PASS,2023-11-19T16:00:00+00:00,36720.9,36380.0,36739.3259
A0-E1-S1-T2.0-45,A0,E1,TRAIN,LONG,2023-11-24T10:00:00+00:00,2023-11-24T09:00:00+00:00,2023-11-27T09:00:00+00:00,37634.0,36856.3,39189.399999999994,S1,2.0,TIME,-0.3530924521023525,0.038713128455702864,-0.39180558055805537,72,NONE,PASS,2023-11-24T08:00:00+00:00,37587.0,36856.3,37605.817
A0-E1-S1-T2.0-46,A0,E1,TRAIN,LONG,2023-12-01T05:00:00+00:00,2023-12-01T04:00:00+00:00,2023-12-02T19:00:00+00:00,38170.5,37442.9,39625.7,S1,2.0,TP,2.0,0.04196866410115457,1.9580313358988455,39,NONE,PASS,2023-12-01T04:00:00+00:00,38070.0,37442.9,38089.08525
A0-E1-S1-T2.0-47,A0,E1,TRAIN,SHORT,2023-12-15T14:00:00+00:00,2023-12-15T13:00:00+00:00,2023-12-18T13:00:00+00:00,42311.4,43450.1,40034.00000000001,S1,2.0,TIME,0.8168086414332141,0.029726108720470795,0.7870825327127433,72,NONE,PASS,2023-12-15T12:00:00+00:00,43450.1,42410.5,42389.3443
A0-E1-S1-T2.0-48,A0,E1,TRAIN,LONG,2023-12-30T16:00:00+00:00,2023-12-30T15:00:00+00:00,2024-01-02T00:00:00+00:00,42410.3,41283.2,44664.500000000015,S1,2.0,TP,2.0,0.030102244698784336,1.9698977553012156,57,NONE,PASS,2023-12-30T16:00:00+00:00,42300.0,41283.2,42321.20515
A0-E1-S1-T2.0-49,A0,E1,TRAIN,LONG,2024-01-07T14:00:00+00:00,2024-01-07T13:00:00+00:00,2024-01-07T23:00:00+00:00,44406.2,43645.0,45928.59999999999,S1,2.0,SL,-1.0,0.046669679453494664,-1.0466696794534947,10,NONE,PASS,2024-01-07T12:00:00+00:00,44267.9,43645.0,44290.1031
A0-E1-S1-T2.0-50,A0,E1,TRAIN,SHORT,2024-01-14T21:00:00+00:00,2024-01-14T20:00:00+00:00,2024-01-15T18:00:00+00:00,42514.7,43096.1,41351.899999999994,S1,2.0,SL,-1.0,0.058499759201926245,-1.0584997592019263,22,NONE,PASS,2024-01-14T20:00:00+00:00,43096.1,42553.0,42531.74265
A0-E1-S1-T2.0-51,A0,E1,TRAIN,LONG,2024-01-27T21:00:00+00:00,2024-01-27T20:00:00+00:00,2024-01-30T01:00:00+00:00,42049.6,41360.1,43428.6,S1,2.0,TP,2.0,0.048788513415518486,1.9512114865844814,53,NONE,PASS,2024-01-27T20:00:00+00:00,41977.0,41360.1,41998.0248
A0-E1-S1-T2.0-52,A0,E1,TRAIN,SHORT,2024-02-04T07:00:00+00:00,2024-02-04T06:00:00+00:00,2024-02-05T12:00:00+00:00,42729.7,43264.3,41660.499999999985,S1,2.0,SL,-1.0,0.06394268612046321,-1.0639426861204633,30,NONE,PASS,2024-02-04T04:00:00+00:00,43264.3,42829.8,42808.435150000005
A0-E1-S1-T2.0-53,A0,E1,TRAIN,SHORT,2024-02-17T14:00:00+00:00,2024-02-17T13:00:00+00:00,2024-02-18T22:00:00+00:00,51221.1,52245.1,49173.1,S1,2.0,SL,-1.0,0.040016484375,-1.040016484375,33,NONE,PASS,2024-02-17T12:00:00+00:00,52245.1,51521.4,51495.789450000004
A0-E1-S1-T2.0-54,A0,E1,TRAIN,LONG,2024-02-24T17:00:00+00:00,2024-02-24T16:00:00+00:00,2024-02-26T15:00:00+00:00,51245.0,50512.7,52709.600000000006,S1,2.0,TP,2.0,0.05598252082479836,1.9440174791752016,47,NONE,PASS,2024-02-24T16:00:00+00:00,51204.2,50512.7,51229.822499999995
A0-E1-S1-T2.0-55,A0,E1,TRAIN,LONG,2024-03-08T15:00:00+00:00,2024-03-08T14:00:00+00:00,2024-03-08T16:00:00+00:00,68501.6,66800.0,71904.80000000002,S1,2.0,SL,-1.0,0.032205735778091105,-1.0322057357780912,2,NONE,PASS,2024-03-08T12:00:00+00:00,67974.8,66800.0,68009.0508
A0-E1-S1-T2.0-56,A0,E1,TRAIN,LONG,2024-03-10T02:00:00+00:00,2024-03-10T01:00:00+00:00,2024-03-11T00:00:00+00:00,69029.7,67996.0,71097.09999999999,S1,2.0,SL,-1.0,0.0534233916997196,-1.0534233916997195,23,NONE,PASS,2024-03-10T00:00:00+00:00,68608.7,67996.0,68643.21485
A0-E1-S1-T2.0-57,A0,E1,TRAIN,SHORT,2024-03-22T12:00:00+00:00,2024-03-22T11:00:00+00:00,2024-03-24T22:00:00+00:00,64268.0,67066.6,58670.79999999999,S1,2.0,SL,-1.0,0.018371471450010682,-1.0183714714500107,59,NONE,PASS,2024-03-22T12:00:00+00:00,67066.6,64550.1,64517.966
A0-E1-S1-T2.0-58,A0,E1,TRAIN,SHORT,2024-03-29T06:00:00+00:00,2024-03-29T05:00:00+00:00,2024-04-01T05:00:00+00:00,70237.1,71636.2,67438.90000000002,S1,2.0,TIME,0.7325423486527162,0.04016130369523291,0.6923810449574832,72,NONE,PASS,2024-03-29T04:00:00+00:00,71636.2,70335.1,70299.98145
A0-E1-S1-T2.0-59,A0,E1,TRAIN,LONG,2024-04-06T23:00:00+00:00,2024-04-06T22:00:00+00:00,2024-04-08T08:00:00+00:00,69040.6,67450.0,72221.80000000002,S1,2.0,TP,2.0,0.03472430529359978,1.9652756947064003,34,NONE,PASS,2024-04-06T20:00:00+00:00,68490.1,67450.0,68524.62030000001
A0-E1-S1-T2.0-60,A0,E1,TRAIN,LONG,2024-04-18T12:00:00+00:00,2024-04-18T11:00:00+00:00,2024-04-19T02:00:00+00:00,62563.0,59625.0,68439.0,S1,2.0,SL,-1.0,0.0170355343771273,-1.0170355343771273,15,NONE,PASS,2024-04-18T12:00:00+00:00,62194.8,59625.0,62226.0815
A0-E1-S1-T2.0-61,A0,E1,TRAIN,LONG,2024-04-20T16:00:00+00:00,2024-04-20T15:00:00+00:00,2024-04-23T15:00:00+00:00,64771.0,62910.0,68493.0,S1,2.0,TIME,0.8716818914562048,0.02784352498656636,0.8438383664696384,72,NONE,PASS,2024-04-20T16:00:00+00:00,64478.8,62910.0,64511.1855
A0-E1-S1-T2.0-62,A0,E1,TRAIN,LONG,2024-04-28T03:00:00+00:00,2024-04-28T02:00:00+00:00,2024-04-29T02:00:00+00:00,63919.4,62650.0,66458.20000000001,S1,2.0,SL,-1.0,0.04028322041909559,-1.0402832204190955,24,NONE,PASS,2024-04-28T00:00:00+00:00,63748.0,62650.0,63779.9597
A0-E1-S1-T2.0-63,A0,E1,TRAIN,LONG,2024-05-04T11:00:00+00:00,2024-05-04T10:00:00+00:00,2024-05-07T10:00:00+00:00,64393.6,61313.5,70553.79999999999,S1,2.0,TIME,-0.106003051848966,0.016725067367942607,-0.1227281192169086,72,NONE,PASS,2024-05-04T08:00:00+00:00,63555.5,61313.5,63587.6968
A0-E1-S1-T2.0-64,A0,E1,TRAIN,LONG,2024-05-11T16:00:00+00:00,2024-05-11T15:00:00+00:00,2024-05-13T08:00:00+00:00,61146.1,60416.6,62605.1,S1,2.0,TP,2.0,0.06705535298149418,1.9329446470185059,41,NONE,PASS,2024-05-11T16:00:00+00:00,61079.4,60416.6,61109.97305
A0-E1-S1-T2.0-65,A0,E1,TRAIN,LONG,2024-05-25T11:00:00+00:00,2024-05-25T10:00:00+00:00,2024-05-28T10:00:00+00:00,69397.6,67018.8,74155.20000000001,S1,2.0,TIME,-0.33222633260467543,0.023338691777366714,-0.3555650243820421,72,NONE,PASS,2024-05-25T08:00:00+00:00,69273.5,67018.8,69308.1988
A0-E1-S1-T2.0-66,A0,E1,TRAIN,SHORT,2024-05-31T10:00:00+00:00,2024-05-31T09:00:00+00:00,2024-06-03T09:00:00+00:00,67983.5,69568.9,64812.70000000001,S1,2.0,TIME,-0.6727008956730187,0.03430478112779122,-0.70700567680081,72,NONE,PASS,2024-05-31T08:00:00+00:00,69568.9,68068.8,68034.80825
A0-E1-S1-T2.0-67,A0,E1,TRAIN,LONG,2024-06-09T13:00:00+00:00,2024-06-09T12:00:00+00:00,2024-06-11T01:00:00+00:00,69734.7,69160.0,70884.09999999999,S1,2.0,SL,-1.0,0.09707283800243655,-1.0970728380024366,37,NONE,PASS,2024-06-09T12:00:00+00:00,69533.0,69160.0,69567.86735
A0-E1-S1-T2.0-68,A0,E1,TRAIN,LONG,2024-06-16T11:00:00+00:00,2024-06-16T10:00:00+00:00,2024-06-17T09:00:00+00:00,66696.1,65801.0,68486.30000000002,S1,2.0,SL,-1.0,0.05960996536699772,-1.0596099653669977,23,NONE,PASS,2024-06-16T08:00:00+00:00,66482.6,65801.0,66515.94805
A0-E1-S1-T2.0-69,A0,E1,TRAIN,SHORT,2024-06-23T15:00:00+00:00,2024-06-23T14:00:00+00:00,2024-06-23T23:00:00+00:00,64166.5,64500.0,63499.5,S1,2.0,TP,2.0,0.1539226386806597,1.8460773613193404,9,NONE,PASS,2024-06-23T12:00:00+00:00,64500.0,64200.2,64168.116749999994
A0-E1-S1-T2.0-70,A0,E1,TRAIN,LONG,2024-06-30T08:00:00+00:00,2024-06-30T07:00:00+00:00,2024-07-01T01:00:00+00:00,61533.6,60705.0,63190.799999999996,S1,2.0,TP,2.0,0.05940970311368584,1.9405902968863142,18,NONE,PASS,2024-06-30T08:00:00+00:00,61232.0,60705.0,61262.7668
A0-E1-S1-T2.0-71,A0,E1,TRAIN,SHORT,2024-07-07T14:00:00+00:00,2024-07-07T13:00:00+00:00,2024-07-10T04:00:00+00:00,56846.1,58472.0,53594.299999999996,S1,2.0,SL,-1.0,0.027970281075096845,-1.0279702810750968,63,NONE,PASS,2024-07-07T12:00:00+00:00,58472.0,57041.7,57013.27695
A0-E1-S1-T2.0-72,A0,E1,TRAIN,LONG,2024-07-11T11:00:00+00:00,2024-07-11T10:00:00+00:00,2024-07-12T01:00:00+00:00,58445.9,57030.0,61277.700000000004,S1,2.0,SL,-1.0,0.033022614591425914,-1.0330226145914259,15,NONE,PASS,2024-07-11T08:00:00+00:00,58380.0,57030.0,58409.22295
A0-E1-S1-T2.0-73,A0,E1,TRAIN,LONG,2024-07-12T16:00:00+00:00,2024-07-12T15:00:00+00:00,2024-07-15T01:00:00+00:00,58188.9,56500.1,61566.50000000001,S1,2.0,TP,2.0,0.02756461392704875,1.9724353860729513,58,NONE,PASS,2024-07-12T16:00:00+00:00,58000.0,56500.1,58029.09445
A0-E1-S1-T2.0-74,A0,E1,TRAIN,LONG,2024-07-20T18:00:00+00:00,2024-07-20T17:00:00+00:00,2024-07-21T18:00:00+00:00,67368.8,66159.1,69788.2,S1,2.0,SL,-1.0,0.044552401421840235,-1.0445524014218401,25,NONE,PASS,2024-07-20T16:00:00+00:00,67320.9,66159.1,67354.58439999999
A0-E1-S1-T2.0-75,A0,E1,TRAIN,LONG,2024-07-26T14:00:00+00:00,2024-07-26T13:00:00+00:00,2024-07-29T13:00:00+00:00,67862.7,64357.5,74873.09999999999,S1,2.0,TIME,0.3957263494237153,0.015488462855186593,0.38023788656852875,72,NONE,PASS,2024-07-26T12:00:00+00:00,67470.4,64357.5,67504.33135
A0-E1-S1-T2.0-76,A0,E1,TRAIN,SHORT,2024-08-11T16:00:00+00:00,2024-08-11T15:00:00+00:00,2024-08-14T15:00:00+00:00,60100.0,62000.0,56300.0,S1,2.0,TIME,0.3700526315789466,0.02530526315789474,0.34474736842105186,72,NONE,PASS,2024-08-11T16:00:00+00:00,62000.0,60140.0,60109.95
A0-E1-S1-T2.0-77,A0,E1,TRAIN,LONG,2024-08-18T03:00:00+00:00,2024-08-18T02:00:00+00:00,2024-08-18T23:00:00+00:00,60102.0,59024.6,62256.8,S1,2.0,SL,-1.0,0.044627436421013494,-1.0446274364210135,21,NONE,PASS,2024-08-18T00:00:00+00:00,59722.6,59024.6,59752.651
A0-E1-S1-T2.0-78,A0,E1,TRAIN,SHORT,2024-09-01T03:00:00+00:00,2024-09-01T02:00:00+00:00,2024-09-02T20:00:00+00:00,58513.1,59241.0,57057.299999999996,S1,2.0,SL,-1.0,0.0643089435361999,-1.0643089435361999,42,NONE,PASS,2024-09-01T00:00:00+00:00,59241.0,58700.0,58670.74345
A0-E1-S1-T2.0-79,A0,E1,TRAIN,LONG,2024-09-07T13:00:00+00:00,2024-09-07T12:00:00+00:00,2024-09-10T12:00:00+00:00,54544.3,52510.8,58611.3,S1,2.0,TIME,1.2908286206048656,0.02145829358249324,1.2693703270223724,72,NONE,PASS,2024-09-07T12:00:00+00:00,54472.8,52510.8,54500.07215
A0-E1-S1-T2.0-80,A0,E1,TRAIN,SHORT,2024-09-15T18:00:00+00:00,2024-09-15T17:00:00+00:00,2024-09-16T00:00:00+00:00,59789.9,60369.4,58630.9,S1,2.0,TP,2.0,0.08253998274374462,1.9174600172562555,7,NONE,PASS,2024-09-15T16:00:00+00:00,60369.4,59823.0,59793.10505
A0-E1-S1-T2.0-81,A0,E1,TRAIN,SHORT,2024-09-22T10:00:00+00:00,2024-09-22T09:00:00+00:00,2024-09-22T22:00:00+00:00,62670.1,63546.9,60916.49999999999,S1,2.0,SL,-1.0,0.05718074817518229,-1.0571807481751823,13,NONE,PASS,2024-09-22T08:00:00+00:00,63546.9,62801.2,62769.864949999996
A0-E1-S1-T2.0-82,A0,E1,TRAIN,LONG,2024-10-06T13:00:00+00:00,2024-10-06T12:00:00+00:00,2024-10-07T00:00:00+00:00,62191.3,61671.9,63230.100000000006,S1,2.0,TP,2.0,0.09578944936465127,1.9042105506353488,12,NONE,PASS,2024-10-06T12:00:00+00:00,62159.4,61671.9,62190.495650000004
A0-E1-S1-T2.0-83,A0,E1,TRAIN,LONG,2024-10-11T13:00:00+00:00,2024-10-11T12:00:00+00:00,2024-10-14T12:00:00+00:00,61349.9,58900.0,66249.70000000001,S1,2.0,TIME,1.4263439324054041,0.020033438099514255,1.40631049430589,72,NONE,PASS,2024-10-11T12:00:00+00:00,61228.9,58900.0,61259.57495
A0-E1-S1-T2.0-84,A0,E1,TRAIN,SHORT,2024-10-19T12:00:00+00:00,2024-10-19T11:00:00+00:00,2024-10-20T22:00:00+00:00,68071.6,69000.0,66214.80000000002,S1,2.0,SL,-1.0,0.05865713054717831,-1.0586571305471784,35,NONE,PASS,2024-10-19T12:00:00+00:00,69000.0,68173.4,68139.3642
A0-E1-S1-T2.0-85,A0,E1,TRAIN,LONG,2024-10-27T14:00:00+00:00,2024-10-27T13:00:00+00:00,2024-10-28T12:00:00+00:00,67590.6,66909.4,68953.00000000003,S1,2.0,TP,2.0,0.07937827363476084,1.9206217263652392,23,NONE,PASS,2024-10-27T12:00:00+00:00,67493.4,66909.4,67527.19529999999
A0-E1-S1-T2.0-86,A0,E1,TRAIN,SHORT,2024-11-03T03:00:00+00:00,2024-11-03T02:00:00+00:00,2024-11-05T14:00:00+00:00,68200.1,69846.2,64907.90000000002,S1,2.0,SL,-1.0,0.033145058015916586,-1.0331450580159165,60,NONE,PASS,2024-11-03T00:00:00+00:00,69846.2,68991.2,68957.09995
A0-E1-S1-T2.0-87,A0,E1,TRAIN,SHORT,2024-11-09T17:00:00+00:00,2024-11-09T16:00:00+00:00,2024-11-10T00:00:00+00:00,76065.9,77080.4,74036.9,S1,2.0,SL,-1.0,0.05998296697880729,-1.0599829669788072,8,NONE,PASS,2024-11-09T16:00:00+00:00,77080.4,76122.4,76084.36705
A0-E1-S1-T2.0-88,A0,E1,TRAIN,LONG,2024-11-15T22:00:00+00:00,2024-11-15T21:00:00+00:00,2024-11-18T21:00:00+00:00,91727.6,87111.0,100960.80000000002,S1,2.0,TIME,-0.08144521942555116,0.01589526491357274,-0.0973404843391239,72,NONE,PASS,2024-11-15T20:00:00+00:00,91499.0,87111.0,91544.8638
A0-E1-S1-T2.0-89,A0,E1,TRAIN,SHORT,2024-11-23T17:00:00+00:00,2024-11-23T16:00:00+00:00,2024-11-25T21:00:00+00:00,97751.5,99500.0,94254.5,S1,2.0,TP,2.0,0.044724735487560764,1.9552752645124392,53,NONE,PASS,2024-11-23T16:00:00+00:00,99500.0,98309.9,98261.02424999999
A0-E1-S1-T2.0-90,A0,E1,TRAIN,LONG,2024-11-29T03:00:00+00:00,2024-11-29T02:00:00+00:00,2024-12-02T02:00:00+00:00,96798.1,94700.1,100994.1,S1,2.0,TIME,0.4444709246901811,0.03691061963775025,0.4075603050524309,72,NONE,PASS,2024-11-29T00:00:00+00:00,96284.0,94700.1,96332.39905
A0-E1-S1-T2.0-91,A0,E1,TRAIN,SHORT,2024-12-08T09:00:00+00:00,2024-12-08T08:00:00+00:00,2024-12-08T13:00:00+00:00,99034.5,100497.5,96108.5,S1,2.0,SL,-1.0,0.0541542036910458,-1.0541542036910458,5,NONE,PASS,2024-12-08T08:00:00+00:00,100497.5,99101.7,99052.18274999999
A0-E1-S1-T2.0-92,A0,E1,TRAIN,LONG,2024-12-14T02:00:00+00:00,2024-12-14T01:00:00+00:00,2024-12-16T18:00:00+00:00,102112.9,99446.4,107445.9,S1,2.0,TP,2.0,0.030635784736546035,1.969364215263454,65,NONE,PASS,2024-12-14T00:00:00+00:00,101869.5,99446.4,101920.55645
A0-E1-S1-T2.0-93,A0,E1,TRAIN,SHORT,2024-12-22T05:00:00+00:00,2024-12-22T04:00:00+00:00,2024-12-24T18:00:00+00:00,96062.1,99137.5,89911.30000000002,S1,2.0,SL,-1.0,0.024988515315081016,-1.024988515315081,62,NONE,PASS,2024-12-22T04:00:00+00:00,99137.5,96375.0,96326.96895
A0-E1-S1-T2.0-94,A0,E1,TRAIN,SHORT,2024-12-29T15:00:00+00:00,2024-12-29T14:00:00+00:00,2024-12-30T14:00:00+00:00,94568.4,95700.0,92305.19999999998,S1,2.0,TP,2.0,0.06685641569459139,1.9331435843054086,24,NONE,PASS,2024-12-29T12:00:00+00:00,95700.0,94666.6,94619.31580000001
A0-E1-S1-T2.0-95,A0,E1,TRAIN,LONG,2025-01-04T21:00:00+00:00,2025-01-04T20:00:00+00:00,2025-01-05T14:00:00+00:00,98577.4,97438.2,100855.79999999999,S1,2.0,SL,-1.0,0.06922570224719118,-1.0692257022471912,18,NONE,PASS,2025-01-04T20:00:00+00:00,98334.6,97438.2,98383.88870000001
A0-E1-S1-T2.0-96,A0,E1,TRAIN,LONG,2025-01-11T22:00:00+00:00,2025-01-11T21:00:00+00:00,2025-01-12T09:00:00+00:00,94891.5,93802.1,97070.29999999999,S1,2.0,SL,-1.0,0.06968349550211163,-1.0696834955021117,12,NONE,PASS,2025-01-11T20:00:00+00:00,94757.9,93802.1,94805.34575
A0-E1-S1-T2.0-97,A0,E1,TRAIN,LONG,2025-01-12T16:00:00+00:00,2025-01-12T15:00:00+00:00,2025-01-13T06:00:00+00:00,95035.6,93661.1,97784.6,S1,2.0,SL,-1.0,0.05531355401964351,-1.0553135540196434,15,NONE,PASS,2025-01-12T16:00:00+00:00,94988.0,93661.1,95035.5178
A0-E1-S1-T2.0-98,A0,E1,TRAIN,SHORT,2025-01-26T23:00:00+00:00,2025-01-26T22:00:00+00:00,2025-01-27T00:00:00+00:00,104273.9,105496.9,101827.9,S1,2.0,TP,2.0,0.06820860179885527,1.9317913982011448,2,NONE,PASS,2025-01-26T20:00:00+00:00,105496.9,104358.3,104306.16305
A0-E1-S1-T2.0-99,A0,E1,TRAIN,SHORT,2025-01-31T03:00:00+00:00,2025-01-31T02:00:00+00:00,2025-02-02T03:00:00+00:00,104300.1,106450.0,100000.30000000002,S1,2.0,TP,2.0,0.038811144704404964,1.961188855295595,49,NONE,PASS,2025-01-31T00:00:00+00:00,106450.0,104356.1,104303.94995000001
A0-E1-S1-T2.0-100,A0,E1,TRAIN,LONG,2025-02-07T13:00:00+00:00,2025-02-07T12:00:00+00:00,2025-02-07T20:00:00+00:00,97917.3,95613.5,102524.90000000001,S1,2.0,SL,-1.0,0.03400201406372077,-1.0340020140637207,8,NONE,PASS,2025-02-07T12:00:00+00:00,97835.0,95613.5,97883.95865
A0-E1-S1-T2.0-101,A0,E1,TRAIN,LONG,2025-02-09T02:00:00+00:00,2025-02-09T01:00:00+00:00,2025-02-09T21:00:00+00:00,96934.6,95600.0,99603.80000000002,S1,2.0,SL,-1.0,0.058105559718267405,-1.0581055597182674,20,NONE,PASS,2025-02-09T00:00:00+00:00,96725.2,95600.0,96773.6673
A0-E1-S1-T2.0-102,A0,E1,TRAIN,SHORT,2025-02-16T08:00:00+00:00,2025-02-16T07:00:00+00:00,2025-02-17T05:00:00+00:00,97207.4,97899.8,95822.59999999998,S1,2.0,TP,2.0,0.11231357596764734,1.8876864240323528,22,NONE,PASS,2025-02-16T08:00:00+00:00,97899.8,97274.5,97225.8963
A0-E1-S1-T2.0-103,A0,E1,TRAIN,LONG,2025-02-21T14:00:00+00:00,2025-02-21T13:00:00+00:00,2025-02-21T15:00:00+00:00,99281.9,97495.3,102855.09999999998,S1,2.0,SL,-1.0,0.044456240904511585,-1.0444562409045115,2,NONE,PASS,2025-02-21T12:00:00+00:00,98922.7,97495.3,98972.34095
A0-E1-S1-T2.0-104,A0,E1,TRAIN,SHORT,2025-02-23T13:00:00+00:00,2025-02-23T12:00:00+00:00,2025-02-24T22:00:00+00:00,95691.6,96794.6,93485.6,S1,2.0,TP,2.0,0.06940460562103355,1.9305953943789664,34,NONE,PASS,2025-02-23T12:00:00+00:00,96794.6,96030.0,95982.1542
A0-E1-S1-T2.0-105,A0,E1,VALIDATION,LONG,2025-03-06T06:00:00+00:00,2025-03-06T05:00:00+00:00,2025-03-07T00:00:00+00:00,92708.0,87558.0,103008.0,S1,2.0,SL,-1.0,0.014401242718446604,-1.0144012427184466,19,NONE,PASS,2025-03-06T04:00:00+00:00,92400.0,87558.0,92446.354
A0-E1-S1-T2.0-106,A0,E1,VALIDATION,SHORT,2025-03-09T10:00:00+00:00,2025-03-09T09:00:00+00:00,2025-03-09T13:00:00+00:00,85533.0,86587.0,83425.0,S1,2.0,TP,2.0,0.06492068311195447,1.9350793168880456,4,NONE,PASS,2025-03-09T08:00:00+00:00,86587.0,85605.5,85562.7335
A0-E1-S1-T2.0-107,A0,E1,VALIDATION,SHORT,2025-03-09T17:00:00+00:00,2025-03-09T16:00:00+00:00,2025-03-12T16:00:00+00:00,82451.5,86470.6,74413.29999999999,S1,2.0,TIME,0.13174591326416343,0.016411933019830287,0.11533398024433314,72,NONE,PASS,2025-03-09T16:00:00+00:00,86470.6,82619.3,82578.07425
A0-E1-S1-T2.0-108,A0,E1,VALIDATION,LONG,2025-03-14T11:00:00+00:00,2025-03-14T10:00:00+00:00,2025-03-17T10:00:00+00:00,83000.0,79903.4,89193.20000000001,S1,2.0,TIME,0.09678356907575938,0.021442872828263217,0.07534069624749617,72,NONE,PASS,2025-03-14T08:00:00+00:00,82900.0,79903.4,82941.5
A0-E1-S1-T2.0-109,A0,E1,VALIDATION,LONG,2025-03-23T11:00:00+00:00,2025-03-23T10:00:00+00:00,2025-03-23T23:00:00+00:00,84427.7,83589.5,86104.09999999999,S1,2.0,TP,2.0,0.08058000477213104,1.919419995227869,13,NONE,PASS,2025-03-23T08:00:00+00:00,84324.1,83589.5,84366.31385
A0-E1-S1-T2.0-110,A0,E1,VALIDATION,SHORT,2025-04-05T14:00:00+00:00,2025-04-05T13:00:00+00:00,2025-04-06T18:00:00+00:00,82714.1,84580.0,78982.30000000002,S1,2.0,TP,2.0,0.03546346535184105,1.964536534648159,29,NONE,PASS,2025-04-05T12:00:00+00:00,84580.0,82915.3,82873.94295
A0-E1-S1-T2.0-111,A0,E1,VALIDATION,LONG,2025-04-11T10:00:00+00:00,2025-04-11T09:00:00+00:00,2025-04-14T09:00:00+00:00,82388.0,78416.0,90332.0,S1,2.0,TIME,0.5076535750251747,0.01659375629405841,0.4910598187311163,72,NONE,PASS,2025-04-11T08:00:00+00:00,81909.9,78416.0,81951.094
A0-E1-S1-T2.0-112,A0,E1,VALIDATION,SHORT,2025-04-15T20:00:00+00:00,2025-04-15T19:00:00+00:00,2025-04-18T19:00:00+00:00,83954.6,86443.0,78977.80000000002,S1,2.0,TIME,-0.23087124256550448,0.026990708889246172,-0.25786195145475066,72,NONE,PASS,2025-04-15T20:00:00+00:00,86443.0,84096.3,84054.3227
A0-E1-S1-T2.0-113,A0,E1,VALIDATION,LONG,2025-04-19T04:00:00+00:00,2025-04-19T03:00:00+00:00,2025-04-20T10:00:00+00:00,84845.3,84260.0,86015.90000000001,S1,2.0,SL,-1.0,0.11596828976593145,-1.1159682897659315,31,NONE,PASS,2025-04-19T04:00:00+00:00,84786.0,84260.0,84828.42265
A0-E1-S1-T2.0-114,A0,E1,VALIDATION,LONG,2025-04-25T12:00:00+00:00,2025-04-25T11:00:00+00:00,2025-04-28T11:00:00+00:00,94602.3,92625.0,98556.90000000001,S1,2.0,TIME,0.3407677135487796,0.03827534516765281,0.3024923683811268,72,NONE,PASS,2025-04-25T12:00:00+00:00,94409.5,92625.0,94456.80115
A0-E1-S1-T2.0-115,A0,E1,VALIDATION,SHORT,2025-05-03T07:00:00+00:00,2025-05-03T06:00:00+00:00,2025-05-06T06:00:00+00:00,96135.8,97865.4,92676.60000000002,S1,2.0,TIME,0.9665818686401546,0.04446614246068478,0.9221157261794698,72,NONE,PASS,2025-05-03T04:00:00+00:00,97865.4,96255.0,96206.9321
A0-E1-S1-T2.0-116,A0,E1,VALIDATION,SHORT,2025-05-15T06:00:00+00:00,2025-05-15T05:00:00+00:00,2025-05-16T02:00:00+00:00,102325.6,104319.0,98338.80000000002,S1,2.0,SL,-1.0,0.04106575699809383,-1.041065756998094,21,NONE,PASS,2025-05-15T04:00:00+00:00,104319.0,102536.0,102484.8372
A0-E1-S1-T2.0-117,A0,E1,VALIDATION,SHORT,2025-05-17T02:00:00+00:00,2025-05-17T01:00:00+00:00,2025-05-18T13:00:00+00:00,102778.4,104524.2,99286.79999999999,S1,2.0,SL,-1.0,0.04709744529728483,-1.0470974452972848,36,NONE,PASS,2025-05-17T00:00:00+00:00,104524.2,103036.1,102984.7108
A0-E1-S1-T2.0-118,A0,E1,VALIDATION,LONG,2025-05-18T15:00:00+00:00,2025-05-18T14:00:00+00:00,2025-05-19T04:00:00+00:00,105233.0,102851.5,109996.0,S1,2.0,SL,-1.0,0.03535015746378333,-1.0353501574637833,14,NONE,PASS,2025-05-18T12:00:00+00:00,104780.5,102851.5,104833.1165
A0-E1-S1-T2.0-119,A0,E1,VALIDATION,SHORT,2025-05-23T12:00:00+00:00,2025-05-23T11:00:00+00:00,2025-05-26T11:00:00+00:00,109033.2,111959.5,103180.59999999999,S1,2.0,TIME,-0.24040597341352538,0.029807798243515676,-0.2702137716570411,72,NONE,PASS,2025-05-23T12:00:00+00:00,111959.5,110351.5,110296.9834
A0-E1-S1-T2.0-120,A0,E1,VALIDATION,LONG,2025-06-01T17:00:00+00:00,2025-06-01T16:00:00+00:00,2025-06-02T13:00:00+00:00,104984.4,103704.1,107544.99999999997,S1,2.0,SL,-1.0,0.06559987502929061,-1.0655998750292905,21,NONE,PASS,2025-06-01T16:00:00+00:00,104859.3,103704.1,104911.7922
A0-E1-S1-T2.0-121,A0,E1,VALIDATION,LONG,2025-06-07T13:00:00+00:00,2025-06-07T12:00:00+00:00,2025-06-09T19:00:00+00:00,105402.9,103800.1,108608.49999999997,S1,2.0,TP,2.0,0.052609383578737595,1.9473906164212624,55,NONE,PASS,2025-06-07T12:00:00+00:00,105293.0,103800.1,105345.70145
A0-E1-S1-T2.0-122,A0,E1,VALIDATION,SHORT,2025-06-14T17:00:00+00:00,2025-06-14T16:00:00+00:00,2025-06-16T04:00:00+00:00,104400.8,106173.6,100855.2,S1,2.0,SL,-1.0,0.04711227436823097,-1.047112274368231,36,NONE,PASS,2025-06-14T16:00:00+00:00,106173.6,104570.0,104517.7996
A0-E1-S1-T2.0-123,A0,E1,VALIDATION,LONG,2025-06-20T08:00:00+00:00,2025-06-20T07:00:00+00:00,2025-06-20T14:00:00+00:00,105763.5,103870.3,109549.9,S1,2.0,SL,-1.0,0.04469195013733368,-1.0446919501373337,7,NONE,PASS,2025-06-20T08:00:00+00:00,104869.4,103870.3,104922.28175
A0-E1-S1-T2.0-124,A0,E1,VALIDATION,SHORT,2025-06-21T19:00:00+00:00,2025-06-21T18:00:00+00:00,2025-06-22T14:00:00+00:00,102620.8,103940.6,99981.2,S1,2.0,TP,2.0,0.06220384906804048,1.9377961509319594,20,NONE,PASS,2025-06-21T16:00:00+00:00,103940.6,102903.6,102852.2896
A0-E1-S1-T2.0-125,A0,E1,VALIDATION,LONG,2025-06-25T11:00:00+00:00,2025-06-25T10:00:00+00:00,2025-06-28T10:00:00+00:00,107068.6,104890.0,111425.80000000002,S1,2.0,TIME,0.06674010832644532,0.039316478472413374,0.027423629854031947,72,NONE,PASS,2025-06-25T08:00:00+00:00,106950.0,104890.0,107003.5343
A0-E1-S1-T2.0-126,A0,E1,VALIDATION,LONG,2025-06-29T09:00:00+00:00,2025-06-29T08:00:00+00:00,2025-06-30T14:00:00+00:00,107658.0,107039.8,108894.4,S1,2.0,SL,-1.0,0.13931802005823424,-1.1393180200582342,30,NONE,PASS,2025-06-29T08:00:00+00:00,107538.0,107039.8,107591.829
A0-E1-S1-T2.0-127,A0,E1,VALIDATION,LONG,2025-07-06T14:00:00+00:00,2025-07-06T13:00:00+00:00,2025-07-07T18:00:00+00:00,108713.2,107743.4,110652.8,S1,2.0,SL,-1.0,0.08967886162095251,-1.0896788616209525,29,NONE,PASS,2025-07-06T12:00:00+00:00,108211.0,107743.4,108265.3566
A0-E1-S1-T2.0-128,A0,E1,VALIDATION,LONG,2025-07-13T13:00:00+00:00,2025-07-13T12:00:00+00:00,2025-07-14T03:00:00+00:00,118382.1,116960.0,121226.30000000002,S1,2.0,TP,2.0,0.06659565431404235,1.9334043456859575,15,NONE,PASS,2025-07-13T12:00:00+00:00,118058.3,116960.0,118117.49105
A0-E1-S1-T2.0-129,A0,E1,VALIDATION,LONG,2025-07-20T14:00:00+00:00,2025-07-20T13:00:00+00:00,2025-07-20T22:00:00+00:00,118378.7,117245.9,120644.3,S1,2.0,SL,-1.0,0.08360077683615798,-1.083600776836158,9,NONE,PASS,2025-07-20T12:00:00+00:00,118261.6,117245.9,118320.78935
A0-E1-S1-T2.0-130,A0,E1,VALIDATION,LONG,2025-07-26T11:00:00+00:00,2025-07-26T10:00:00+00:00,2025-07-29T10:00:00+00:00,117954.3,114846.1,124170.7,S1,2.0,TIME,0.10292130493533057,0.030359513544816967,0.07256179139051361,72,NONE,PASS,2025-07-26T08:00:00+00:00,117740.6,114846.1,117799.57715000001
A0-E1-S1-T2.0-131,A0,E1,VALIDATION,LONG,2025-08-03T11:00:00+00:00,2025-08-03T10:00:00+00:00,2025-08-06T10:00:00+00:00,113846.0,111850.0,117838.0,S1,2.0,TIME,0.08677354709418691,0.04562965931863728,0.041143887775549635,72,NONE,PASS,2025-08-03T08:00:00+00:00,113749.7,111850.0,113806.62299999999
A0-E1-S1-T2.0-132,A0,E1,VALIDATION,LONG,2025-08-09T10:00:00+00:00,2025-08-09T09:00:00+00:00,2025-08-11T02:00:00+00:00,117473.3,115850.0,120719.90000000001,S1,2.0,TP,2.0,0.057893574816731255,1.9421064251832687,41,NONE,PASS,2025-08-09T08:00:00+00:00,117229.9,115850.0,117288.63665
A0-E1-S1-T2.0-133,A0,E1,VALIDATION,LONG,2025-08-17T05:00:00+00:00,2025-08-17T04:00:00+00:00,2025-08-18T00:00:00+00:00,118023.5,117089.7,119891.1,S1,2.0,SL,-1.0,0.10111244377811063,-1.1011124437781106,20,NONE,PASS,2025-08-17T04:00:00+00:00,117786.0,117089.7,117845.01175
A0-E1-S1-T2.0-134,A0,E1,VALIDATION,SHORT,2025-08-23T12:00:00+00:00,2025-08-23T11:00:00+00:00,2025-08-24T19:00:00+00:00,115266.7,117397.4,111005.3,S1,2.0,TP,2.0,0.04327843431736055,1.9567215656826396,32,NONE,PASS,2025-08-23T12:00:00+00:00,117397.4,115414.3,115356.66665
A0-E1-S1-T2.0-135,A0,E1,VALIDATION,SHORT,2025-08-29T02:00:00+00:00,2025-08-29T01:00:00+00:00,2025-08-29T21:00:00+00:00,111425.0,113429.0,107417.0,S1,2.0,TP,2.0,0.044481037924151694,1.9555189620758484,20,NONE,PASS,2025-08-29T00:00:00+00:00,113429.0,111829.4,111773.6875
A0-E1-S1-T2.0-136,A0,E1,VALIDATION,LONG,2025-08-30T16:00:00+00:00,2025-08-30T15:00:00+00:00,2025-09-01T04:00:00+00:00,108809.8,107281.0,111867.40000000001,S1,2.0,SL,-1.0,0.056938670852956466,-1.0569386708529565,37,NONE,PASS,2025-08-30T16:00:00+00:00,108742.9,107281.0,108797.30489999999
A0-E1-S1-T2.0-137,A0,E1,VALIDATION,LONG,2025-09-05T07:00:00+00:00,2025-09-05T06:00:00+00:00,2025-09-08T06:00:00+00:00,111860.0,109269.1,117041.79999999999,S1,2.0,TIME,-0.3055308965996401,0.03453934926087468,-0.3400702458605148,72,NONE,PASS,2025-09-05T04:00:00+00:00,111743.8,109269.1,111799.73
A0-E1-S1-T2.0-138,A0,E1,VALIDATION,SHORT,2025-09-13T17:00:00+00:00,2025-09-13T16:00:00+00:00,2025-09-15T06:00:00+00:00,115286.6,116561.0,112737.80000000002,S1,2.0,SL,-1.0,0.07237074701820498,-1.072370747018205,38,NONE,PASS,2025-09-13T16:00:00+00:00,116561.0,115500.1,115442.45670000001
A0-E1-S1-T2.0-139,A0,E1,VALIDATION,SHORT,2025-09-19T13:00:00+00:00,2025-09-19T12:00:00+00:00,2025-09-22T06:00:00+00:00,116124.1,117875.2,112621.90000000002,S1,2.0,TP,2.0,0.05305195591342611,1.9469480440865738,66,NONE,PASS,2025-09-19T12:00:00+00:00,117875.2,116250.7,116192.63795
A0-E1-S1-T2.0-140,A0,E1,VALIDATION,LONG,2025-09-28T16:00:00+00:00,2025-09-28T15:00:00+00:00,2025-09-28T22:00:00+00:00,109990.0,109136.5,111697.0,S1,2.0,TP,2.0,0.103095489162273,1.896904510837727,7,NONE,PASS,2025-09-28T16:00:00+00:00,109842.9,109136.5,109897.89499999999
A0-E1-S1-T2.0-141,A0,E1,VALIDATION,SHORT,2025-10-14T04:00:00+00:00,2025-10-14T03:00:00+00:00,2025-10-16T15:00:00+00:00,113441.0,115827.6,108667.79999999999,S1,2.0,TP,2.0,0.038025978379284245,1.9619740216207158,60,NONE,PASS,2025-10-14T04:00:00+00:00,115827.6,113566.1,113509.37950000001
A0-E1-S1-T2.0-142,A0,E1,VALIDATION,LONG,2025-10-25T13:00:00+00:00,2025-10-25T12:00:00+00:00,2025-10-27T07:00:00+00:00,111871.5,109752.8,116108.9,S1,2.0,TP,2.0,0.04224156322273098,1.9577584367772691,43,NONE,PASS,2025-10-25T12:00:00+00:00,111789.4,109752.8,111845.33575
A0-E1-S1-T2.0-143,A0,E1,VALIDATION,LONG,2025-11-02T05:00:00+00:00,2025-11-02T04:00:00+00:00,2025-11-02T22:00:00+00:00,110624.8,109654.5,112565.40000000001,S1,2.0,SL,-1.0,0.0912087395650827,-1.0912087395650827,18,NONE,PASS,2025-11-02T04:00:00+00:00,110487.0,109654.5,110542.3124
A0-E1-S1-T2.0-144,A0,E1,VALIDATION,LONG,2025-11-09T14:00:00+00:00,2025-11-09T13:00:00+00:00,2025-11-10T00:00:00+00:00,102877.9,101300.0,106033.69999999998,S1,2.0,TP,2.0,0.05215940173648539,1.9478405982635145,11,NONE,PASS,2025-11-09T12:00:00+00:00,102443.9,101300.0,102495.33894999999
A0-E1-S1-T2.0-145,A0,E1,VALIDATION,LONG,2025-11-16T10:00:00+00:00,2025-11-16T09:00:00+00:00,2025-11-16T15:00:00+00:00,96597.4,94800.0,100192.19999999998,S1,2.0,SL,-1.0,0.042994280627573295,-1.0429942806275734,6,NONE,PASS,2025-11-16T08:00:00+00:00,96439.6,94800.0,96487.8987
A0-E1-S1-T2.0-146,A0,E1,VALIDATION,SHORT,2025-11-16T17:00:00+00:00,2025-11-16T16:00:00+00:00,2025-11-18T04:00:00+00:00,94185.4,96600.0,89356.19999999998,S1,2.0,TP,2.0,0.031205301085065775,1.9687946989149343,36,NONE,PASS,2025-11-16T16:00:00+00:00,96600.0,94300.0,94252.9073
A0-E1-S1-T2.0-147,A0,E1,VALIDATION,LONG,2025-11-23T02:00:00+00:00,2025-11-23T01:00:00+00:00,2025-11-26T01:00:00+00:00,85837.5,83456.0,90600.5,S1,2.0,TIME,0.8571068654209519,0.02883476800335923,0.8282720974175927,72,NONE,PASS,2025-11-23T00:00:00+00:00,85286.8,83456.0,85329.71875
A0-E1-S1-T2.0-148,A0,E1,VALIDATION,LONG,2025-11-30T14:00:00+00:00,2025-11-30T13:00:00+00:00,2025-12-01T00:00:00+00:00,91726.9,90092.7,94995.29999999999,S1,2.0,SL,-1.0,0.04490363480602137,-1.0449036348060214,11,NONE,PASS,2025-11-30T12:00:00+00:00,91580.0,90092.7,91625.86345
A0-E1-S1-T2.0-149,A0,E1,VALIDATION,SHORT,2025-12-05T14:00:00+00:00,2025-12-05T13:00:00+00:00,2025-12-08T13:00:00+00:00,90433.6,92676.8,85947.20000000001,S1,2.0,TIME,-0.44151212553494806,0.032251640513552116,-0.4737637660485002,72,NONE,PASS,2025-12-05T12:00:00+00:00,92676.8,90822.5,90777.2832
A0-E1-S1-T2.0-150,A0,E1,VALIDATION,SHORT,2025-12-14T12:00:00+00:00,2025-12-14T11:00:00+00:00,2025-12-15T15:00:00+00:00,89308.2,90440.0,87044.59999999999,S1,2.0,TP,2.0,0.06312648877893605,1.936873511221064,28,NONE,PASS,2025-12-14T12:00:00+00:00,90440.0,89711.9,89667.2459
A0-E1-S1-T2.0-151,A0,E1,OOS,LONG,2025-12-21T09:00:00+00:00,2025-12-21T08:00:00+00:00,2025-12-21T13:00:00+00:00,88509.0,87698.5,90130.0,S1,2.0,SL,-1.0,0.08736236890808144,-1.0873623689080814,5,NONE,PASS,2025-12-21T08:00:00+00:00,88434.9,87698.5,88479.15449999999
A0-E1-S1-T2.0-152,A0,E1,OOS,LONG,2025-12-25T16:00:00+00:00,2025-12-25T15:00:00+00:00,2025-12-25T23:00:00+00:00,88338.9,87219.0,90578.69999999998,S1,2.0,SL,-1.0,0.06310484864720098,-1.063104848647201,8,NONE,PASS,2025-12-25T16:00:00+00:00,88033.3,87219.0,88077.46945
A0-E1-S1-T2.0-153,A0,E1,OOS,LONG,2026-01-01T18:00:00+00:00,2026-01-01T17:00:00+00:00,2026-01-02T10:00:00+00:00,88281.3,87508.4,89827.10000000002,S1,2.0,TP,2.0,0.09137668521153994,1.9086233147884601,17,NONE,PASS,2026-01-01T16:00:00+00:00,88079.3,87508.4,88123.44065
A0-E1-S1-T2.0-154,A0,E1,OOS,LONG,2026-01-11T13:00:00+00:00,2026-01-11T12:00:00+00:00,2026-01-11T20:00:00+00:00,90889.3,90358.5,91950.90000000001,S1,2.0,SL,-1.0,0.13698462697814545,-1.1369846269781454,8,NONE,PASS,2026-01-11T12:00:00+00:00,90818.0,90358.5,90863.44465
A0-E1-S1-T2.0-155,A0,E1,OOS,SHORT,2026-01-16T16:00:00+00:00,2026-01-16T15:00:00+00:00,2026-01-19T00:00:00+00:00,94537.5,95901.6,91809.29999999999,S1,2.0,TP,2.0,0.05544314932922783,1.9445568506707722,57,NONE,PASS,2026-01-16T16:00:00+00:00,95901.6,95080.0,95032.73125
A0-E1-S1-T2.0-156,A0,E1,OOS,SHORT,2026-01-25T04:00:00+00:00,2026-01-25T03:00:00+00:00,2026-01-25T18:00:00+00:00,88920.0,89667.6,87424.79999999999,S1,2.0,TP,2.0,0.095152487961476,1.904847512038524,15,NONE,PASS,2026-01-25T04:00:00+00:00,89667.6,89025.3,88980.84
A0-E1-S1-T2.0-157,A0,E1,OOS,SHORT,2026-02-03T15:00:00+00:00,2026-02-03T14:00:00+00:00,2026-02-03T18:00:00+00:00,77164.5,79163.0,73167.5,S1,2.0,TP,2.0,0.030888966725043782,1.9691110332749562,4,NONE,PASS,2026-02-03T12:00:00+00:00,79163.0,77566.5,77527.91775
A0-E1-S1-T2.0-158,A0,E1,OOS,LONG,2026-02-08T09:00:00+00:00,2026-02-08T08:00:00+00:00,2026-02-11T04:00:00+00:00,70624.5,67870.2,76133.1,S1,2.0,SL,-1.0,0.02051323385252149,-1.0205132338525216,68,NONE,PASS,2026-02-08T08:00:00+00:00,70000.0,67870.2,70035.31225
A0-E1-S1-T2.0-159,A0,E1,OOS,SHORT,2026-02-11T07:00:00+00:00,2026-02-11T06:00:00+00:00,2026-02-14T06:00:00+00:00,66788.0,69957.9,60448.20000000001,S1,2.0,TIME,-0.6647843780560923,0.01685554749361182,-0.6816399255497041,72,NONE,PASS,2026-02-11T04:00:00+00:00,69957.9,67320.0,67286.606
A0-E1-S1-T2.0-160,A0,E1,OOS,LONG,2026-02-14T09:00:00+00:00,2026-02-14T08:00:00+00:00,2026-02-17T08:00:00+00:00,69707.3,66823.6,75474.7,S1,2.0,TIME,-0.5435031383292314,0.0193382945521379,-0.5628414328813692,72,NONE,PASS,2026-02-14T08:00:00+00:00,69473.7,66823.6,69508.55365
A0-E1-S1-T2.0-161,A0,E1,OOS,LONG,2026-02-20T06:00:00+00:00,2026-02-20T05:00:00+00:00,2026-02-23T01:00:00+00:00,67756.0,65595.7,72076.6,S1,2.0,SL,-1.0,0.025091329907883132,-1.0250913299078832,68,NONE,PASS,2026-02-20T04:00:00+00:00,67490.0,65595.7,67523.878
A0-E1-S1-T2.0-162,A0,E1,OOS,SHORT,2026-03-06T13:00:00+00:00,2026-03-06T12:00:00+00:00,2026-03-08T22:00:00+00:00,69895.2,71620.6,66444.39999999998,S1,2.0,TP,2.0,0.032407650399907104,1.9675923496000929,58,NONE,PASS,2026-03-06T12:00:00+00:00,71620.6,70100.0,70065.0524
A0-E1-S1-T2.0-163,A0,E1,OOS,LONG,2026-03-13T11:00:00+00:00,2026-03-13T10:00:00+00:00,2026-03-16T10:00:00+00:00,72421.2,69303.8,78655.99999999999,S1,2.0,TIME,0.42480913581831187,0.018585025983191155,0.4062241098351207,72,NONE,PASS,2026-03-13T08:00:00+00:00,72156.4,69303.8,72192.6106
A0-E1-S1-T2.0-164,A0,E1,OOS,LONG,2026-03-20T09:00:00+00:00,2026-03-20T08:00:00+00:00,2026-03-21T23:00:00+00:00,71000.4,68750.0,75501.19999999998,S1,2.0,SL,-1.0,0.02524009953786,-1.02524009953786,39,NONE,PASS,2026-03-20T08:00:00+00:00,70944.9,68750.0,70980.40019999999
A0-E1-S1-T2.0-165,A0,E1,OOS,SHORT,2026-03-26T12:00:00+00:00,2026-03-26T11:00:00+00:00,2026-03-29T11:00:00+00:00,69239.3,71742.2,64233.500000000015,S1,2.0,TIME,0.9822605777298357,0.02213090415118468,0.960129673578651,72,NONE,PASS,2026-03-26T12:00:00+00:00,71742.2,69366.0,69331.38035
A0-E1-S1-T2.0-166,A0,E1,OOS,LONG,2026-04-04T11:00:00+00:00,2026-04-04T10:00:00+00:00,2026-04-05T06:00:00+00:00,67139.1,66600.0,68217.30000000002,S1,2.0,SL,-1.0,0.09963138564273684,-1.0996313856427369,20,NONE,PASS,2026-04-04T08:00:00+00:00,67046.1,66600.0,67079.66955
A0-E1-S1-T2.0-167,A0,E1,OOS,LONG,2026-04-11T19:00:00+00:00,2026-04-11T18:00:00+00:00,2026-04-12T01:00:00+00:00,73515.9,72451.9,75643.9,S1,2.0,SL,-1.0,0.055275112781954884,-1.0552751127819548,7,NONE,PASS,2026-04-11T16:00:00+00:00,73213.4,72451.9,73250.15795
A0-E1-S1-T2.0-168,A0,E1,OOS,SHORT,2026-04-12T13:00:00+00:00,2026-04-12T12:00:00+00:00,2026-04-13T22:00:00+00:00,71050.1,73773.4,65603.50000000003,S1,2.0,SL,-1.0,0.020871765872287392,-1.0208717658722875,34,NONE,PASS,2026-04-12T12:00:00+00:00,73773.4,71259.0,71223.47495
A0-E1-S1-T2.0-169,A0,E1,OOS,SHORT,2026-04-18T11:00:00+00:00,2026-04-18T10:00:00+00:00,2026-04-21T10:00:00+00:00,76150.0,78300.0,71850.0,S1,2.0,TIME,-0.2567906976744213,0.028334883720930234,-0.28512558139535155,72,NONE,PASS,2026-04-18T08:00:00+00:00,78300.0,76357.1,76319.02500000001
A0-E1-S1-T2.0-170,A0,E1,OOS,LONG,2026-04-26T06:00:00+00:00,2026-04-26T05:00:00+00:00,2026-04-27T15:00:00+00:00,77949.4,77100.0,79648.19999999998,S1,2.0,SL,-1.0,0.0734159642100311,-1.0734159642100312,34,NONE,PASS,2026-04-26T04:00:00+00:00,77847.0,77100.0,77885.9747
A0-E1-S1-T2.0-171,A0,E1,OOS,LONG,2026-05-02T22:00:00+00:00,2026-05-02T21:00:00+00:00,2026-05-04T02:00:00+00:00,78689.8,77979.3,80110.8,S1,2.0,TP,2.0,0.08860216748768474,1.9113978325123153,29,NONE,PASS,2026-05-02T20:00:00+00:00,78565.9,77979.3,78605.24489999999
A0-E1-S1-T2.0-172,A0,E1,OOS,LONG,2026-05-10T16:00:00+00:00,2026-05-10T15:00:00+00:00,2026-05-10T20:00:00+00:00,81381.4,80533.7,83076.79999999999,S1,2.0,SL,-1.0,0.07680207620620529,-1.0768020762062054,5,NONE,PASS,2026-05-10T16:00:00+00:00,80980.0,80533.7,81020.6907
A0-E1-S1-T2.0-173,A0,E1,OOS,SHORT,2026-05-16T08:00:00+00:00,2026-05-16T07:00:00+00:00,2026-05-19T07:00:00+00:00,78334.3,80716.9,73569.10000000002,S1,2.0,TIME,0.47590867119953534,0.026302123730378678,0.4496065474691567,72,NONE,PASS,2026-05-16T08:00:00+00:00,80716.9,78393.9,78354.73285
A0-E1-S1-T2.0-174,A0,E1,OOS,SHORT,2026-05-22T15:00:00+00:00,2026-05-22T14:00:00+00:00,2026-05-23T07:00:00+00:00,76734.6,77890.0,74423.80000000002,S1,2.0,TP,2.0,0.05313110611043822,1.9468688938895617,17,NONE,PASS,2026-05-22T12:00:00+00:00,77890.0,77085.5,77047.1327
A0-E1-S1-T2.0-175,A0,E1,OOS,SHORT,2026-05-31T15:00:00+00:00,2026-05-31T14:00:00+00:00,2026-06-01T11:00:00+00:00,73570.3,74250.0,72210.90000000001,S1,2.0,TP,2.0,0.08659149624834524,1.9134085037516548,21,NONE,PASS,2026-05-31T12:00:00+00:00,74250.0,73701.0,73664.21485
A0-E1-S1-T2.0-176,A0,E1,OOS,LONG,2026-06-07T05:00:00+00:00,2026-06-07T04:00:00+00:00,2026-06-10T04:00:00+00:00,61854.1,60146.0,65270.299999999996,S1,2.0,TIME,-0.34219308003044346,0.02896977928692702,-0.3711628593173705,72,NONE,PASS,2026-06-07T04:00:00+00:00,61763.9,60146.0,61794.82705
A0-E1-S1-T2.0-177,A0,E1,OOS,LONG,2026-06-11T11:00:00+00:00,2026-06-11T10:00:00+00:00,2026-06-14T10:00:00+00:00,63120.3,61068.6,67223.70000000001,S1,2.0,TIME,0.6653506847979703,0.024611902324901253,0.640738782473069,72,NONE,PASS,2026-06-11T08:00:00+00:00,63043.1,61068.6,63074.660149999996
A0-E1-S1-T2.0-178,A0,E1,OOS,SHORT,2026-06-14T18:00:00+00:00,2026-06-14T17:00:00+00:00,2026-06-14T21:00:00+00:00,63706.1,64738.0,61642.299999999996,S1,2.0,SL,-1.0,0.04938935943405362,-1.0493893594340535,4,NONE,PASS,2026-06-14T16:00:00+00:00,64738.0,63830.0,63798.14695
A0-E1-S1-T2.0-179,A0,E1,OOS,LONG,2026-06-20T00:00:00+00:00,2026-06-19T23:00:00+00:00,2026-06-22T23:00:00+00:00,63512.6,62237.2,66063.4,S1,2.0,TIME,0.3744707542731676,0.0398385447702681,0.3346322095028995,72,NONE,PASS,2026-06-20T00:00:00+00:00,63410.3,62237.2,63442.056300000004
A0-E1-S1-T2.0-180,A0,E1,OOS,LONG,2026-06-27T16:00:00+00:00,2026-06-27T15:00:00+00:00,2026-06-28T16:00:00+00:00,60817.2,59556.0,63339.59999999999,S1,2.0,SL,-1.0,0.038577354900095236,-1.0385773549000952,25,NONE,PASS,2026-06-27T16:00:00+00:00,60697.6,59556.0,60728.0086
A0-E1-S1-T2.0-181,A0,E1,OOS,LONG,2026-07-03T21:00:00+00:00,2026-07-03T20:00:00+00:00,2026-07-06T20:00:00+00:00,62759.3,61229.0,65819.90000000001,S1,2.0,TIME,0.6787557995164315,0.032808887146311125,0.6459469123701204,72,NONE,PASS,2026-07-03T20:00:00+00:00,62386.7,61229.0,62418.07965
A0-E1-S1-T2.0-182,A0,E1,OOS,LONG,2026-07-11T15:00:00+00:00,2026-07-11T14:00:00+00:00,2026-07-12T06:00:00+00:00,64321.0,63619.9,65723.2,S1,2.0,SL,-1.0,0.07339438025959222,-1.0733943802595922,16,NONE,PASS,2026-07-11T12:00:00+00:00,64288.7,63619.9,64320.860499999995
A0-E1-S1-T2.0-183,A0,E1,OOS,LONG,2026-07-18T17:00:00+00:00,2026-07-18T16:00:00+00:00,2026-07-20T06:00:00+00:00,64278.2,63859.6,65115.399999999994,S1,2.0,SL,-1.0,0.12284414715719105,-1.122844147157191,38,NONE,PASS,2026-07-18T16:00:00+00:00,64237.7,63859.6,64269.8391
A0-E1-S1-T2.0-184,A0,E1,OOS,LONG,2026-07-25T19:00:00+00:00,2026-07-25T18:00:00+00:00,2026-07-27T06:00:00+00:00,64391.4,63760.5,65653.20000000001,S1,2.0,TP,2.0000000000000115,0.08165021398002835,1.9183497860199832,36,NONE,PASS,2026-07-25T16:00:00+00:00,64330.2,63760.5,64362.395699999994
A0-E1-S1-T2.0-185,A0,E1,OOS,SHORT,2026-07-31T10:00:00+00:00,2026-07-31T09:00:00+00:00,2026-08-03T09:00:00+00:00,63689.0,65391.3,60284.399999999994,S1,2.0,TIME,0.5187099806144619,0.02993079950654991,0.488779181107912,72,NONE,PASS,2026-07-31T08:00:00+00:00,65391.3,63777.7,63745.8555
A0-E1-S1-T2.0-186,A0,E1,OOS,LONG,2026-08-07T12:00:00+00:00,2026-08-07T11:00:00+00:00,2026-08-10T11:00:00+00:00,64996.1,64128.3,66731.69999999998,S1,2.0,TIME,0.1169624337404938,0.05991804563263455,0.057044388107859244,72,NONE,PASS,2026-08-07T12:00:00+00:00,64962.0,64128.3,64994.49805
A0-E1-S1-T2.0-187,A0,E1,OOS,LONG,2026-08-16T17:00:00+00:00,2026-08-16T16:00:00+00:00,2026-08-16T21:00:00+00:00,63232.7,62928.5,63841.09999999999,S1,2.0,SL,-1.0,0.16629243918474845,-1.1662924391847485,5,NONE,PASS,2026-08-16T16:00:00+00:00,63141.6,62928.5,63173.216349999995
A0-E1-S1-T2.0-188,A0,E1,OOS,SHORT,2026-08-23T06:00:00+00:00,2026-08-23T05:00:00+00:00,2026-08-23T13:00:00+00:00,76064.9,77590.6,73013.49999999997,S1,2.0,SL,-1.0,0.039884590679687706,-1.0398845906796876,8,NONE,PASS,2026-08-23T04:00:00+00:00,77590.6,76425.4,76387.36755
A0-E1-S1-T2.0-189,A0,E1,OOS,LONG,2026-08-27T09:00:00+00:00,2026-08-27T08:00:00+00:00,2026-08-28T16:00:00+00:00,79722.8,77600.0,83968.40000000001,S1,2.0,SL,-1.0,0.03004439419634441,-1.0300443941963444,32,NONE,PASS,2026-08-27T08:00:00+00:00,79138.7,77600.0,79178.56139999999
A0-E1-S1-T2.0-190,A0,E1,OOS,LONG,2026-08-29T15:00:00+00:00,2026-08-29T14:00:00+00:00,2026-08-30T23:00:00+00:00,77979.2,77210.8,79515.99999999999,S1,2.0,SL,-1.0,0.0811860489328481,-1.0811860489328482,33,NONE,PASS,2026-08-29T12:00:00+00:00,77920.0,77210.8,77958.9896
A0-E1-S1-T2.0-191,A0,E1,OOS,LONG,2026-09-05T17:00:00+00:00,2026-09-05T16:00:00+00:00,2026-09-06T14:00:00+00:00,80001.5,79405.2,81194.1,S1,2.0,SL,-1.0,0.10733053831963724,-1.1073305383196372,22,NONE,PASS,2026-09-05T16:00:00+00:00,79825.5,79405.2,79865.50075
A0-E1-S1-T2.0-192,A0,E1,OOS,SHORT,2026-09-13T09:00:00+00:00,2026-09-13T08:00:00+00:00,2026-09-14T02:00:00+00:00,76767.8,77477.4,75348.60000000002,S1,2.0,SL,-1.0,0.08654768883878348,-1.0865476888387835,18,NONE,PASS,2026-09-13T08:00:00+00:00,77477.4,77003.4,76965.0161
A0-E1-S1-T2.0-193,A0,E1,OOS,LONG,2026-09-18T08:00:00+00:00,2026-09-18T07:00:00+00:00,2026-09-18T19:00:00+00:00,77776.1,75975.0,81378.30000000002,S1,2.0,TP,2.0,0.034546044084170675,1.9654539559158293,12,NONE,PASS,2026-09-18T08:00:00+00:00,77682.0,75975.0,77720.88805
A0-E1-S1-T2.0-194,A0,E1,OOS,SHORT,2026-09-20T03:00:00+00:00,2026-09-20T02:00:00+00:00,2026-09-21T01:00:00+00:00,80310.0,81933.9,77062.20000000001,S1,2.0,SL,-1.0,0.039564012562350044,-1.03956401256235,23,NONE,PASS,2026-09-20T00:00:00+00:00,81933.9,80875.0,80834.845
A0-E1-S1-T2.0-195,A0,E1,OOS,LONG,2026-09-27T08:00:00+00:00,2026-09-27T07:00:00+00:00,2026-09-28T01:00:00+00:00,84751.2,83778.4,86696.8,S1,2.0,SL,-1.0,0.06969671052631558,-1.0696967105263155,18,NONE,PASS,2026-09-27T08:00:00+00:00,84640.0,83778.4,84682.3756
A1-E1-S1-T2.0-1,A1,E1,TRAIN,LONG,2022-10-16T20:00:00+00:00,2022-10-16T19:00:00+00:00,2022-10-19T19:00:00+00:00,19369.9,18966.0,20177.700000000004,S1,2.0,TIME,-0.36221837088388803,0.03836573409259705,-0.40058410497648506,72,NONE,PASS,2022-10-16T20:00:00+00:00,19188.0,18966.0,19197.68495
A1-E1-S1-T2.0-2,A1,E1,TRAIN,SHORT,2022-10-30T17:00:00+00:00,2022-10-30T16:00:00+00:00,2022-11-02T16:00:00+00:00,20592.4,20925.2,19926.800000000003,S1,2.0,TIME,0.23798076923077194,0.04950096153846165,0.1884798076923103,72,NONE,PASS,2022-10-30T16:00:00+00:00,20925.2,20607.1,20596.803799999998
A1-E1-S1-T2.0-3,A1,E1,TRAIN,SHORT,2022-11-06T06:00:00+00:00,2022-11-06T05:00:00+00:00,2022-11-07T08:00:00+00:00,21145.3,21426.0,20583.899999999998,S1,2.0,TP,2.0,0.06026448165301018,1.9397355183469898,27,NONE,PASS,2022-11-06T04:00:00+00:00,21426.0,21162.2,21151.627350000002
A1-E1-S1-T2.0-4,A1,E1,TRAIN,SHORT,2022-11-13T10:00:00+00:00,2022-11-13T09:00:00+00:00,2022-11-14T13:00:00+00:00,16534.1,16996.0,15610.299999999996,S1,2.0,SL,-1.0,0.02863667460489274,-1.0286366746048927,28,NONE,PASS,2022-11-13T08:00:00+00:00,16996.0,16550.0,16541.73295
A1-E1-S1-T2.0-5,A1,E1,TRAIN,LONG,2022-11-18T01:00:00+00:00,2022-11-18T00:00:00+00:00,2022-11-20T21:00:00+00:00,16938.6,16403.3,18009.199999999997,S1,2.0,SL,-1.0,0.025314552587334237,-1.0253145525873342,69,NONE,PASS,2022-11-18T00:00:00+00:00,16740.0,16403.3,16748.4693
A1-E1-S1-T2.0-6,A1,E1,TRAIN,SHORT,2022-11-25T05:00:00+00:00,2022-11-25T04:00:00+00:00,2022-11-26T01:00:00+00:00,16381.9,16669.6,15806.500000000002,S1,2.0,SL,-1.0,0.04555272853667031,-1.0455527285366704,21,NONE,PASS,2022-11-25T04:00:00+00:00,16669.6,16450.0,16441.80905
A1-E1-S1-T2.0-7,A1,E1,TRAIN,SHORT,2022-11-28T00:00:00+00:00,2022-11-27T23:00:00+00:00,2022-11-28T02:00:00+00:00,16422.6,16594.2,16079.399999999994,S1,2.0,TP,2.0,0.07656223776223678,1.9234377622377632,3,NONE,PASS,2022-11-28T00:00:00+00:00,16594.2,16505.5,16497.2887
A1-E1-S1-T2.0-8,A1,E1,TRAIN,LONG,2022-12-10T16:00:00+00:00,2022-12-10T15:00:00+00:00,2022-12-12T00:00:00+00:00,17200.3,17052.0,17496.899999999998,S1,2.0,SL,-1.0,0.09278651382333154,-1.0927865138233315,33,NONE,PASS,2022-12-10T16:00:00+00:00,17185.7,17052.0,17194.30015
A1-E1-S1-T2.0-9,A1,E1,TRAIN,SHORT,2022-12-31T23:00:00+00:00,2022-12-31T22:00:00+00:00,2023-01-02T03:00:00+00:00,16515.1,16640.0,16265.299999999996,S1,2.0,SL,-1.0,0.10578126501200838,-1.1057812650120085,29,NONE,PASS,2022-12-31T20:00:00+00:00,16640.0,16530.0,16521.74245
A1-E1-S1-T2.0-10,A1,E1,TRAIN,SHORT,2023-01-06T12:00:00+00:00,2023-01-06T11:00:00+00:00,2023-01-06T19:00:00+00:00,16731.4,16872.8,16448.600000000006,S1,2.0,SL,-1.0,0.09466138613861534,-1.0946613861386154,8,NONE,PASS,2023-01-06T12:00:00+00:00,16872.8,16755.0,16746.6343
A1-E1-S1-T2.0-11,A1,E1,TRAIN,LONG,2023-01-08T16:00:00+00:00,2023-01-08T15:00:00+00:00,2023-01-08T23:00:00+00:00,16991.0,16905.0,17163.0,S1,2.0,TP,2.0,0.1580558139534884,1.8419441860465116,8,NONE,PASS,2023-01-08T16:00:00+00:00,16960.0,16905.0,16968.4955
A1-E1-S1-T2.0-12,A1,E1,TRAIN,LONG,2023-01-19T19:00:00+00:00,2023-01-19T18:00:00+00:00,2023-01-20T20:00:00+00:00,20977.1,20621.1,21689.1,S1,2.0,TP,2.0,0.04713955056179775,1.9528604494382023,26,NONE,PASS,2023-01-19T16:00:00+00:00,20962.7,20621.1,20973.18855
A1-E1-S1-T2.0-13,A1,E1,TRAIN,SHORT,2023-02-05T13:00:00+00:00,2023-02-05T12:00:00+00:00,2023-02-08T12:00:00+00:00,23160.2,23474.4,22531.8,S1,2.0,TIME,0.13399108847868263,0.05896931890515581,0.07502176957352683,72,NONE,PASS,2023-02-05T12:00:00+00:00,23474.4,23211.0,23199.4199
A1-E1-S1-T2.0-14,A1,E1,TRAIN,LONG,2023-02-19T16:00:00+00:00,2023-02-19T15:00:00+00:00,2023-02-19T17:00:00+00:00,24929.7,24516.7,25755.7,S1,2.0,SL,-1.0,0.04828997578692494,-1.0482899757869248,2,NONE,PASS,2023-02-19T16:00:00+00:00,24867.6,24516.7,24880.06485
A1-E1-S1-T2.0-15,A1,E1,TRAIN,LONG,2023-02-26T03:00:00+00:00,2023-02-26T02:00:00+00:00,2023-03-01T02:00:00+00:00,23226.4,22700.0,24279.200000000004,S1,2.0,TIME,0.17572188449847975,0.035298480243161,0.14042340425531874,72,NONE,PASS,2023-02-26T00:00:00+00:00,23176.1,22700.0,23187.7132
A1-E1-S1-T2.0-16,A1,E1,TRAIN,LONG,2023-03-05T02:00:00+00:00,2023-03-05T01:00:00+00:00,2023-03-07T15:00:00+00:00,22582.7,22147.5,23453.100000000002,S1,2.0,SL,-1.0,0.04151231617647052,-1.0415123161764706,62,NONE,PASS,2023-03-05T00:00:00+00:00,22400.0,22147.5,22411.29135
A1-E1-S1-T2.0-17,A1,E1,TRAIN,LONG,2023-03-19T16:00:00+00:00,2023-03-19T15:00:00+00:00,2023-03-22T15:00:00+00:00,27534.3,26790.0,29022.899999999998,S1,2.0,TIME,1.4132742173854662,0.029594840790004063,1.3836793765954623,72,NONE,PASS,2023-03-19T16:00:00+00:00,27453.3,26790.0,27467.06715
A1-E1-S1-T2.0-18,A1,E1,TRAIN,SHORT,2023-03-25T20:00:00+00:00,2023-03-25T19:00:00+00:00,2023-03-26T11:00:00+00:00,27179.5,27788.0,25962.5,S1,2.0,SL,-1.0,0.03573311421528348,-1.0357331142152835,16,NONE,PASS,2023-03-25T20:00:00+00:00,27788.0,27263.1,27249.51025
A1-E1-S1-T2.0-19,A1,E1,TRAIN,LONG,2023-03-26T14:00:00+00:00,2023-03-26T13:00:00+00:00,2023-03-27T14:00:00+00:00,28139.5,27131.8,30154.9,S1,2.0,SL,-1.0,0.022339585194006136,-1.022339585194006,25,NONE,PASS,2023-03-26T12:00:00+00:00,27999.0,27131.8,28013.06975
A1-E1-S1-T2.0-20,A1,E1,TRAIN,LONG,2023-04-08T04:00:00+00:00,2023-04-08T03:00:00+00:00,2023-04-09T22:00:00+00:00,28005.9,27755.0,28507.700000000004,S1,2.0,TP,2.0,0.08929740932642435,1.9107025906735757,43,NONE,PASS,2023-04-08T04:00:00+00:00,27981.1,27755.0,27995.102949999997
A1-E1-S1-T2.0-21,A1,E1,TRAIN,LONG,2023-04-16T19:00:00+00:00,2023-04-16T18:00:00+00:00,2023-04-17T00:00:00+00:00,30487.1,30102.0,31257.299999999996,S1,2.0,SL,-1.0,0.0633333679563752,-1.0633333679563752,6,NONE,PASS,2023-04-16T16:00:00+00:00,30397.4,30102.0,30412.64355
A1-E1-S1-T2.0-22,A1,E1,TRAIN,LONG,2023-04-22T23:00:00+00:00,2023-04-22T22:00:00+00:00,2023-04-24T08:00:00+00:00,27837.8,27166.0,29181.399999999998,S1,2.0,SL,-1.0,0.033150104197677915,-1.0331501041976778,34,NONE,PASS,2023-04-22T20:00:00+00:00,27780.0,27166.0,27793.9189
A1-E1-S1-T2.0-23,A1,E1,TRAIN,SHORT,2023-04-29T18:00:00+00:00,2023-04-29T17:00:00+00:00,2023-04-30T14:00:00+00:00,29142.5,29443.9,28539.699999999997,S1,2.0,SL,-1.0,0.07735235567352318,-1.0773523556735232,21,NONE,PASS,2023-04-29T16:00:00+00:00,29443.9,29180.0,29165.42875
A1-E1-S1-T2.0-24,A1,E1,TRAIN,SHORT,2023-05-06T13:00:00+00:00,2023-05-06T12:00:00+00:00,2023-05-08T08:00:00+00:00,29088.0,29840.0,27584.0,S1,2.0,TP,2.0,0.030944680851063833,1.9690553191489362,44,NONE,PASS,2023-05-06T12:00:00+00:00,29840.0,29108.0,29093.456
A1-E1-S1-T2.0-25,A1,E1,TRAIN,LONG,2023-05-14T16:00:00+00:00,2023-05-14T15:00:00+00:00,2023-05-17T14:00:00+00:00,27071.4,26557.0,28100.200000000004,S1,2.0,SL,-1.0,0.042101710730948566,-1.0421017107309485,71,NONE,PASS,2023-05-14T16:00:00+00:00,26973.0,26557.0,26986.5357
A1-E1-S1-T2.0-26,A1,E1,TRAIN,LONG,2023-05-20T18:00:00+00:00,2023-05-20T17:00:00+00:00,2023-05-21T11:00:00+00:00,27130.0,26813.2,27763.6,S1,2.0,SL,-1.0,0.06851010101010117,-1.0685101010101012,18,NONE,PASS,2023-05-20T16:00:00+00:00,26969.8,26813.2,26983.364999999998
A1-E1-S1-T2.0-27,A1,E1,TRAIN,LONG,2023-06-25T05:00:00+00:00,2023-06-25T04:00:00+00:00,2023-06-26T01:00:00+00:00,30880.1,30222.0,32196.299999999996,S1,2.0,SL,-1.0,0.037538489591247615,-1.0375384895912476,21,NONE,PASS,2023-06-25T04:00:00+00:00,30796.5,30222.0,30811.94005
A1-E1-S1-T2.0-28,A1,E1,TRAIN,SHORT,2023-07-08T20:00:00+00:00,2023-07-08T19:00:00+00:00,2023-07-09T01:00:00+00:00,30100.0,30380.0,29540.0,S1,2.0,SL,-1.0,0.08600000000000001,-1.086,6,NONE,PASS,2023-07-08T20:00:00+00:00,30380.0,30122.0,30106.95
A1-E1-S1-T2.0-29,A1,E1,TRAIN,LONG,2023-07-16T15:00:00+00:00,2023-07-16T14:00:00+00:00,2023-07-17T10:00:00+00:00,30388.6,30050.0,31065.799999999996,S1,2.0,SL,-1.0,0.07179822799763765,-1.0717982279976377,20,NONE,PASS,2023-07-16T12:00:00+00:00,30341.5,30050.0,30356.6943
A1-E1-S1-T2.0-30,A1,E1,TRAIN,LONG,2023-07-21T19:00:00+00:00,2023-07-21T18:00:00+00:00,2023-07-22T23:00:00+00:00,29970.0,29705.9,30498.199999999997,S1,2.0,SL,-1.0,0.09078379401741815,-1.090783794017418,29,NONE,PASS,2023-07-21T16:00:00+00:00,29949.5,29705.9,29964.485
A1-E1-S1-T2.0-31,A1,E1,TRAIN,LONG,2023-07-23T18:00:00+00:00,2023-07-23T17:00:00+00:00,2023-07-24T09:00:00+00:00,30110.1,29602.2,31125.899999999994,S1,2.0,SL,-1.0,0.047426816302421945,-1.0474268163024218,16,NONE,PASS,2023-07-23T16:00:00+00:00,29974.6,29602.2,29989.655049999998
A1-E1-S1-T2.0-32,A1,E1,TRAIN,LONG,2023-07-28T15:00:00+00:00,2023-07-28T14:00:00+00:00,2023-07-30T20:00:00+00:00,29475.7,29065.5,30296.100000000002,S1,2.0,SL,-1.0,0.057485519258898,-1.0574855192588979,54,NONE,PASS,2023-07-28T12:00:00+00:00,29320.0,29065.5,29334.73785
A1-E1-S1-T2.0-33,A1,E1,TRAIN,LONG,2023-08-20T21:00:00+00:00,2023-08-20T20:00:00+00:00,2023-08-21T10:00:00+00:00,26222.8,25948.5,26771.399999999998,S1,2.0,SL,-1.0,0.07647918337586604,-1.076479183375866,14,NONE,PASS,2023-08-20T20:00:00+00:00,26209.6,25948.5,26222.7114
A1-E1-S1-T2.0-34,A1,E1,TRAIN,LONG,2023-08-27T15:00:00+00:00,2023-08-27T14:00:00+00:00,2023-08-28T05:00:00+00:00,26134.0,25955.6,26490.800000000003,S1,2.0,SL,-1.0,0.11719282511210667,-1.1171928251121066,15,NONE,PASS,2023-08-27T12:00:00+00:00,26087.7,25955.6,26100.767
A1-E1-S1-T2.0-35,A1,E1,TRAIN,SHORT,2023-09-15T12:00:00+00:00,2023-09-15T11:00:00+00:00,2023-09-15T23:00:00+00:00,26415.3,26880.0,25485.899999999998,S1,2.0,SL,-1.0,0.045475016139444734,-1.0454750161394448,12,NONE,PASS,2023-09-15T12:00:00+00:00,26880.0,26428.6,26415.39235
A1-E1-S1-T2.0-36,A1,E1,TRAIN,LONG,2023-10-01T07:00:00+00:00,2023-10-01T06:00:00+00:00,2023-10-01T22:00:00+00:00,27113.1,26890.4,27558.499999999993,S1,2.0,TP,2.0,0.09739775482712297,1.902602245172877,16,NONE,PASS,2023-10-01T04:00:00+00:00,27085.0,26890.4,27098.55655
A1-E1-S1-T2.0-37,A1,E1,TRAIN,LONG,2023-10-15T19:00:00+00:00,2023-10-15T18:00:00+00:00,2023-10-16T05:00:00+00:00,27046.1,26790.4,27557.499999999993,S1,2.0,TP,2.0,0.0846182244818156,1.9153817755181843,11,NONE,PASS,2023-10-15T16:00:00+00:00,27013.5,26790.4,27027.02305
A1-E1-S1-T2.0-38,A1,E1,TRAIN,SHORT,2023-10-27T18:00:00+00:00,2023-10-27T17:00:00+00:00,2023-10-28T11:00:00+00:00,33609.1,34287.5,32252.299999999996,S1,2.0,SL,-1.0,0.03963337264150935,-1.0396333726415095,18,NONE,PASS,2023-10-27T16:00:00+00:00,34287.5,33774.0,33757.19545
A1-E1-S1-T2.0-39,A1,E1,TRAIN,LONG,2023-10-29T13:00:00+00:00,2023-10-29T12:00:00+00:00,2023-11-01T12:00:00+00:00,34440.6,33933.0,35455.799999999996,S1,2.0,TIME,0.7580772261623404,0.0542799054373524,0.703797320724988,72,NONE,PASS,2023-10-29T12:00:00+00:00,34349.4,33933.0,34366.6203
A1-E1-S1-T2.0-40,A1,E1,TRAIN,LONG,2023-11-04T23:00:00+00:00,2023-11-04T22:00:00+00:00,2023-11-05T21:00:00+00:00,35171.9,34571.6,36372.50000000001,S1,2.0,SL,-1.0,0.046872430451440725,-1.0468724304514407,23,NONE,PASS,2023-11-04T20:00:00+00:00,35111.0,34571.6,35128.58595
A1-E1-S1-T2.0-41,A1,E1,TRAIN,LONG,2023-11-19T19:00:00+00:00,2023-11-19T18:00:00+00:00,2023-11-21T15:00:00+00:00,36851.8,36380.0,37795.40000000001,S1,2.0,SL,-1.0,0.06248715557439555,-1.0624871555743955,45,NONE,PASS,2023-11-19T16:00:00+00:00,36720.9,36380.0,36739.3259
A1-E1-S1-T2.0-42,A1,E1,TRAIN,LONG,2023-11-24T10:00:00+00:00,2023-11-24T09:00:00+00:00,2023-11-27T09:00:00+00:00,37634.0,36856.3,39189.399999999994,S1,2.0,TIME,-0.3530924521023525,0.038713128455702864,-0.39180558055805537,72,NONE,PASS,2023-11-24T08:00:00+00:00,37587.0,36856.3,37605.817
A1-E1-S1-T2.0-43,A1,E1,TRAIN,LONG,2023-12-01T05:00:00+00:00,2023-12-01T04:00:00+00:00,2023-12-02T19:00:00+00:00,38170.5,37442.9,39625.7,S1,2.0,TP,2.0,0.04196866410115457,1.9580313358988455,39,NONE,PASS,2023-12-01T04:00:00+00:00,38070.0,37442.9,38089.08525
A1-E1-S1-T2.0-44,A1,E1,TRAIN,SHORT,2023-12-15T16:00:00+00:00,2023-12-15T15:00:00+00:00,2023-12-18T15:00:00+00:00,41930.3,43193.9,39403.100000000006,S1,2.0,TIME,0.5083095916429279,0.026546565368787623,0.48176302627414025,72,NONE,PASS,2023-12-15T16:00:00+00:00,43193.9,42020.4,41999.43485
A1-E1-S1-T2.0-45,A1,E1,TRAIN,LONG,2023-12-30T16:00:00+00:00,2023-12-30T15:00:00+00:00,2024-01-02T00:00:00+00:00,42410.3,41283.2,44664.500000000015,S1,2.0,TP,2.0,0.030102244698784336,1.9698977553012156,57,NONE,PASS,2023-12-30T16:00:00+00:00,42300.0,41283.2,42321.20515
A1-E1-S1-T2.0-46,A1,E1,TRAIN,SHORT,2024-01-14T21:00:00+00:00,2024-01-14T20:00:00+00:00,2024-01-15T18:00:00+00:00,42514.7,43096.1,41351.899999999994,S1,2.0,SL,-1.0,0.058499759201926245,-1.0584997592019263,22,NONE,PASS,2024-01-14T20:00:00+00:00,43096.1,42553.0,42531.74265
A1-E1-S1-T2.0-47,A1,E1,TRAIN,LONG,2024-01-27T21:00:00+00:00,2024-01-27T20:00:00+00:00,2024-01-30T01:00:00+00:00,42049.6,41360.1,43428.6,S1,2.0,TP,2.0,0.048788513415518486,1.9512114865844814,53,NONE,PASS,2024-01-27T20:00:00+00:00,41977.0,41360.1,41998.0248
A1-E1-S1-T2.0-48,A1,E1,TRAIN,SHORT,2024-02-17T14:00:00+00:00,2024-02-17T13:00:00+00:00,2024-02-18T22:00:00+00:00,51221.1,52245.1,49173.1,S1,2.0,SL,-1.0,0.040016484375,-1.040016484375,33,NONE,PASS,2024-02-17T12:00:00+00:00,52245.1,51521.4,51495.789450000004
A1-E1-S1-T2.0-49,A1,E1,TRAIN,SHORT,2024-02-25T17:00:00+00:00,2024-02-25T16:00:00+00:00,2024-02-25T20:00:00+00:00,51400.4,51949.8,50301.6,S1,2.0,SL,-1.0,0.07484586821987604,-1.074845868219876,4,NONE,PASS,2024-02-25T16:00:00+00:00,51949.8,51465.0,51439.2998
A1-E1-S1-T2.0-50,A1,E1,TRAIN,LONG,2024-03-08T15:00:00+00:00,2024-03-08T14:00:00+00:00,2024-03-08T16:00:00+00:00,68501.6,66800.0,71904.80000000002,S1,2.0,SL,-1.0,0.032205735778091105,-1.0322057357780912,2,NONE,PASS,2024-03-08T12:00:00+00:00,67974.8,66800.0,68009.0508
A1-E1-S1-T2.0-51,A1,E1,TRAIN,LONG,2024-03-10T02:00:00+00:00,2024-03-10T01:00:00+00:00,2024-03-11T00:00:00+00:00,69029.7,67996.0,71097.09999999999,S1,2.0,SL,-1.0,0.0534233916997196,-1.0534233916997195,23,NONE,PASS,2024-03-10T00:00:00+00:00,68608.7,67996.0,68643.21485
A1-E1-S1-T2.0-52,A1,E1,TRAIN,SHORT,2024-03-22T12:00:00+00:00,2024-03-22T11:00:00+00:00,2024-03-24T22:00:00+00:00,64268.0,67066.6,58670.79999999999,S1,2.0,SL,-1.0,0.018371471450010682,-1.0183714714500107,59,NONE,PASS,2024-03-22T12:00:00+00:00,67066.6,64550.1,64517.966
A1-E1-S1-T2.0-53,A1,E1,TRAIN,SHORT,2024-03-29T06:00:00+00:00,2024-03-29T05:00:00+00:00,2024-04-01T05:00:00+00:00,70237.1,71636.2,67438.90000000002,S1,2.0,TIME,0.7325423486527162,0.04016130369523291,0.6923810449574832,72,NONE,PASS,2024-03-29T04:00:00+00:00,71636.2,70335.1,70299.98145
A1-E1-S1-T2.0-54,A1,E1,TRAIN,LONG,2024-04-06T23:00:00+00:00,2024-04-06T22:00:00+00:00,2024-04-08T08:00:00+00:00,69040.6,67450.0,72221.80000000002,S1,2.0,TP,2.0,0.03472430529359978,1.9652756947064003,34,NONE,PASS,2024-04-06T20:00:00+00:00,68490.1,67450.0,68524.62030000001
A1-E1-S1-T2.0-55,A1,E1,TRAIN,LONG,2024-04-18T12:00:00+00:00,2024-04-18T11:00:00+00:00,2024-04-19T02:00:00+00:00,62563.0,59625.0,68439.0,S1,2.0,SL,-1.0,0.0170355343771273,-1.0170355343771273,15,NONE,PASS,2024-04-18T12:00:00+00:00,62194.8,59625.0,62226.0815
A1-E1-S1-T2.0-56,A1,E1,TRAIN,LONG,2024-04-20T16:00:00+00:00,2024-04-20T15:00:00+00:00,2024-04-23T15:00:00+00:00,64771.0,62910.0,68493.0,S1,2.0,TIME,0.8716818914562048,0.02784352498656636,0.8438383664696384,72,NONE,PASS,2024-04-20T16:00:00+00:00,64478.8,62910.0,64511.1855
A1-E1-S1-T2.0-57,A1,E1,TRAIN,LONG,2024-04-28T03:00:00+00:00,2024-04-28T02:00:00+00:00,2024-04-29T02:00:00+00:00,63919.4,62650.0,66458.20000000001,S1,2.0,SL,-1.0,0.04028322041909559,-1.0402832204190955,24,NONE,PASS,2024-04-28T00:00:00+00:00,63748.0,62650.0,63779.9597
A1-E1-S1-T2.0-58,A1,E1,TRAIN,LONG,2024-05-04T11:00:00+00:00,2024-05-04T10:00:00+00:00,2024-05-07T10:00:00+00:00,64393.6,61313.5,70553.79999999999,S1,2.0,TIME,-0.106003051848966,0.016725067367942607,-0.1227281192169086,72,NONE,PASS,2024-05-04T08:00:00+00:00,63555.5,61313.5,63587.6968
A1-E1-S1-T2.0-59,A1,E1,TRAIN,LONG,2024-05-11T16:00:00+00:00,2024-05-11T15:00:00+00:00,2024-05-13T08:00:00+00:00,61146.1,60416.6,62605.1,S1,2.0,TP,2.0,0.06705535298149418,1.9329446470185059,41,NONE,PASS,2024-05-11T16:00:00+00:00,61079.4,60416.6,61109.97305
A1-E1-S1-T2.0-60,A1,E1,TRAIN,LONG,2024-05-25T11:00:00+00:00,2024-05-25T10:00:00+00:00,2024-05-28T10:00:00+00:00,69397.6,67018.8,74155.20000000001,S1,2.0,TIME,-0.33222633260467543,0.023338691777366714,-0.3555650243820421,72,NONE,PASS,2024-05-25T08:00:00+00:00,69273.5,67018.8,69308.1988
A1-E1-S1-T2.0-61,A1,E1,TRAIN,SHORT,2024-05-31T10:00:00+00:00,2024-05-31T09:00:00+00:00,2024-06-03T09:00:00+00:00,67983.5,69568.9,64812.70000000001,S1,2.0,TIME,-0.6727008956730187,0.03430478112779122,-0.70700567680081,72,NONE,PASS,2024-05-31T08:00:00+00:00,69568.9,68068.8,68034.80825
A1-E1-S1-T2.0-62,A1,E1,TRAIN,LONG,2024-06-09T13:00:00+00:00,2024-06-09T12:00:00+00:00,2024-06-11T01:00:00+00:00,69734.7,69160.0,70884.09999999999,S1,2.0,SL,-1.0,0.09707283800243655,-1.0970728380024366,37,NONE,PASS,2024-06-09T12:00:00+00:00,69533.0,69160.0,69567.86735
A1-E1-S1-T2.0-63,A1,E1,TRAIN,LONG,2024-06-16T11:00:00+00:00,2024-06-16T10:00:00+00:00,2024-06-17T09:00:00+00:00,66696.1,65801.0,68486.30000000002,S1,2.0,SL,-1.0,0.05960996536699772,-1.0596099653669977,23,NONE,PASS,2024-06-16T08:00:00+00:00,66482.6,65801.0,66515.94805
A1-E1-S1-T2.0-64,A1,E1,TRAIN,SHORT,2024-06-23T15:00:00+00:00,2024-06-23T14:00:00+00:00,2024-06-23T23:00:00+00:00,64166.5,64500.0,63499.5,S1,2.0,TP,2.0,0.1539226386806597,1.8460773613193404,9,NONE,PASS,2024-06-23T12:00:00+00:00,64500.0,64200.2,64168.116749999994
A1-E1-S1-T2.0-65,A1,E1,TRAIN,LONG,2024-06-30T08:00:00+00:00,2024-06-30T07:00:00+00:00,2024-07-01T01:00:00+00:00,61533.6,60705.0,63190.799999999996,S1,2.0,TP,2.0,0.05940970311368584,1.9405902968863142,18,NONE,PASS,2024-06-30T08:00:00+00:00,61232.0,60705.0,61262.7668
A1-E1-S1-T2.0-66,A1,E1,TRAIN,LONG,2024-07-11T11:00:00+00:00,2024-07-11T10:00:00+00:00,2024-07-12T01:00:00+00:00,58445.9,57030.0,61277.700000000004,S1,2.0,SL,-1.0,0.033022614591425914,-1.0330226145914259,15,NONE,PASS,2024-07-11T08:00:00+00:00,58380.0,57030.0,58409.22295
A1-E1-S1-T2.0-67,A1,E1,TRAIN,LONG,2024-07-12T16:00:00+00:00,2024-07-12T15:00:00+00:00,2024-07-15T01:00:00+00:00,58188.9,56500.1,61566.50000000001,S1,2.0,TP,2.0,0.02756461392704875,1.9724353860729513,58,NONE,PASS,2024-07-12T16:00:00+00:00,58000.0,56500.1,58029.09445
A1-E1-S1-T2.0-68,A1,E1,TRAIN,LONG,2024-07-20T18:00:00+00:00,2024-07-20T17:00:00+00:00,2024-07-21T18:00:00+00:00,67368.8,66159.1,69788.2,S1,2.0,SL,-1.0,0.044552401421840235,-1.0445524014218401,25,NONE,PASS,2024-07-20T16:00:00+00:00,67320.9,66159.1,67354.58439999999
A1-E1-S1-T2.0-69,A1,E1,TRAIN,LONG,2024-07-26T14:00:00+00:00,2024-07-26T13:00:00+00:00,2024-07-29T13:00:00+00:00,67862.7,64357.5,74873.09999999999,S1,2.0,TIME,0.3957263494237153,0.015488462855186593,0.38023788656852875,72,NONE,PASS,2024-07-26T12:00:00+00:00,67470.4,64357.5,67504.33135
A1-E1-S1-T2.0-70,A1,E1,TRAIN,SHORT,2024-08-11T16:00:00+00:00,2024-08-11T15:00:00+00:00,2024-08-14T15:00:00+00:00,60100.0,62000.0,56300.0,S1,2.0,TIME,0.3700526315789466,0.02530526315789474,0.34474736842105186,72,NONE,PASS,2024-08-11T16:00:00+00:00,62000.0,60140.0,60109.95
A1-E1-S1-T2.0-71,A1,E1,TRAIN,LONG,2024-08-18T03:00:00+00:00,2024-08-18T02:00:00+00:00,2024-08-18T23:00:00+00:00,60102.0,59024.6,62256.8,S1,2.0,SL,-1.0,0.044627436421013494,-1.0446274364210135,21,NONE,PASS,2024-08-18T00:00:00+00:00,59722.6,59024.6,59752.651
A1-E1-S1-T2.0-72,A1,E1,TRAIN,SHORT,2024-09-01T06:00:00+00:00,2024-09-01T05:00:00+00:00,2024-09-02T20:00:00+00:00,57951.0,59215.8,55421.399999999994,S1,2.0,SL,-1.0,0.03665464895635666,-1.0366546489563566,39,NONE,PASS,2024-09-01T04:00:00+00:00,59215.8,58250.0,58221.0245
A1-E1-S1-T2.0-73,A1,E1,TRAIN,LONG,2024-09-07T13:00:00+00:00,2024-09-07T12:00:00+00:00,2024-09-10T12:00:00+00:00,54544.3,52510.8,58611.3,S1,2.0,TIME,1.2908286206048656,0.02145829358249324,1.2693703270223724,72,NONE,PASS,2024-09-07T12:00:00+00:00,54472.8,52510.8,54500.07215
A1-E1-S1-T2.0-74,A1,E1,TRAIN,SHORT,2024-09-22T10:00:00+00:00,2024-09-22T09:00:00+00:00,2024-09-22T22:00:00+00:00,62670.1,63546.9,60916.49999999999,S1,2.0,SL,-1.0,0.05718074817518229,-1.0571807481751823,13,NONE,PASS,2024-09-22T08:00:00+00:00,63546.9,62801.2,62769.864949999996
A1-E1-S1-T2.0-75,A1,E1,TRAIN,LONG,2024-10-06T13:00:00+00:00,2024-10-06T12:00:00+00:00,2024-10-07T00:00:00+00:00,62191.3,61671.9,63230.100000000006,S1,2.0,TP,2.0,0.09578944936465127,1.9042105506353488,12,NONE,PASS,2024-10-06T12:00:00+00:00,62159.4,61671.9,62190.495650000004
A1-E1-S1-T2.0-76,A1,E1,TRAIN,LONG,2024-10-11T13:00:00+00:00,2024-10-11T12:00:00+00:00,2024-10-14T12:00:00+00:00,61349.9,58900.0,66249.70000000001,S1,2.0,TIME,1.4263439324054041,0.020033438099514255,1.40631049430589,72,NONE,PASS,2024-10-11T12:00:00+00:00,61228.9,58900.0,61259.57495
A1-E1-S1-T2.0-77,A1,E1,TRAIN,SHORT,2024-10-19T12:00:00+00:00,2024-10-19T11:00:00+00:00,2024-10-20T22:00:00+00:00,68071.6,69000.0,66214.80000000002,S1,2.0,SL,-1.0,0.05865713054717831,-1.0586571305471784,35,NONE,PASS,2024-10-19T12:00:00+00:00,69000.0,68173.4,68139.3642
A1-E1-S1-T2.0-78,A1,E1,TRAIN,SHORT,2024-11-03T03:00:00+00:00,2024-11-03T02:00:00+00:00,2024-11-05T14:00:00+00:00,68200.1,69846.2,64907.90000000002,S1,2.0,SL,-1.0,0.033145058015916586,-1.0331450580159165,60,NONE,PASS,2024-11-03T00:00:00+00:00,69846.2,68991.2,68957.09995
A1-E1-S1-T2.0-79,A1,E1,TRAIN,SHORT,2024-11-09T17:00:00+00:00,2024-11-09T16:00:00+00:00,2024-11-10T00:00:00+00:00,76065.9,77080.4,74036.9,S1,2.0,SL,-1.0,0.05998296697880729,-1.0599829669788072,8,NONE,PASS,2024-11-09T16:00:00+00:00,77080.4,76122.4,76084.36705
A1-E1-S1-T2.0-80,A1,E1,TRAIN,LONG,2024-11-15T22:00:00+00:00,2024-11-15T21:00:00+00:00,2024-11-18T21:00:00+00:00,91727.6,87111.0,100960.80000000002,S1,2.0,TIME,-0.08144521942555116,0.01589526491357274,-0.0973404843391239,72,NONE,PASS,2024-11-15T20:00:00+00:00,91499.0,87111.0,91544.8638
A1-E1-S1-T2.0-81,A1,E1,TRAIN,SHORT,2024-11-23T17:00:00+00:00,2024-11-23T16:00:00+00:00,2024-11-25T21:00:00+00:00,97751.5,99500.0,94254.5,S1,2.0,TP,2.0,0.044724735487560764,1.9552752645124392,53,NONE,PASS,2024-11-23T16:00:00+00:00,99500.0,98309.9,98261.02424999999
A1-E1-S1-T2.0-82,A1,E1,TRAIN,LONG,2024-11-29T03:00:00+00:00,2024-11-29T02:00:00+00:00,2024-12-02T02:00:00+00:00,96798.1,94700.1,100994.1,S1,2.0,TIME,0.4444709246901811,0.03691061963775025,0.4075603050524309,72,NONE,PASS,2024-11-29T00:00:00+00:00,96284.0,94700.1,96332.39905
A1-E1-S1-T2.0-83,A1,E1,TRAIN,SHORT,2024-12-08T09:00:00+00:00,2024-12-08T08:00:00+00:00,2024-12-08T13:00:00+00:00,99034.5,100497.5,96108.5,S1,2.0,SL,-1.0,0.0541542036910458,-1.0541542036910458,5,NONE,PASS,2024-12-08T08:00:00+00:00,100497.5,99101.7,99052.18274999999
A1-E1-S1-T2.0-84,A1,E1,TRAIN,LONG,2024-12-15T02:00:00+00:00,2024-12-15T01:00:00+00:00,2024-12-15T23:00:00+00:00,102073.4,100559.8,105100.59999999998,S1,2.0,TP,2.0,0.05395000000000031,1.9460499999999996,22,NONE,PASS,2024-12-15T00:00:00+00:00,101968.9,100559.8,102019.93669999999
A1-E1-S1-T2.0-85,A1,E1,TRAIN,SHORT,2024-12-22T05:00:00+00:00,2024-12-22T04:00:00+00:00,2024-12-24T18:00:00+00:00,96062.1,99137.5,89911.30000000002,S1,2.0,SL,-1.0,0.024988515315081016,-1.024988515315081,62,NONE,PASS,2024-12-22T04:00:00+00:00,99137.5,96375.0,96326.96895
A1-E1-S1-T2.0-86,A1,E1,TRAIN,SHORT,2024-12-29T15:00:00+00:00,2024-12-29T14:00:00+00:00,2024-12-30T14:00:00+00:00,94568.4,95700.0,92305.19999999998,S1,2.0,TP,2.0,0.06685641569459139,1.9331435843054086,24,NONE,PASS,2024-12-29T12:00:00+00:00,95700.0,94666.6,94619.31580000001
A1-E1-S1-T2.0-87,A1,E1,TRAIN,LONG,2025-01-04T21:00:00+00:00,2025-01-04T20:00:00+00:00,2025-01-05T14:00:00+00:00,98577.4,97438.2,100855.79999999999,S1,2.0,SL,-1.0,0.06922570224719118,-1.0692257022471912,18,NONE,PASS,2025-01-04T20:00:00+00:00,98334.6,97438.2,98383.88870000001
A1-E1-S1-T2.0-88,A1,E1,TRAIN,SHORT,2025-01-12T10:00:00+00:00,2025-01-12T09:00:00+00:00,2025-01-12T15:00:00+00:00,93859.1,94988.0,91601.30000000002,S1,2.0,SL,-1.0,0.0665136681725577,-1.0665136681725578,6,NONE,PASS,2025-01-12T08:00:00+00:00,94988.0,93943.0,93896.07045
A1-E1-S1-T2.0-89,A1,E1,TRAIN,SHORT,2025-01-27T00:00:00+00:00,2025-01-26T23:00:00+00:00,2025-01-29T23:00:00+00:00,102560.1,105496.9,96686.50000000003,S1,2.0,TIME,-0.3875306456006523,0.02793791882320905,-0.4154685644238614,72,NONE,PASS,2025-01-27T00:00:00+00:00,105496.9,104239.0,104187.71995
A1-E1-S1-T2.0-90,A1,E1,TRAIN,SHORT,2025-01-31T03:00:00+00:00,2025-01-31T02:00:00+00:00,2025-02-02T03:00:00+00:00,104300.1,106450.0,100000.30000000002,S1,2.0,TP,2.0,0.038811144704404964,1.961188855295595,49,NONE,PASS,2025-01-31T00:00:00+00:00,106450.0,104356.1,104303.94995000001
A1-E1-S1-T2.0-91,A1,E1,TRAIN,LONG,2025-02-07T13:00:00+00:00,2025-02-07T12:00:00+00:00,2025-02-07T20:00:00+00:00,97917.3,95613.5,102524.90000000001,S1,2.0,SL,-1.0,0.03400201406372077,-1.0340020140637207,8,NONE,PASS,2025-02-07T12:00:00+00:00,97835.0,95613.5,97883.95865
A1-E1-S1-T2.0-92,A1,E1,TRAIN,LONG,2025-02-09T04:00:00+00:00,2025-02-09T03:00:00+00:00,2025-02-09T21:00:00+00:00,97278.4,95600.0,100635.19999999998,S1,2.0,SL,-1.0,0.04636720686367986,-1.0463672068636798,18,NONE,PASS,2025-02-09T04:00:00+00:00,97024.0,95600.0,97072.6392
A1-E1-S1-T2.0-93,A1,E1,TRAIN,SHORT,2025-02-16T08:00:00+00:00,2025-02-16T07:00:00+00:00,2025-02-17T05:00:00+00:00,97207.4,97899.8,95822.59999999998,S1,2.0,TP,2.0,0.11231357596764734,1.8876864240323528,22,NONE,PASS,2025-02-16T08:00:00+00:00,97899.8,97274.5,97225.8963
A1-E1-S1-T2.0-94,A1,E1,TRAIN,LONG,2025-02-21T14:00:00+00:00,2025-02-21T13:00:00+00:00,2025-02-21T15:00:00+00:00,99281.9,97495.3,102855.09999999998,S1,2.0,SL,-1.0,0.044456240904511585,-1.0444562409045115,2,NONE,PASS,2025-02-21T12:00:00+00:00,98922.7,97495.3,98972.34095
A1-E1-S1-T2.0-95,A1,E1,TRAIN,SHORT,2025-02-23T13:00:00+00:00,2025-02-23T12:00:00+00:00,2025-02-24T22:00:00+00:00,95691.6,96794.6,93485.6,S1,2.0,TP,2.0,0.06940460562103355,1.9305953943789664,34,NONE,PASS,2025-02-23T12:00:00+00:00,96794.6,96030.0,95982.1542
A1-E1-S1-T2.0-96,A1,E1,VALIDATION,LONG,2025-03-06T06:00:00+00:00,2025-03-06T05:00:00+00:00,2025-03-07T00:00:00+00:00,92708.0,87558.0,103008.0,S1,2.0,SL,-1.0,0.014401242718446604,-1.0144012427184466,19,NONE,PASS,2025-03-06T04:00:00+00:00,92400.0,87558.0,92446.354
A1-E1-S1-T2.0-97,A1,E1,VALIDATION,SHORT,2025-03-09T10:00:00+00:00,2025-03-09T09:00:00+00:00,2025-03-09T13:00:00+00:00,85533.0,86587.0,83425.0,S1,2.0,TP,2.0,0.06492068311195447,1.9350793168880456,4,NONE,PASS,2025-03-09T08:00:00+00:00,86587.0,85605.5,85562.7335
A1-E1-S1-T2.0-98,A1,E1,VALIDATION,SHORT,2025-03-09T17:00:00+00:00,2025-03-09T16:00:00+00:00,2025-03-12T16:00:00+00:00,82451.5,86470.6,74413.29999999999,S1,2.0,TIME,0.13174591326416343,0.016411933019830287,0.11533398024433314,72,NONE,PASS,2025-03-09T16:00:00+00:00,86470.6,82619.3,82578.07425
A1-E1-S1-T2.0-99,A1,E1,VALIDATION,LONG,2025-03-14T11:00:00+00:00,2025-03-14T10:00:00+00:00,2025-03-17T10:00:00+00:00,83000.0,79903.4,89193.20000000001,S1,2.0,TIME,0.09678356907575938,0.021442872828263217,0.07534069624749617,72,NONE,PASS,2025-03-14T08:00:00+00:00,82900.0,79903.4,82941.5
A1-E1-S1-T2.0-100,A1,E1,VALIDATION,LONG,2025-03-23T11:00:00+00:00,2025-03-23T10:00:00+00:00,2025-03-23T23:00:00+00:00,84427.7,83589.5,86104.09999999999,S1,2.0,TP,2.0,0.08058000477213104,1.919419995227869,13,NONE,PASS,2025-03-23T08:00:00+00:00,84324.1,83589.5,84366.31385
A1-E1-S1-T2.0-101,A1,E1,VALIDATION,SHORT,2025-04-05T14:00:00+00:00,2025-04-05T13:00:00+00:00,2025-04-06T18:00:00+00:00,82714.1,84580.0,78982.30000000002,S1,2.0,TP,2.0,0.03546346535184105,1.964536534648159,29,NONE,PASS,2025-04-05T12:00:00+00:00,84580.0,82915.3,82873.94295
A1-E1-S1-T2.0-102,A1,E1,VALIDATION,LONG,2025-04-11T10:00:00+00:00,2025-04-11T09:00:00+00:00,2025-04-14T09:00:00+00:00,82388.0,78416.0,90332.0,S1,2.0,TIME,0.5076535750251747,0.01659375629405841,0.4910598187311163,72,NONE,PASS,2025-04-11T08:00:00+00:00,81909.9,78416.0,81951.094
A1-E1-S1-T2.0-103,A1,E1,VALIDATION,SHORT,2025-04-15T20:00:00+00:00,2025-04-15T19:00:00+00:00,2025-04-18T19:00:00+00:00,83954.6,86443.0,78977.80000000002,S1,2.0,TIME,-0.23087124256550448,0.026990708889246172,-0.25786195145475066,72,NONE,PASS,2025-04-15T20:00:00+00:00,86443.0,84096.3,84054.3227
A1-E1-S1-T2.0-104,A1,E1,VALIDATION,LONG,2025-04-19T04:00:00+00:00,2025-04-19T03:00:00+00:00,2025-04-20T10:00:00+00:00,84845.3,84260.0,86015.90000000001,S1,2.0,SL,-1.0,0.11596828976593145,-1.1159682897659315,31,NONE,PASS,2025-04-19T04:00:00+00:00,84786.0,84260.0,84828.42265
A1-E1-S1-T2.0-105,A1,E1,VALIDATION,LONG,2025-04-25T12:00:00+00:00,2025-04-25T11:00:00+00:00,2025-04-28T11:00:00+00:00,94602.3,92625.0,98556.90000000001,S1,2.0,TIME,0.3407677135487796,0.03827534516765281,0.3024923683811268,72,NONE,PASS,2025-04-25T12:00:00+00:00,94409.5,92625.0,94456.80115
A1-E1-S1-T2.0-106,A1,E1,VALIDATION,SHORT,2025-05-03T07:00:00+00:00,2025-05-03T06:00:00+00:00,2025-05-06T06:00:00+00:00,96135.8,97865.4,92676.60000000002,S1,2.0,TIME,0.9665818686401546,0.04446614246068478,0.9221157261794698,72,NONE,PASS,2025-05-03T04:00:00+00:00,97865.4,96255.0,96206.9321
A1-E1-S1-T2.0-107,A1,E1,VALIDATION,SHORT,2025-05-15T06:00:00+00:00,2025-05-15T05:00:00+00:00,2025-05-16T02:00:00+00:00,102325.6,104319.0,98338.80000000002,S1,2.0,SL,-1.0,0.04106575699809383,-1.041065756998094,21,NONE,PASS,2025-05-15T04:00:00+00:00,104319.0,102536.0,102484.8372
A1-E1-S1-T2.0-108,A1,E1,VALIDATION,SHORT,2025-05-17T02:00:00+00:00,2025-05-17T01:00:00+00:00,2025-05-18T13:00:00+00:00,102778.4,104524.2,99286.79999999999,S1,2.0,SL,-1.0,0.04709744529728483,-1.0470974452972848,36,NONE,PASS,2025-05-17T00:00:00+00:00,104524.2,103036.1,102984.7108
A1-E1-S1-T2.0-109,A1,E1,VALIDATION,SHORT,2025-05-23T12:00:00+00:00,2025-05-23T11:00:00+00:00,2025-05-26T11:00:00+00:00,109033.2,111959.5,103180.59999999999,S1,2.0,TIME,-0.24040597341352538,0.029807798243515676,-0.2702137716570411,72,NONE,PASS,2025-05-23T12:00:00+00:00,111959.5,110351.5,110296.9834
A1-E1-S1-T2.0-110,A1,E1,VALIDATION,LONG,2025-06-01T17:00:00+00:00,2025-06-01T16:00:00+00:00,2025-06-02T13:00:00+00:00,104984.4,103704.1,107544.99999999997,S1,2.0,SL,-1.0,0.06559987502929061,-1.0655998750292905,21,NONE,PASS,2025-06-01T16:00:00+00:00,104859.3,103704.1,104911.7922
A1-E1-S1-T2.0-111,A1,E1,VALIDATION,LONG,2025-06-07T13:00:00+00:00,2025-06-07T12:00:00+00:00,2025-06-09T19:00:00+00:00,105402.9,103800.1,108608.49999999997,S1,2.0,TP,2.0,0.052609383578737595,1.9473906164212624,55,NONE,PASS,2025-06-07T12:00:00+00:00,105293.0,103800.1,105345.70145
A1-E1-S1-T2.0-112,A1,E1,VALIDATION,SHORT,2025-06-14T17:00:00+00:00,2025-06-14T16:00:00+00:00,2025-06-16T04:00:00+00:00,104400.8,106173.6,100855.2,S1,2.0,SL,-1.0,0.04711227436823097,-1.047112274368231,36,NONE,PASS,2025-06-14T16:00:00+00:00,106173.6,104570.0,104517.7996
A1-E1-S1-T2.0-113,A1,E1,VALIDATION,LONG,2025-06-20T08:00:00+00:00,2025-06-20T07:00:00+00:00,2025-06-20T14:00:00+00:00,105763.5,103870.3,109549.9,S1,2.0,SL,-1.0,0.04469195013733368,-1.0446919501373337,7,NONE,PASS,2025-06-20T08:00:00+00:00,104869.4,103870.3,104922.28175
A1-E1-S1-T2.0-114,A1,E1,VALIDATION,SHORT,2025-06-21T19:00:00+00:00,2025-06-21T18:00:00+00:00,2025-06-22T14:00:00+00:00,102620.8,103940.6,99981.2,S1,2.0,TP,2.0,0.06220384906804048,1.9377961509319594,20,NONE,PASS,2025-06-21T16:00:00+00:00,103940.6,102903.6,102852.2896
A1-E1-S1-T2.0-115,A1,E1,VALIDATION,LONG,2025-06-25T11:00:00+00:00,2025-06-25T10:00:00+00:00,2025-06-28T10:00:00+00:00,107068.6,104890.0,111425.80000000002,S1,2.0,TIME,0.06674010832644532,0.039316478472413374,0.027423629854031947,72,NONE,PASS,2025-06-25T08:00:00+00:00,106950.0,104890.0,107003.5343
A1-E1-S1-T2.0-116,A1,E1,VALIDATION,LONG,2025-06-29T09:00:00+00:00,2025-06-29T08:00:00+00:00,2025-06-30T14:00:00+00:00,107658.0,107039.8,108894.4,S1,2.0,SL,-1.0,0.13931802005823424,-1.1393180200582342,30,NONE,PASS,2025-06-29T08:00:00+00:00,107538.0,107039.8,107591.829
A1-E1-S1-T2.0-117,A1,E1,VALIDATION,LONG,2025-07-06T14:00:00+00:00,2025-07-06T13:00:00+00:00,2025-07-07T18:00:00+00:00,108713.2,107743.4,110652.8,S1,2.0,SL,-1.0,0.08967886162095251,-1.0896788616209525,29,NONE,PASS,2025-07-06T12:00:00+00:00,108211.0,107743.4,108265.3566
A1-E1-S1-T2.0-118,A1,E1,VALIDATION,LONG,2025-07-13T13:00:00+00:00,2025-07-13T12:00:00+00:00,2025-07-14T03:00:00+00:00,118382.1,116960.0,121226.30000000002,S1,2.0,TP,2.0,0.06659565431404235,1.9334043456859575,15,NONE,PASS,2025-07-13T12:00:00+00:00,118058.3,116960.0,118117.49105
A1-E1-S1-T2.0-119,A1,E1,VALIDATION,LONG,2025-07-27T16:00:00+00:00,2025-07-27T15:00:00+00:00,2025-07-28T17:00:00+00:00,118580.8,117800.8,120140.8,S1,2.0,SL,-1.0,0.12162133333333335,-1.1216213333333334,26,NONE,PASS,2025-07-27T16:00:00+00:00,118488.0,117800.8,118547.2904
A1-E1-S1-T2.0-120,A1,E1,VALIDATION,LONG,2025-08-03T11:00:00+00:00,2025-08-03T10:00:00+00:00,2025-08-06T10:00:00+00:00,113846.0,111850.0,117838.0,S1,2.0,TIME,0.08677354709418691,0.04562965931863728,0.041143887775549635,72,NONE,PASS,2025-08-03T08:00:00+00:00,113749.7,111850.0,113806.62299999999
A1-E1-S1-T2.0-121,A1,E1,VALIDATION,LONG,2025-08-09T10:00:00+00:00,2025-08-09T09:00:00+00:00,2025-08-11T02:00:00+00:00,117473.3,115850.0,120719.90000000001,S1,2.0,TP,2.0,0.057893574816731255,1.9421064251832687,41,NONE,PASS,2025-08-09T08:00:00+00:00,117229.9,115850.0,117288.63665
A1-E1-S1-T2.0-122,A1,E1,VALIDATION,LONG,2025-08-17T05:00:00+00:00,2025-08-17T04:00:00+00:00,2025-08-18T00:00:00+00:00,118023.5,117089.7,119891.1,S1,2.0,SL,-1.0,0.10111244377811063,-1.1011124437781106,20,NONE,PASS,2025-08-17T04:00:00+00:00,117786.0,117089.7,117845.01175
A1-E1-S1-T2.0-123,A1,E1,VALIDATION,SHORT,2025-08-23T12:00:00+00:00,2025-08-23T11:00:00+00:00,2025-08-24T19:00:00+00:00,115266.7,117397.4,111005.3,S1,2.0,TP,2.0,0.04327843431736055,1.9567215656826396,32,NONE,PASS,2025-08-23T12:00:00+00:00,117397.4,115414.3,115356.66665
A1-E1-S1-T2.0-124,A1,E1,VALIDATION,LONG,2025-08-30T16:00:00+00:00,2025-08-30T15:00:00+00:00,2025-09-01T04:00:00+00:00,108809.8,107281.0,111867.40000000001,S1,2.0,SL,-1.0,0.056938670852956466,-1.0569386708529565,37,NONE,PASS,2025-08-30T16:00:00+00:00,108742.9,107281.0,108797.30489999999
A1-E1-S1-T2.0-125,A1,E1,VALIDATION,LONG,2025-09-05T07:00:00+00:00,2025-09-05T06:00:00+00:00,2025-09-08T06:00:00+00:00,111860.0,109269.1,117041.79999999999,S1,2.0,TIME,-0.3055308965996401,0.03453934926087468,-0.3400702458605148,72,NONE,PASS,2025-09-05T04:00:00+00:00,111743.8,109269.1,111799.73
A1-E1-S1-T2.0-126,A1,E1,VALIDATION,SHORT,2025-09-13T17:00:00+00:00,2025-09-13T16:00:00+00:00,2025-09-15T06:00:00+00:00,115286.6,116561.0,112737.80000000002,S1,2.0,SL,-1.0,0.07237074701820498,-1.072370747018205,38,NONE,PASS,2025-09-13T16:00:00+00:00,116561.0,115500.1,115442.45670000001
A1-E1-S1-T2.0-127,A1,E1,VALIDATION,SHORT,2025-09-19T13:00:00+00:00,2025-09-19T12:00:00+00:00,2025-09-22T06:00:00+00:00,116124.1,117875.2,112621.90000000002,S1,2.0,TP,2.0,0.05305195591342611,1.9469480440865738,66,NONE,PASS,2025-09-19T12:00:00+00:00,117875.2,116250.7,116192.63795
A1-E1-S1-T2.0-128,A1,E1,VALIDATION,LONG,2025-09-28T16:00:00+00:00,2025-09-28T15:00:00+00:00,2025-09-28T22:00:00+00:00,109990.0,109136.5,111697.0,S1,2.0,TP,2.0,0.103095489162273,1.896904510837727,7,NONE,PASS,2025-09-28T16:00:00+00:00,109842.9,109136.5,109897.89499999999
A1-E1-S1-T2.0-129,A1,E1,VALIDATION,SHORT,2025-10-14T04:00:00+00:00,2025-10-14T03:00:00+00:00,2025-10-16T15:00:00+00:00,113441.0,115827.6,108667.79999999999,S1,2.0,TP,2.0,0.038025978379284245,1.9619740216207158,60,NONE,PASS,2025-10-14T04:00:00+00:00,115827.6,113566.1,113509.37950000001
A1-E1-S1-T2.0-130,A1,E1,VALIDATION,LONG,2025-10-25T13:00:00+00:00,2025-10-25T12:00:00+00:00,2025-10-27T07:00:00+00:00,111871.5,109752.8,116108.9,S1,2.0,TP,2.0,0.04224156322273098,1.9577584367772691,43,NONE,PASS,2025-10-25T12:00:00+00:00,111789.4,109752.8,111845.33575
A1-E1-S1-T2.0-131,A1,E1,VALIDATION,LONG,2025-11-02T12:00:00+00:00,2025-11-02T11:00:00+00:00,2025-11-02T16:00:00+00:00,111145.4,109803.5,113829.19999999998,S1,2.0,SL,-1.0,0.06626150979953825,-1.0662615097995383,5,NONE,PASS,2025-11-02T12:00:00+00:00,110999.9,109803.5,111055.4727
A1-E1-S1-T2.0-132,A1,E1,VALIDATION,LONG,2025-11-09T14:00:00+00:00,2025-11-09T13:00:00+00:00,2025-11-10T00:00:00+00:00,102877.9,101300.0,106033.69999999998,S1,2.0,TP,2.0,0.05215940173648539,1.9478405982635145,11,NONE,PASS,2025-11-09T12:00:00+00:00,102443.9,101300.0,102495.33894999999
A1-E1-S1-T2.0-133,A1,E1,VALIDATION,LONG,2025-11-16T10:00:00+00:00,2025-11-16T09:00:00+00:00,2025-11-16T15:00:00+00:00,96597.4,94800.0,100192.19999999998,S1,2.0,SL,-1.0,0.042994280627573295,-1.0429942806275734,6,NONE,PASS,2025-11-16T08:00:00+00:00,96439.6,94800.0,96487.8987
A1-E1-S1-T2.0-134,A1,E1,VALIDATION,SHORT,2025-11-16T17:00:00+00:00,2025-11-16T16:00:00+00:00,2025-11-18T04:00:00+00:00,94185.4,96600.0,89356.19999999998,S1,2.0,TP,2.0,0.031205301085065775,1.9687946989149343,36,NONE,PASS,2025-11-16T16:00:00+00:00,96600.0,94300.0,94252.9073
A1-E1-S1-T2.0-135,A1,E1,VALIDATION,LONG,2025-11-23T02:00:00+00:00,2025-11-23T01:00:00+00:00,2025-11-26T01:00:00+00:00,85837.5,83456.0,90600.5,S1,2.0,TIME,0.8571068654209519,0.02883476800335923,0.8282720974175927,72,NONE,PASS,2025-11-23T00:00:00+00:00,85286.8,83456.0,85329.71875
A1-E1-S1-T2.0-136,A1,E1,VALIDATION,LONG,2025-11-30T14:00:00+00:00,2025-11-30T13:00:00+00:00,2025-12-01T00:00:00+00:00,91726.9,90092.7,94995.29999999999,S1,2.0,SL,-1.0,0.04490363480602137,-1.0449036348060214,11,NONE,PASS,2025-11-30T12:00:00+00:00,91580.0,90092.7,91625.86345
A1-E1-S1-T2.0-137,A1,E1,VALIDATION,SHORT,2025-12-05T14:00:00+00:00,2025-12-05T13:00:00+00:00,2025-12-08T13:00:00+00:00,90433.6,92676.8,85947.20000000001,S1,2.0,TIME,-0.44151212553494806,0.032251640513552116,-0.4737637660485002,72,NONE,PASS,2025-12-05T12:00:00+00:00,92676.8,90822.5,90777.2832
A1-E1-S1-T2.0-138,A1,E1,VALIDATION,SHORT,2025-12-14T12:00:00+00:00,2025-12-14T11:00:00+00:00,2025-12-15T15:00:00+00:00,89308.2,90440.0,87044.59999999999,S1,2.0,TP,2.0,0.06312648877893605,1.936873511221064,28,NONE,PASS,2025-12-14T12:00:00+00:00,90440.0,89711.9,89667.2459
A1-E1-S1-T2.0-139,A1,E1,OOS,LONG,2025-12-21T09:00:00+00:00,2025-12-21T08:00:00+00:00,2025-12-21T13:00:00+00:00,88509.0,87698.5,90130.0,S1,2.0,SL,-1.0,0.08736236890808144,-1.0873623689080814,5,NONE,PASS,2025-12-21T08:00:00+00:00,88434.9,87698.5,88479.15449999999
A1-E1-S1-T2.0-140,A1,E1,OOS,LONG,2025-12-25T16:00:00+00:00,2025-12-25T15:00:00+00:00,2025-12-25T23:00:00+00:00,88338.9,87219.0,90578.69999999998,S1,2.0,SL,-1.0,0.06310484864720098,-1.063104848647201,8,NONE,PASS,2025-12-25T16:00:00+00:00,88033.3,87219.0,88077.46945
A1-E1-S1-T2.0-141,A1,E1,OOS,LONG,2026-01-01T18:00:00+00:00,2026-01-01T17:00:00+00:00,2026-01-02T10:00:00+00:00,88281.3,87508.4,89827.10000000002,S1,2.0,TP,2.0,0.09137668521153994,1.9086233147884601,17,NONE,PASS,2026-01-01T16:00:00+00:00,88079.3,87508.4,88123.44065
A1-E1-S1-T2.0-142,A1,E1,OOS,LONG,2026-01-11T13:00:00+00:00,2026-01-11T12:00:00+00:00,2026-01-11T20:00:00+00:00,90889.3,90358.5,91950.90000000001,S1,2.0,SL,-1.0,0.13698462697814545,-1.1369846269781454,8,NONE,PASS,2026-01-11T12:00:00+00:00,90818.0,90358.5,90863.44465
A1-E1-S1-T2.0-143,A1,E1,OOS,SHORT,2026-01-16T16:00:00+00:00,2026-01-16T15:00:00+00:00,2026-01-19T00:00:00+00:00,94537.5,95901.6,91809.29999999999,S1,2.0,TP,2.0,0.05544314932922783,1.9445568506707722,57,NONE,PASS,2026-01-16T16:00:00+00:00,95901.6,95080.0,95032.73125
A1-E1-S1-T2.0-144,A1,E1,OOS,SHORT,2026-01-25T04:00:00+00:00,2026-01-25T03:00:00+00:00,2026-01-25T18:00:00+00:00,88920.0,89667.6,87424.79999999999,S1,2.0,TP,2.0,0.095152487961476,1.904847512038524,15,NONE,PASS,2026-01-25T04:00:00+00:00,89667.6,89025.3,88980.84
A1-E1-S1-T2.0-145,A1,E1,OOS,SHORT,2026-02-03T15:00:00+00:00,2026-02-03T14:00:00+00:00,2026-02-03T18:00:00+00:00,77164.5,79163.0,73167.5,S1,2.0,TP,2.0,0.030888966725043782,1.9691110332749562,4,NONE,PASS,2026-02-03T12:00:00+00:00,79163.0,77566.5,77527.91775
A1-E1-S1-T2.0-146,A1,E1,OOS,LONG,2026-02-08T09:00:00+00:00,2026-02-08T08:00:00+00:00,2026-02-11T04:00:00+00:00,70624.5,67870.2,76133.1,S1,2.0,SL,-1.0,0.02051323385252149,-1.0205132338525216,68,NONE,PASS,2026-02-08T08:00:00+00:00,70000.0,67870.2,70035.31225
A1-E1-S1-T2.0-147,A1,E1,OOS,SHORT,2026-02-11T07:00:00+00:00,2026-02-11T06:00:00+00:00,2026-02-14T06:00:00+00:00,66788.0,69957.9,60448.20000000001,S1,2.0,TIME,-0.6647843780560923,0.01685554749361182,-0.6816399255497041,72,NONE,PASS,2026-02-11T04:00:00+00:00,69957.9,67320.0,67286.606
A1-E1-S1-T2.0-148,A1,E1,OOS,LONG,2026-02-14T09:00:00+00:00,2026-02-14T08:00:00+00:00,2026-02-17T08:00:00+00:00,69707.3,66823.6,75474.7,S1,2.0,TIME,-0.5435031383292314,0.0193382945521379,-0.5628414328813692,72,NONE,PASS,2026-02-14T08:00:00+00:00,69473.7,66823.6,69508.55365
A1-E1-S1-T2.0-149,A1,E1,OOS,LONG,2026-02-20T06:00:00+00:00,2026-02-20T05:00:00+00:00,2026-02-23T01:00:00+00:00,67756.0,65595.7,72076.6,S1,2.0,SL,-1.0,0.025091329907883132,-1.0250913299078832,68,NONE,PASS,2026-02-20T04:00:00+00:00,67490.0,65595.7,67523.878
A1-E1-S1-T2.0-150,A1,E1,OOS,SHORT,2026-03-06T13:00:00+00:00,2026-03-06T12:00:00+00:00,2026-03-08T22:00:00+00:00,69895.2,71620.6,66444.39999999998,S1,2.0,TP,2.0,0.032407650399907104,1.9675923496000929,58,NONE,PASS,2026-03-06T12:00:00+00:00,71620.6,70100.0,70065.0524
A1-E1-S1-T2.0-151,A1,E1,OOS,LONG,2026-03-13T11:00:00+00:00,2026-03-13T10:00:00+00:00,2026-03-16T10:00:00+00:00,72421.2,69303.8,78655.99999999999,S1,2.0,TIME,0.42480913581831187,0.018585025983191155,0.4062241098351207,72,NONE,PASS,2026-03-13T08:00:00+00:00,72156.4,69303.8,72192.6106
A1-E1-S1-T2.0-152,A1,E1,OOS,LONG,2026-03-20T09:00:00+00:00,2026-03-20T08:00:00+00:00,2026-03-21T23:00:00+00:00,71000.4,68750.0,75501.19999999998,S1,2.0,SL,-1.0,0.02524009953786,-1.02524009953786,39,NONE,PASS,2026-03-20T08:00:00+00:00,70944.9,68750.0,70980.40019999999
A1-E1-S1-T2.0-153,A1,E1,OOS,SHORT,2026-03-26T12:00:00+00:00,2026-03-26T11:00:00+00:00,2026-03-29T11:00:00+00:00,69239.3,71742.2,64233.500000000015,S1,2.0,TIME,0.9822605777298357,0.02213090415118468,0.960129673578651,72,NONE,PASS,2026-03-26T12:00:00+00:00,71742.2,69366.0,69331.38035
A1-E1-S1-T2.0-154,A1,E1,OOS,LONG,2026-04-04T11:00:00+00:00,2026-04-04T10:00:00+00:00,2026-04-05T06:00:00+00:00,67139.1,66600.0,68217.30000000002,S1,2.0,SL,-1.0,0.09963138564273684,-1.0996313856427369,20,NONE,PASS,2026-04-04T08:00:00+00:00,67046.1,66600.0,67079.66955
A1-E1-S1-T2.0-155,A1,E1,OOS,SHORT,2026-04-12T13:00:00+00:00,2026-04-12T12:00:00+00:00,2026-04-13T22:00:00+00:00,71050.1,73773.4,65603.50000000003,S1,2.0,SL,-1.0,0.020871765872287392,-1.0208717658722875,34,NONE,PASS,2026-04-12T12:00:00+00:00,73773.4,71259.0,71223.47495
A1-E1-S1-T2.0-156,A1,E1,OOS,SHORT,2026-04-18T11:00:00+00:00,2026-04-18T10:00:00+00:00,2026-04-21T10:00:00+00:00,76150.0,78300.0,71850.0,S1,2.0,TIME,-0.2567906976744213,0.028334883720930234,-0.28512558139535155,72,NONE,PASS,2026-04-18T08:00:00+00:00,78300.0,76357.1,76319.02500000001
A1-E1-S1-T2.0-157,A1,E1,OOS,LONG,2026-05-10T16:00:00+00:00,2026-05-10T15:00:00+00:00,2026-05-10T20:00:00+00:00,81381.4,80533.7,83076.79999999999,S1,2.0,SL,-1.0,0.07680207620620529,-1.0768020762062054,5,NONE,PASS,2026-05-10T16:00:00+00:00,80980.0,80533.7,81020.6907
A1-E1-S1-T2.0-158,A1,E1,OOS,SHORT,2026-05-16T08:00:00+00:00,2026-05-16T07:00:00+00:00,2026-05-19T07:00:00+00:00,78334.3,80716.9,73569.10000000002,S1,2.0,TIME,0.47590867119953534,0.026302123730378678,0.4496065474691567,72,NONE,PASS,2026-05-16T08:00:00+00:00,80716.9,78393.9,78354.73285
A1-E1-S1-T2.0-159,A1,E1,OOS,LONG,2026-06-07T05:00:00+00:00,2026-06-07T04:00:00+00:00,2026-06-10T04:00:00+00:00,61854.1,60146.0,65270.299999999996,S1,2.0,TIME,-0.34219308003044346,0.02896977928692702,-0.3711628593173705,72,NONE,PASS,2026-06-07T04:00:00+00:00,61763.9,60146.0,61794.82705
A1-E1-S1-T2.0-160,A1,E1,OOS,LONG,2026-06-11T11:00:00+00:00,2026-06-11T10:00:00+00:00,2026-06-14T10:00:00+00:00,63120.3,61068.6,67223.70000000001,S1,2.0,TIME,0.6653506847979703,0.024611902324901253,0.640738782473069,72,NONE,PASS,2026-06-11T08:00:00+00:00,63043.1,61068.6,63074.660149999996
A1-E1-S1-T2.0-161,A1,E1,OOS,SHORT,2026-06-14T18:00:00+00:00,2026-06-14T17:00:00+00:00,2026-06-14T21:00:00+00:00,63706.1,64738.0,61642.299999999996,S1,2.0,SL,-1.0,0.04938935943405362,-1.0493893594340535,4,NONE,PASS,2026-06-14T16:00:00+00:00,64738.0,63830.0,63798.14695
A1-E1-S1-T2.0-162,A1,E1,OOS,LONG,2026-06-20T00:00:00+00:00,2026-06-19T23:00:00+00:00,2026-06-22T23:00:00+00:00,63512.6,62237.2,66063.4,S1,2.0,TIME,0.3744707542731676,0.0398385447702681,0.3346322095028995,72,NONE,PASS,2026-06-20T00:00:00+00:00,63410.3,62237.2,63442.056300000004
A1-E1-S1-T2.0-163,A1,E1,OOS,LONG,2026-06-27T16:00:00+00:00,2026-06-27T15:00:00+00:00,2026-06-28T16:00:00+00:00,60817.2,59556.0,63339.59999999999,S1,2.0,SL,-1.0,0.038577354900095236,-1.0385773549000952,25,NONE,PASS,2026-06-27T16:00:00+00:00,60697.6,59556.0,60728.0086
A1-E1-S1-T2.0-164,A1,E1,OOS,LONG,2026-07-03T21:00:00+00:00,2026-07-03T20:00:00+00:00,2026-07-06T20:00:00+00:00,62759.3,61229.0,65819.90000000001,S1,2.0,TIME,0.6787557995164315,0.032808887146311125,0.6459469123701204,72,NONE,PASS,2026-07-03T20:00:00+00:00,62386.7,61229.0,62418.07965
A1-E1-S1-T2.0-165,A1,E1,OOS,LONG,2026-07-11T15:00:00+00:00,2026-07-11T14:00:00+00:00,2026-07-12T06:00:00+00:00,64321.0,63619.9,65723.2,S1,2.0,SL,-1.0,0.07339438025959222,-1.0733943802595922,16,NONE,PASS,2026-07-11T12:00:00+00:00,64288.7,63619.9,64320.860499999995
A1-E1-S1-T2.0-166,A1,E1,OOS,LONG,2026-07-18T17:00:00+00:00,2026-07-18T16:00:00+00:00,2026-07-20T06:00:00+00:00,64278.2,63859.6,65115.399999999994,S1,2.0,SL,-1.0,0.12284414715719105,-1.122844147157191,38,NONE,PASS,2026-07-18T16:00:00+00:00,64237.7,63859.6,64269.8391
A1-E1-S1-T2.0-167,A1,E1,OOS,LONG,2026-07-25T19:00:00+00:00,2026-07-25T18:00:00+00:00,2026-07-27T06:00:00+00:00,64391.4,63760.5,65653.20000000001,S1,2.0,TP,2.0000000000000115,0.08165021398002835,1.9183497860199832,36,NONE,PASS,2026-07-25T16:00:00+00:00,64330.2,63760.5,64362.395699999994
A1-E1-S1-T2.0-168,A1,E1,OOS,SHORT,2026-07-31T10:00:00+00:00,2026-07-31T09:00:00+00:00,2026-08-03T09:00:00+00:00,63689.0,65391.3,60284.399999999994,S1,2.0,TIME,0.5187099806144619,0.02993079950654991,0.488779181107912,72,NONE,PASS,2026-07-31T08:00:00+00:00,65391.3,63777.7,63745.8555
A1-E1-S1-T2.0-169,A1,E1,OOS,LONG,2026-08-07T12:00:00+00:00,2026-08-07T11:00:00+00:00,2026-08-10T11:00:00+00:00,64996.1,64128.3,66731.69999999998,S1,2.0,TIME,0.1169624337404938,0.05991804563263455,0.057044388107859244,72,NONE,PASS,2026-08-07T12:00:00+00:00,64962.0,64128.3,64994.49805
A1-E1-S1-T2.0-170,A1,E1,OOS,LONG,2026-08-16T17:00:00+00:00,2026-08-16T16:00:00+00:00,2026-08-16T21:00:00+00:00,63232.7,62928.5,63841.09999999999,S1,2.0,SL,-1.0,0.16629243918474845,-1.1662924391847485,5,NONE,PASS,2026-08-16T16:00:00+00:00,63141.6,62928.5,63173.216349999995
A1-E1-S1-T2.0-171,A1,E1,OOS,SHORT,2026-08-23T06:00:00+00:00,2026-08-23T05:00:00+00:00,2026-08-23T13:00:00+00:00,76064.9,77590.6,73013.49999999997,S1,2.0,SL,-1.0,0.039884590679687706,-1.0398845906796876,8,NONE,PASS,2026-08-23T04:00:00+00:00,77590.6,76425.4,76387.36755
A1-E1-S1-T2.0-172,A1,E1,OOS,LONG,2026-08-27T09:00:00+00:00,2026-08-27T08:00:00+00:00,2026-08-28T16:00:00+00:00,79722.8,77600.0,83968.40000000001,S1,2.0,SL,-1.0,0.03004439419634441,-1.0300443941963444,32,NONE,PASS,2026-08-27T08:00:00+00:00,79138.7,77600.0,79178.56139999999
A1-E1-S1-T2.0-173,A1,E1,OOS,LONG,2026-08-30T13:00:00+00:00,2026-08-30T12:00:00+00:00,2026-08-30T23:00:00+00:00,78750.1,77822.8,80604.70000000001,S1,2.0,SL,-1.0,0.06793926453143515,-1.0679392645314352,11,NONE,PASS,2026-08-30T12:00:00+00:00,78314.9,77822.8,78354.27505
A1-E1-S1-T2.0-174,A1,E1,OOS,LONG,2026-09-05T17:00:00+00:00,2026-09-05T16:00:00+00:00,2026-09-06T14:00:00+00:00,80001.5,79405.2,81194.1,S1,2.0,SL,-1.0,0.10733053831963724,-1.1073305383196372,22,NONE,PASS,2026-09-05T16:00:00+00:00,79825.5,79405.2,79865.50075
A1-E1-S1-T2.0-175,A1,E1,OOS,SHORT,2026-09-13T09:00:00+00:00,2026-09-13T08:00:00+00:00,2026-09-14T02:00:00+00:00,76767.8,77477.4,75348.60000000002,S1,2.0,SL,-1.0,0.08654768883878348,-1.0865476888387835,18,NONE,PASS,2026-09-13T08:00:00+00:00,77477.4,77003.4,76965.0161
A1-E1-S1-T2.0-176,A1,E1,OOS,LONG,2026-09-18T08:00:00+00:00,2026-09-18T07:00:00+00:00,2026-09-18T19:00:00+00:00,77776.1,75975.0,81378.30000000002,S1,2.0,TP,2.0,0.034546044084170675,1.9654539559158293,12,NONE,PASS,2026-09-18T08:00:00+00:00,77682.0,75975.0,77720.88805
A1-E1-S1-T2.0-177,A1,E1,OOS,SHORT,2026-09-20T03:00:00+00:00,2026-09-20T02:00:00+00:00,2026-09-21T01:00:00+00:00,80310.0,81933.9,77062.20000000001,S1,2.0,SL,-1.0,0.039564012562350044,-1.03956401256235,23,NONE,PASS,2026-09-20T00:00:00+00:00,81933.9,80875.0,80834.845
A1-E1-S1-T2.0-178,A1,E1,OOS,LONG,2026-09-27T08:00:00+00:00,2026-09-27T07:00:00+00:00,2026-09-28T01:00:00+00:00,84751.2,83778.4,86696.8,S1,2.0,SL,-1.0,0.06969671052631558,-1.0696967105263155,18,NONE,PASS,2026-09-27T08:00:00+00:00,84640.0,83778.4,84682.3756
A3-E1-S1-T2.0-1,A3,E1,TRAIN,LONG,2022-10-16T23:00:00+00:00,2022-10-16T22:00:00+00:00,2022-10-19T22:00:00+00:00,19289.8,18966.0,19937.399999999998,S1,2.0,TIME,-0.47498455836936265,0.04765855466337256,-0.5226431130327353,72,NONE,PASS,2022-10-16T20:00:00+00:00,19188.0,18966.0,19197.68495
A3-E1-S1-T2.0-2,A3,E1,TRAIN,SHORT,2022-10-30T23:00:00+00:00,2022-10-30T22:00:00+00:00,2022-11-02T22:00:00+00:00,20575.8,20925.2,19876.999999999996,S1,2.0,TIME,1.359473382942181,0.04711116199198607,1.3123622209501948,72,NONE,PASS,2022-10-30T16:00:00+00:00,20925.2,20607.1,20596.803799999998
A3-E1-S1-T2.0-3,A3,E1,TRAIN,SHORT,2022-11-07T00:00:00+00:00,2022-11-06T23:00:00+00:00,2022-11-08T04:00:00+00:00,20900.0,21336.0,20028.0,S1,2.0,TP,2.0,0.038348623853211014,1.961651376146789,29,NONE,PASS,2022-11-06T20:00:00+00:00,21336.0,21133.8,21123.24135
A3-E1-S1-T2.0-4,A3,E1,TRAIN,SHORT,2022-11-13T09:00:00+00:00,2022-11-13T08:00:00+00:00,2022-11-14T02:00:00+00:00,16643.7,16996.0,15939.100000000002,S1,2.0,TP,2.0,0.03779437978995183,1.9622056202100482,18,NONE,PASS,2022-11-13T04:00:00+00:00,16996.0,16746.7,16738.3625
A3-E1-S1-T2.0-5,A3,E1,TRAIN,LONG,2022-11-18T07:00:00+00:00,2022-11-18T06:00:00+00:00,2022-11-20T21:00:00+00:00,16786.0,16403.3,17551.4,S1,2.0,SL,-1.0,0.035089626339169,-1.035089626339169,63,NONE,PASS,2022-11-18T00:00:00+00:00,16740.0,16403.3,16748.4693
A3-E1-S1-T2.0-6,A3,E1,TRAIN,SHORT,2022-11-25T09:00:00+00:00,2022-11-25T08:00:00+00:00,2022-11-26T01:00:00+00:00,16440.2,16669.6,15981.400000000005,S1,2.0,SL,-1.0,0.057332868352223745,-1.0573328683522238,17,NONE,PASS,2022-11-25T04:00:00+00:00,16669.6,16450.0,16441.80905
A3-E1-S1-T2.0-7,A3,E1,TRAIN,SHORT,2023-01-01T05:00:00+00:00,2023-01-01T04:00:00+00:00,2023-01-02T03:00:00+00:00,16517.8,16640.0,16273.399999999998,S1,2.0,SL,-1.0,0.10813617021276531,-1.1081361702127652,23,NONE,PASS,2022-12-31T20:00:00+00:00,16640.0,16530.0,16521.74245
A3-E1-S1-T2.0-8,A3,E1,TRAIN,SHORT,2023-01-06T15:00:00+00:00,2023-01-06T14:00:00+00:00,2023-01-06T19:00:00+00:00,16742.9,16872.8,16483.100000000006,S1,2.0,SL,-1.0,0.10311254811393554,-1.1031125481139354,5,NONE,PASS,2023-01-06T12:00:00+00:00,16872.8,16755.0,16746.6343
A3-E1-S1-T2.0-9,A3,E1,TRAIN,LONG,2023-01-19T20:00:00+00:00,2023-01-19T19:00:00+00:00,2023-01-20T20:00:00+00:00,21090.0,20621.1,22027.800000000003,S1,2.0,TP,2.0,0.03598208573256547,1.9640179142674346,25,NONE,PASS,2023-01-19T16:00:00+00:00,20962.7,20621.1,20973.18855
A3-E1-S1-T2.0-10,A3,E1,TRAIN,LONG,2023-01-29T04:00:00+00:00,2023-01-29T03:00:00+00:00,2023-01-29T19:00:00+00:00,23190.0,22870.8,23828.4,S1,2.0,TP,2.0,0.058120300751879565,1.9418796992481204,16,NONE,PASS,2023-01-29T00:00:00+00:00,23141.9,22870.8,23153.516000000003
A3-E1-S1-T2.0-11,A3,E1,TRAIN,SHORT,2023-02-05T14:00:00+00:00,2023-02-05T13:00:00+00:00,2023-02-08T13:00:00+00:00,23164.3,23474.4,22544.099999999995,S1,2.0,TIME,0.19445340212834197,0.059759561431795775,0.1346938406965462,72,NONE,PASS,2023-02-05T12:00:00+00:00,23474.4,23211.0,23199.4199
A3-E1-S1-T2.0-12,A3,E1,TRAIN,LONG,2023-02-11T23:00:00+00:00,2023-02-11T22:00:00+00:00,2023-02-13T09:00:00+00:00,21812.7,21600.0,22238.100000000002,S1,2.0,SL,-1.0,0.08204118476727758,-1.0820411847672775,35,NONE,PASS,2023-02-11T20:00:00+00:00,21770.0,21600.0,21780.9078
A3-E1-S1-T2.0-13,A3,E1,TRAIN,LONG,2023-02-26T04:00:00+00:00,2023-02-26T03:00:00+00:00,2023-03-01T03:00:00+00:00,23201.8,22700.0,24205.399999999998,S1,2.0,TIME,0.45795137504981986,0.03698971701873262,0.42096165803108726,72,NONE,PASS,2023-02-26T00:00:00+00:00,23176.1,22700.0,23187.7132
A3-E1-S1-T2.0-14,A3,E1,TRAIN,LONG,2023-03-05T05:00:00+00:00,2023-03-05T04:00:00+00:00,2023-03-07T15:00:00+00:00,22428.6,22147.5,22990.799999999996,S1,2.0,SL,-1.0,0.06383094983991494,-1.063830949839915,59,NONE,PASS,2023-03-05T00:00:00+00:00,22400.0,22147.5,22411.29135
A3-E1-S1-T2.0-15,A3,E1,TRAIN,LONG,2023-03-19T17:00:00+00:00,2023-03-19T16:00:00+00:00,2023-03-22T16:00:00+00:00,27914.9,26790.0,30164.700000000004,S1,2.0,TIME,0.6415681393901645,0.019852360209796405,0.6217157791803681,72,NONE,PASS,2023-03-19T16:00:00+00:00,27453.3,26790.0,27467.06715
A3-E1-S1-T2.0-16,A3,E1,TRAIN,LONG,2023-03-26T18:00:00+00:00,2023-03-26T17:00:00+00:00,2023-03-27T14:00:00+00:00,27825.9,27131.8,29214.100000000006,S1,2.0,SL,-1.0,0.03207134418671651,-1.0320713441867164,21,NONE,PASS,2023-03-26T12:00:00+00:00,27788.0,27131.8,27801.92605
A3-E1-S1-T2.0-17,A3,E1,TRAIN,LONG,2023-04-08T06:00:00+00:00,2023-04-08T05:00:00+00:00,2023-04-10T16:00:00+00:00,28132.0,27755.0,28886.0,S1,2.0,TP,2.0,0.05969655172413793,1.940303448275862,59,NONE,PASS,2023-04-08T04:00:00+00:00,27981.1,27755.0,27995.102949999997
A3-E1-S1-T2.0-18,A3,E1,TRAIN,LONG,2023-04-23T00:00:00+00:00,2023-04-22T23:00:00+00:00,2023-04-24T08:00:00+00:00,27807.2,27166.0,29089.600000000002,S1,2.0,SL,-1.0,0.034693948845913876,-1.034693948845914,33,NONE,PASS,2023-04-22T20:00:00+00:00,27780.0,27166.0,27793.9189
A3-E1-S1-T2.0-19,A3,E1,TRAIN,LONG,2023-05-20T20:00:00+00:00,2023-05-20T19:00:00+00:00,2023-05-21T11:00:00+00:00,27054.3,26813.2,27536.499999999996,S1,2.0,SL,-1.0,0.08976955620074713,-1.0897695562007472,16,NONE,PASS,2023-05-20T16:00:00+00:00,26969.8,26813.2,26983.364999999998
A3-E1-S1-T2.0-20,A3,E1,TRAIN,LONG,2023-06-25T07:00:00+00:00,2023-06-25T06:00:00+00:00,2023-06-26T01:00:00+00:00,30863.7,30222.0,32147.100000000002,S1,2.0,SL,-1.0,0.038477419354838664,-1.0384774193548387,19,NONE,PASS,2023-06-25T04:00:00+00:00,30796.5,30222.0,30811.94005
A3-E1-S1-T2.0-21,A3,E1,TRAIN,LONG,2023-07-16T18:00:00+00:00,2023-07-16T17:00:00+00:00,2023-07-17T10:00:00+00:00,30365.5,30050.0,30996.5,S1,2.0,SL,-1.0,0.07699651347068145,-1.0769965134706814,17,NONE,PASS,2023-07-16T12:00:00+00:00,30341.5,30050.0,30356.6943
A3-E1-S1-T2.0-22,A3,E1,TRAIN,LONG,2023-07-22T01:00:00+00:00,2023-07-22T00:00:00+00:00,2023-07-22T23:00:00+00:00,29968.7,29705.9,30494.3,S1,2.0,SL,-1.0,0.09122891933028945,-1.0912289193302895,23,NONE,PASS,2023-07-21T16:00:00+00:00,29949.5,29705.9,29964.485
A3-E1-S1-T2.0-23,A3,E1,TRAIN,LONG,2023-07-23T23:00:00+00:00,2023-07-23T22:00:00+00:00,2023-07-24T09:00:00+00:00,30004.4,29602.2,30808.800000000003,S1,2.0,SL,-1.0,0.059680556936847234,-1.0596805569368473,11,NONE,PASS,2023-07-23T16:00:00+00:00,29974.6,29602.2,29989.655049999998
A3-E1-S1-T2.0-24,A3,E1,TRAIN,LONG,2023-07-28T17:00:00+00:00,2023-07-28T16:00:00+00:00,2023-07-30T20:00:00+00:00,29346.8,29065.5,29909.399999999998,S1,2.0,SL,-1.0,0.08346050479914705,-1.083460504799147,52,NONE,PASS,2023-07-28T12:00:00+00:00,29320.0,29065.5,29334.73785
A3-E1-S1-T2.0-25,A3,E1,TRAIN,SHORT,2023-08-21T16:00:00+00:00,2023-08-21T15:00:00+00:00,2023-08-23T16:00:00+00:00,25925.1,26285.0,25205.299999999996,S1,2.0,SL,-1.0,0.05762734092803533,-1.0576273409280352,49,NONE,PASS,2023-08-21T08:00:00+00:00,26285.0,25948.5,25935.53475
A3-E1-S1-T2.0-26,A3,E1,TRAIN,LONG,2023-08-27T20:00:00+00:00,2023-08-27T19:00:00+00:00,2023-08-28T05:00:00+00:00,26112.1,25955.6,26425.1,S1,2.0,SL,-1.0,0.13348038338658147,-1.1334803833865814,10,NONE,PASS,2023-08-27T12:00:00+00:00,26087.7,25955.6,26100.767
A3-E1-S1-T2.0-27,A3,E1,TRAIN,SHORT,2023-09-15T13:00:00+00:00,2023-09-15T12:00:00+00:00,2023-09-15T23:00:00+00:00,26352.4,26880.0,25297.200000000004,S1,2.0,SL,-1.0,0.03995815011372263,-1.0399581501137227,11,NONE,PASS,2023-09-15T12:00:00+00:00,26880.0,26428.6,26415.39235
A3-E1-S1-T2.0-28,A3,E1,TRAIN,LONG,2023-10-01T09:00:00+00:00,2023-10-01T08:00:00+00:00,2023-10-01T22:00:00+00:00,27122.1,26890.4,27585.499999999993,S1,2.0,TP,2.0,0.09364557617609094,1.906354423823909,14,NONE,PASS,2023-10-01T04:00:00+00:00,27085.0,26890.4,27098.55655
A3-E1-S1-T2.0-29,A3,E1,TRAIN,LONG,2023-10-15T20:00:00+00:00,2023-10-15T19:00:00+00:00,2023-10-16T05:00:00+00:00,27030.1,26790.4,27509.499999999993,S1,2.0,TP,2.0,0.09021309970796938,1.9097869002920307,10,NONE,PASS,2023-10-15T16:00:00+00:00,27013.5,26790.4,27027.02305
A3-E1-S1-T2.0-30,A3,E1,TRAIN,LONG,2023-10-29T14:00:00+00:00,2023-10-29T13:00:00+00:00,2023-11-01T13:00:00+00:00,34393.9,33933.0,35315.700000000004,S1,2.0,TIME,0.4747233673247883,0.059698676502494934,0.4150246908222934,72,NONE,PASS,2023-10-29T12:00:00+00:00,34349.4,33933.0,34366.6203
A3-E1-S1-T2.0-31,A3,E1,TRAIN,LONG,2023-11-05T04:00:00+00:00,2023-11-05T03:00:00+00:00,2023-11-05T21:00:00+00:00,35292.1,34571.6,36733.1,S1,2.0,SL,-1.0,0.03918623178348369,-1.0391862317834837,18,NONE,PASS,2023-11-04T20:00:00+00:00,35111.0,34571.6,35128.58595
A3-E1-S1-T2.0-32,A3,E1,TRAIN,LONG,2023-11-24T11:00:00+00:00,2023-11-24T10:00:00+00:00,2023-11-27T10:00:00+00:00,37611.2,36856.3,39120.999999999985,S1,2.0,TIME,-0.6771757848721699,0.03985820638495196,-0.7170339912571219,72,NONE,PASS,2023-11-24T08:00:00+00:00,37587.0,36856.3,37605.817
A3-E1-S1-T2.0-33,A3,E1,TRAIN,LONG,2023-12-01T06:00:00+00:00,2023-12-01T05:00:00+00:00,2023-12-02T19:00:00+00:00,38106.6,37442.9,39433.99999999999,S1,2.0,TP,2.0,0.04593231881874361,1.9540676811812563,38,NONE,PASS,2023-12-01T04:00:00+00:00,38070.0,37442.9,38089.08525
A3-E1-S1-T2.0-34,A3,E1,TRAIN,SHORT,2023-12-15T17:00:00+00:00,2023-12-15T16:00:00+00:00,2023-12-18T16:00:00+00:00,41818.5,43193.9,39067.7,S1,2.0,TIME,0.22131743492802175,0.02432368765450048,0.19699374727352126,72,NONE,PASS,2023-12-15T16:00:00+00:00,43193.9,42020.4,41999.43485
A3-E1-S1-T2.0-35,A3,E1,TRAIN,LONG,2023-12-30T18:00:00+00:00,2023-12-30T17:00:00+00:00,2024-01-02T00:00:00+00:00,42522.0,41283.2,44999.600000000006,S1,2.0,TP,2.0,0.02746012269938644,1.9725398773006135,55,NONE,PASS,2023-12-30T16:00:00+00:00,42300.0,41283.2,42321.20515
A3-E1-S1-T2.0-36,A3,E1,TRAIN,LONG,2024-01-07T15:00:00+00:00,2024-01-07T14:00:00+00:00,2024-01-07T23:00:00+00:00,44405.0,43645.0,45925.0,S1,2.0,SL,-1.0,0.0467421052631579,-1.0467421052631578,9,NONE,PASS,2024-01-07T12:00:00+00:00,44267.9,43645.0,44290.1031
A3-E1-S1-T2.0-37,A3,E1,TRAIN,SHORT,2024-01-14T23:00:00+00:00,2024-01-14T22:00:00+00:00,2024-01-15T18:00:00+00:00,42279.9,43096.1,40647.50000000001,S1,2.0,SL,-1.0,0.04144072531242358,-1.0414407253124236,20,NONE,PASS,2024-01-14T20:00:00+00:00,43096.1,42553.0,42531.74265
A3-E1-S1-T2.0-38,A3,E1,TRAIN,LONG,2024-01-28T02:00:00+00:00,2024-01-28T01:00:00+00:00,2024-01-30T01:00:00+00:00,42074.4,41360.1,43503.00000000001,S1,2.0,TP,2.0,0.047122385552288766,1.9528776144477111,48,NONE,PASS,2024-01-27T20:00:00+00:00,41977.0,41360.1,41998.0248
A3-E1-S1-T2.0-39,A3,E1,TRAIN,SHORT,2024-02-04T09:00:00+00:00,2024-02-04T08:00:00+00:00,2024-02-05T12:00:00+00:00,42781.6,43264.3,41816.19999999999,S1,2.0,SL,-1.0,0.07090383260824464,-1.0709038326082447,28,NONE,PASS,2024-02-04T04:00:00+00:00,43264.3,42829.8,42808.435150000005
A3-E1-S1-T2.0-40,A3,E1,TRAIN,SHORT,2024-02-17T16:00:00+00:00,2024-02-17T15:00:00+00:00,2024-02-18T22:00:00+00:00,51013.4,52245.1,48550.00000000001,S1,2.0,SL,-1.0,0.033133652675164486,-1.0331336526751644,31,NONE,PASS,2024-02-17T12:00:00+00:00,52245.1,51119.9,51094.459050000005
A3-E1-S1-T2.0-41,A3,E1,TRAIN,LONG,2024-03-08T18:00:00+00:00,2024-03-08T17:00:00+00:00,2024-03-11T08:00:00+00:00,68402.2,66800.0,71606.59999999999,S1,2.0,TP,2.0,0.03415413806016734,1.9658458619398327,63,NONE,PASS,2024-03-08T12:00:00+00:00,67974.8,66800.0,68009.0508
A3-E1-S1-T2.0-42,A3,E1,TRAIN,SHORT,2024-03-22T13:00:00+00:00,2024-03-22T12:00:00+00:00,2024-03-24T22:00:00+00:00,64301.5,67066.6,58771.29999999999,S1,2.0,SL,-1.0,0.018603739466927015,-1.018603739466927,58,NONE,PASS,2024-03-22T12:00:00+00:00,67066.6,64550.1,64517.966
A3-E1-S1-T2.0-43,A3,E1,TRAIN,SHORT,2024-03-29T08:00:00+00:00,2024-03-29T07:00:00+00:00,2024-04-01T07:00:00+00:00,69855.6,71636.2,66294.40000000002,S1,2.0,TIME,0.1227676064248045,0.03138519600134802,0.09138241042345648,72,NONE,PASS,2024-03-29T04:00:00+00:00,71636.2,70335.1,70299.98145
A3-E1-S1-T2.0-44,A3,E1,TRAIN,LONG,2024-04-18T14:00:00+00:00,2024-04-18T13:00:00+00:00,2024-04-19T02:00:00+00:00,62759.5,59625.0,69028.5,S1,2.0,SL,-1.0,0.016017738076248206,-1.0160177380762483,13,NONE,PASS,2024-04-18T12:00:00+00:00,62194.8,59625.0,62226.0815
A3-E1-S1-T2.0-45,A3,E1,TRAIN,LONG,2024-04-20T17:00:00+00:00,2024-04-20T16:00:00+00:00,2024-04-23T16:00:00+00:00,64708.9,62910.0,68306.70000000001,S1,2.0,TIME,1.1198510200678142,0.028777097114903533,1.0910739229529107,72,NONE,PASS,2024-04-20T16:00:00+00:00,64478.8,62910.0,64511.1855
A3-E1-S1-T2.0-46,A3,E1,TRAIN,LONG,2024-04-28T06:00:00+00:00,2024-04-28T05:00:00+00:00,2024-04-29T02:00:00+00:00,63921.0,62650.0,66463.0,S1,2.0,SL,-1.0,0.04023351691581432,-1.0402335169158143,21,NONE,PASS,2024-04-28T00:00:00+00:00,63748.0,62650.0,63779.9597
A3-E1-S1-T2.0-47,A3,E1,TRAIN,LONG,2024-05-04T14:00:00+00:00,2024-05-04T13:00:00+00:00,2024-05-07T13:00:00+00:00,63704.9,61313.5,68487.70000000001,S1,2.0,TIME,-0.21468595801622528,0.021311332273981756,-0.23599729029020705,72,NONE,PASS,2024-05-04T08:00:00+00:00,63555.5,61313.5,63587.6968
A3-E1-S1-T2.0-48,A3,E1,TRAIN,LONG,2024-05-11T17:00:00+00:00,2024-05-11T16:00:00+00:00,2024-05-13T08:00:00+00:00,61160.0,60416.6,62646.8,S1,2.0,TP,2.0,0.06581651869787451,1.9341834813021255,40,NONE,PASS,2024-05-11T16:00:00+00:00,61079.4,60416.6,61109.97305
A3-E1-S1-T2.0-49,A3,E1,TRAIN,SHORT,2024-05-31T15:00:00+00:00,2024-05-31T14:00:00+00:00,2024-06-03T12:00:00+00:00,67538.5,69568.9,63477.70000000001,S1,2.0,SL,-1.0,0.026610914105595032,-1.026610914105595,70,NONE,PASS,2024-05-31T08:00:00+00:00,69568.9,68068.8,68034.80825
A3-E1-S1-T2.0-50,A3,E1,TRAIN,LONG,2024-06-09T17:00:00+00:00,2024-06-09T16:00:00+00:00,2024-06-11T01:00:00+00:00,69642.2,69160.0,70606.59999999999,S1,2.0,SL,-1.0,0.11554077146412348,-1.1155407714641234,33,NONE,PASS,2024-06-09T12:00:00+00:00,69533.0,69160.0,69567.86735
A3-E1-S1-T2.0-51,A3,E1,TRAIN,LONG,2024-06-16T13:00:00+00:00,2024-06-16T12:00:00+00:00,2024-06-17T09:00:00+00:00,66577.0,65801.0,68129.0,S1,2.0,SL,-1.0,0.06863608247422681,-1.0686360824742267,21,NONE,PASS,2024-06-16T08:00:00+00:00,66482.6,65801.0,66515.94805
A3-E1-S1-T2.0-52,A3,E1,TRAIN,SHORT,2024-06-23T16:00:00+00:00,2024-06-23T15:00:00+00:00,2024-06-23T23:00:00+00:00,64071.8,64500.0,63215.40000000001,S1,2.0,TP,2.0,0.11970443717888919,1.8802955628211109,8,NONE,PASS,2024-06-23T12:00:00+00:00,64500.0,64200.2,64168.116749999994
A3-E1-S1-T2.0-53,A3,E1,TRAIN,SHORT,2024-07-07T16:00:00+00:00,2024-07-07T15:00:00+00:00,2024-07-10T04:00:00+00:00,56806.2,58472.0,53474.59999999999,S1,2.0,SL,-1.0,0.027281162204346215,-1.0272811622043463,61,NONE,PASS,2024-07-07T12:00:00+00:00,58472.0,57041.7,57013.27695
A3-E1-S1-T2.0-54,A3,E1,TRAIN,LONG,2024-07-11T12:00:00+00:00,2024-07-11T11:00:00+00:00,2024-07-12T01:00:00+00:00,58754.1,57030.0,62202.299999999996,S1,2.0,SL,-1.0,0.027262502175047876,-1.0272625021750479,14,NONE,PASS,2024-07-11T08:00:00+00:00,58380.0,57030.0,58409.22295
A3-E1-S1-T2.0-55,A3,E1,TRAIN,LONG,2024-07-12T17:00:00+00:00,2024-07-12T16:00:00+00:00,2024-07-14T21:00:00+00:00,58089.8,56500.1,61269.20000000001,S1,2.0,TP,2.0,0.02923308800402584,1.970766911995974,53,NONE,PASS,2024-07-12T16:00:00+00:00,58000.0,56500.1,58029.09445
A3-E1-S1-T2.0-56,A3,E1,TRAIN,LONG,2024-07-20T19:00:00+00:00,2024-07-20T18:00:00+00:00,2024-07-21T18:00:00+00:00,67429.1,66159.1,69969.1,S1,2.0,SL,-1.0,0.04247502362204725,-1.0424750236220472,24,NONE,PASS,2024-07-20T16:00:00+00:00,67320.9,66159.1,67354.58439999999
A3-E1-S1-T2.0-57,A3,E1,TRAIN,LONG,2024-07-26T16:00:00+00:00,2024-07-26T15:00:00+00:00,2024-07-29T15:00:00+00:00,67528.0,64357.5,73869.0,S1,2.0,TIME,0.17006781264784643,0.017039079009619935,0.1530287336382265,72,NONE,PASS,2024-07-26T12:00:00+00:00,67470.4,64357.5,67504.33135
A3-E1-S1-T2.0-58,A3,E1,TRAIN,SHORT,2024-08-11T20:00:00+00:00,2024-08-11T19:00:00+00:00,2024-08-14T19:00:00+00:00,59598.0,62000.0,54794.0,S1,2.0,TIME,0.3097418817651957,0.01984945878434638,0.2898924229808493,72,NONE,PASS,2024-08-11T16:00:00+00:00,62000.0,60140.0,60109.95
A3-E1-S1-T2.0-59,A3,E1,TRAIN,SHORT,2024-09-01T07:00:00+00:00,2024-09-01T06:00:00+00:00,2024-09-02T20:00:00+00:00,58162.9,59215.8,56057.1,S1,2.0,SL,-1.0,0.04419253490359953,-1.0441925349035994,38,NONE,PASS,2024-09-01T04:00:00+00:00,59215.8,58250.0,58221.0245
A3-E1-S1-T2.0-60,A3,E1,TRAIN,LONG,2024-09-07T14:00:00+00:00,2024-09-07T13:00:00+00:00,2024-09-10T13:00:00+00:00,54521.9,52510.8,58544.1,S1,2.0,TIME,1.0860225747103576,0.0216883894386157,1.0643341852717418,72,NONE,PASS,2024-09-07T12:00:00+00:00,54472.8,52510.8,54500.07215
A3-E1-S1-T2.0-61,A3,E1,TRAIN,SHORT,2024-09-15T21:00:00+00:00,2024-09-15T20:00:00+00:00,2024-09-16T01:00:00+00:00,59767.1,60369.4,58562.49999999999,S1,2.0,TP,2.0,0.07938515689855515,1.920614843101445,5,NONE,PASS,2024-09-15T16:00:00+00:00,60369.4,59823.0,59793.10505
A3-E1-S1-T2.0-62,A3,E1,TRAIN,SHORT,2024-09-22T12:00:00+00:00,2024-09-22T11:00:00+00:00,2024-09-22T22:00:00+00:00,62751.4,63546.9,61160.4,S1,2.0,SL,-1.0,0.06310637335009428,-1.0631063733500943,11,NONE,PASS,2024-09-22T08:00:00+00:00,63546.9,62801.2,62769.864949999996
A3-E1-S1-T2.0-63,A3,E1,TRAIN,LONG,2024-10-06T15:00:00+00:00,2024-10-06T14:00:00+00:00,2024-10-09T14:00:00+00:00,62679.7,61671.9,64695.29999999999,S1,2.0,SL,-1.0,0.0497556658067079,-1.049755665806708,72,NONE,PASS,2024-10-06T12:00:00+00:00,62159.4,61671.9,62190.495650000004
A3-E1-S1-T2.0-64,A3,E1,TRAIN,LONG,2024-10-11T14:00:00+00:00,2024-10-11T13:00:00+00:00,2024-10-14T13:00:00+00:00,61649.9,58900.0,67149.70000000001,S1,2.0,TIME,1.2619004327430077,0.017935168551583686,1.243965264191424,72,NONE,PASS,2024-10-11T12:00:00+00:00,61228.9,58900.0,61259.57495
A3-E1-S1-T2.0-65,A3,E1,TRAIN,SHORT,2024-10-19T14:00:00+00:00,2024-10-19T13:00:00+00:00,2024-10-20T22:00:00+00:00,68090.0,69000.0,66270.0,S1,2.0,SL,-1.0,0.05985934065934066,-1.0598593406593406,33,NONE,PASS,2024-10-19T12:00:00+00:00,69000.0,68173.4,68139.3642
A3-E1-S1-T2.0-66,A3,E1,TRAIN,LONG,2024-10-27T19:00:00+00:00,2024-10-27T18:00:00+00:00,2024-10-28T10:00:00+00:00,67536.6,66909.4,68791.00000000003,S1,2.0,TP,2.0,0.08614362244897801,1.913856377551022,16,NONE,PASS,2024-10-27T12:00:00+00:00,67493.4,66909.4,67527.19529999999
A3-E1-S1-T2.0-67,A3,E1,TRAIN,LONG,2024-11-29T13:00:00+00:00,2024-11-29T12:00:00+00:00,2024-12-02T12:00:00+00:00,96988.9,94768.0,101430.69999999998,S1,2.0,TIME,-0.8802737628889212,0.034936791390877665,-0.9152105542797989,72,NONE,PASS,2024-11-29T12:00:00+00:00,96932.9,94768.0,96981.5511
A3-E1-S1-T2.0-68,A3,E1,TRAIN,SHORT,2024-12-08T10:00:00+00:00,2024-12-08T09:00:00+00:00,2024-12-08T13:00:00+00:00,98942.0,100497.5,95831.0,S1,2.0,SL,-1.0,0.05088627450980392,-1.050886274509804,4,NONE,PASS,2024-12-08T08:00:00+00:00,100497.5,99101.7,99052.18274999999
A3-E1-S1-T2.0-69,A3,E1,TRAIN,LONG,2024-12-14T03:00:00+00:00,2024-12-14T02:00:00+00:00,2024-12-16T16:00:00+00:00,101994.5,99446.4,107090.70000000001,S1,2.0,TP,2.0,0.03202213413916244,1.9679778658608376,62,NONE,PASS,2024-12-14T00:00:00+00:00,101869.5,99446.4,101920.55645
A3-E1-S1-T2.0-70,A3,E1,TRAIN,SHORT,2024-12-22T06:00:00+00:00,2024-12-22T05:00:00+00:00,2024-12-24T18:00:00+00:00,96135.3,99137.5,90130.90000000001,S1,2.0,SL,-1.0,0.025617293984411458,-1.0256172939844115,61,NONE,PASS,2024-12-22T04:00:00+00:00,99137.5,96375.0,96326.96895
A3-E1-S1-T2.0-71,A3,E1,TRAIN,SHORT,2024-12-29T16:00:00+00:00,2024-12-29T15:00:00+00:00,2024-12-30T14:00:00+00:00,94468.4,95700.0,92005.19999999998,S1,2.0,TP,2.0,0.061363039948034784,1.9386369600519653,23,NONE,PASS,2024-12-29T12:00:00+00:00,95700.0,94666.6,94619.31580000001
A3-E1-S1-T2.0-72,A3,E1,TRAIN,LONG,2025-01-12T18:00:00+00:00,2025-01-12T17:00:00+00:00,2025-01-13T06:00:00+00:00,95088.0,93661.1,97941.79999999999,S1,2.0,SL,-1.0,0.05331165463592425,-1.0533116546359242,13,NONE,PASS,2025-01-12T16:00:00+00:00,94988.0,93661.1,95035.5178
A3-E1-S1-T2.0-73,A3,E1,TRAIN,SHORT,2025-01-31T04:00:00+00:00,2025-01-31T03:00:00+00:00,2025-02-02T03:00:00+00:00,104286.7,106450.0,99960.09999999999,S1,2.0,TP,2.0,0.0385657837562982,1.9614342162437017,48,NONE,PASS,2025-01-31T00:00:00+00:00,106450.0,104356.1,104303.94995000001
A3-E1-S1-T2.0-74,A3,E1,TRAIN,LONG,2025-02-07T14:00:00+00:00,2025-02-07T13:00:00+00:00,2025-02-07T20:00:00+00:00,98787.9,95613.5,105136.69999999998,S1,2.0,SL,-1.0,0.024896144153225854,-1.0248961441532258,7,NONE,PASS,2025-02-07T12:00:00+00:00,97835.0,95613.5,97883.95865
A3-E1-S1-T2.0-75,A3,E1,TRAIN,LONG,2025-02-09T04:00:00+00:00,2025-02-09T03:00:00+00:00,2025-02-09T21:00:00+00:00,97278.4,95600.0,100635.19999999998,S1,2.0,SL,-1.0,0.04636720686367986,-1.0463672068636798,18,NONE,PASS,2025-02-09T00:00:00+00:00,96725.2,95600.0,96773.6673
A3-E1-S1-T2.0-76,A3,E1,TRAIN,SHORT,2025-02-16T09:00:00+00:00,2025-02-16T08:00:00+00:00,2025-02-17T15:00:00+00:00,97120.4,97899.8,95561.59999999998,S1,2.0,TP,2.0,0.09968734924300633,1.9003126507569936,31,NONE,PASS,2025-02-16T08:00:00+00:00,97899.8,97274.5,97225.8963
A3-E1-S1-T2.0-77,A3,E1,TRAIN,SHORT,2025-02-23T15:00:00+00:00,2025-02-23T14:00:00+00:00,2025-02-24T22:00:00+00:00,95540.3,96794.6,93031.7,S1,2.0,TP,2.0,0.06093617156979975,1.9390638284302002,32,NONE,PASS,2025-02-23T12:00:00+00:00,96794.6,96030.0,95982.1542
A3-E1-S1-T2.0-78,A3,E1,VALIDATION,SHORT,2025-03-09T11:00:00+00:00,2025-03-09T10:00:00+00:00,2025-03-09T22:00:00+00:00,84816.7,86587.0,81276.09999999999,S1,2.0,TP,2.0,0.03832873524261418,1.9616712647573857,12,NONE,PASS,2025-03-09T08:00:00+00:00,86587.0,85605.5,85562.7335
A3-E1-S1-T2.0-79,A3,E1,VALIDATION,LONG,2025-03-14T12:00:00+00:00,2025-03-14T11:00:00+00:00,2025-03-17T11:00:00+00:00,83202.8,79903.4,89801.60000000002,S1,2.0,TIME,0.08249984845729416,0.020174043765533074,0.06232580469176109,72,NONE,PASS,2025-03-14T08:00:00+00:00,82900.0,79903.4,82941.5
A3-E1-S1-T2.0-80,A3,E1,VALIDATION,SHORT,2025-04-05T15:00:00+00:00,2025-04-05T14:00:00+00:00,2025-04-06T18:00:00+00:00,82867.5,84580.0,79442.5,S1,2.0,TP,2.0,0.038711824817518246,1.9612881751824818,28,NONE,PASS,2025-04-05T12:00:00+00:00,84580.0,82915.3,82873.94295
A3-E1-S1-T2.0-81,A3,E1,VALIDATION,LONG,2025-04-11T13:00:00+00:00,2025-04-11T12:00:00+00:00,2025-04-14T12:00:00+00:00,82075.9,78416.0,89395.69999999998,S1,2.0,TIME,0.8262520833902579,0.017940577611410175,0.8083115057788477,72,NONE,PASS,2025-04-11T08:00:00+00:00,81909.9,78416.0,81951.094
A3-E1-S1-T2.0-82,A3,E1,VALIDATION,SHORT,2025-04-15T21:00:00+00:00,2025-04-15T20:00:00+00:00,2025-04-18T20:00:00+00:00,83984.0,86443.0,79066.0,S1,2.0,TIME,-0.20077267181781094,0.027322976819845468,-0.2280956486376564,72,NONE,PASS,2025-04-15T20:00:00+00:00,86443.0,84096.3,84054.3227
A3-E1-S1-T2.0-83,A3,E1,VALIDATION,LONG,2025-04-19T06:00:00+00:00,2025-04-19T05:00:00+00:00,2025-04-20T10:00:00+00:00,85046.5,84260.0,86619.5,S1,2.0,SL,-1.0,0.0865062937062937,-1.0865062937062937,29,NONE,PASS,2025-04-19T04:00:00+00:00,84947.8,84260.0,84990.29795000001
A3-E1-S1-T2.0-84,A3,E1,VALIDATION,LONG,2025-04-25T15:00:00+00:00,2025-04-25T14:00:00+00:00,2025-04-28T14:00:00+00:00,95338.4,92625.0,100765.19999999998,S1,2.0,TIME,-0.3576693447335454,0.028108911328960037,-0.38577825606250543,72,NONE,PASS,2025-04-25T12:00:00+00:00,94409.5,92625.0,94456.80115
A3-E1-S1-T2.0-85,A3,E1,VALIDATION,SHORT,2025-05-03T11:00:00+00:00,2025-05-03T10:00:00+00:00,2025-05-06T10:00:00+00:00,95853.7,97865.4,91830.3,S1,2.0,TIME,0.9731073221653299,0.03811848685191635,0.9349888353134136,72,NONE,PASS,2025-05-03T04:00:00+00:00,97865.4,96255.0,96206.9321
A3-E1-S1-T2.0-86,A3,E1,VALIDATION,SHORT,2025-05-15T07:00:00+00:00,2025-05-15T06:00:00+00:00,2025-05-16T02:00:00+00:00,102211.0,104319.0,97995.0,S1,2.0,SL,-1.0,0.03878975332068311,-1.0387897533206831,20,NONE,PASS,2025-05-15T04:00:00+00:00,104319.0,102536.0,102484.8372
A3-E1-S1-T2.0-87,A3,E1,VALIDATION,LONG,2025-05-18T08:00:00+00:00,2025-05-18T07:00:00+00:00,2025-05-18T23:00:00+00:00,103893.0,102591.0,106497.0,S1,2.0,TP,2.0,0.06383594470046083,1.9361640552995392,16,NONE,PASS,2025-05-18T04:00:00+00:00,103506.5,102591.0,103558.2989
A3-E1-S1-T2.0-88,A3,E1,VALIDATION,SHORT,2025-05-25T10:00:00+00:00,2025-05-25T09:00:00+00:00,2025-05-25T23:00:00+00:00,107083.9,109227.1,102797.49999999997,S1,2.0,SL,-1.0,0.03997159387831258,-1.0399715938783125,14,NONE,PASS,2025-05-25T08:00:00+00:00,109227.1,107142.0,107088.46735
A3-E1-S1-T2.0-89,A3,E1,VALIDATION,LONG,2025-06-01T20:00:00+00:00,2025-06-01T19:00:00+00:00,2025-06-02T13:00:00+00:00,105075.2,103704.1,107817.39999999998,S1,2.0,SL,-1.0,0.061308555174677655,-1.0613085551746777,18,NONE,PASS,2025-06-01T16:00:00+00:00,104859.3,103704.1,104911.7922
A3-E1-S1-T2.0-90,A3,E1,VALIDATION,LONG,2025-06-07T14:00:00+00:00,2025-06-07T13:00:00+00:00,2025-06-09T21:00:00+00:00,105550.5,103800.1,109051.29999999999,S1,2.0,TP,2.0,0.04824063071298006,1.9517593692870199,56,NONE,PASS,2025-06-07T12:00:00+00:00,105293.0,103800.1,105345.70145
A3-E1-S1-T2.0-91,A3,E1,VALIDATION,LONG,2025-06-15T05:00:00+00:00,2025-06-15T04:00:00+00:00,2025-06-16T18:00:00+00:00,105510.0,104225.4,108079.20000000001,S1,2.0,TP,2.0,0.06570761326482923,1.9342923867351707,38,NONE,PASS,2025-06-15T00:00:00+00:00,105438.0,104225.4,105490.7937
A3-E1-S1-T2.0-92,A3,E1,VALIDATION,SHORT,2025-06-22T01:00:00+00:00,2025-06-22T00:00:00+00:00,2025-06-22T13:00:00+00:00,102815.2,103940.6,100564.39999999998,S1,2.0,TP,2.0,0.07308704460636162,1.9269129553936384,13,NONE,PASS,2025-06-21T16:00:00+00:00,103940.6,102903.6,102852.2896
A3-E1-S1-T2.0-93,A3,E1,VALIDATION,LONG,2025-06-25T12:00:00+00:00,2025-06-25T11:00:00+00:00,2025-06-28T11:00:00+00:00,107136.3,104890.0,111628.90000000001,S1,2.0,TIME,0.0819124782976449,0.03815565151582598,0.04375682678181893,72,NONE,PASS,2025-06-25T08:00:00+00:00,106950.0,104890.0,107003.5343
A3-E1-S1-T2.0-94,A3,E1,VALIDATION,LONG,2025-06-29T10:00:00+00:00,2025-06-29T09:00:00+00:00,2025-06-30T14:00:00+00:00,107852.1,107039.8,109476.70000000001,S1,2.0,SL,-1.0,0.10621898313430961,-1.1062189831343097,29,NONE,PASS,2025-06-29T08:00:00+00:00,107538.0,107039.8,107591.829
A3-E1-S1-T2.0-95,A3,E1,VALIDATION,LONG,2025-07-06T19:00:00+00:00,2025-07-06T18:00:00+00:00,2025-07-07T18:00:00+00:00,108424.0,107743.4,109785.20000000001,S1,2.0,SL,-1.0,0.1274451954158085,-1.1274451954158085,24,NONE,PASS,2025-07-06T12:00:00+00:00,108211.0,107743.4,108265.3566
A3-E1-S1-T2.0-96,A3,E1,VALIDATION,LONG,2025-07-13T14:00:00+00:00,2025-07-13T13:00:00+00:00,2025-07-14T03:00:00+00:00,118550.0,116960.0,121730.0,S1,2.0,TP,2.0,0.059647798742138367,1.9403522012578616,14,NONE,PASS,2025-07-13T12:00:00+00:00,118058.3,116960.0,118117.49105
A3-E1-S1-T2.0-97,A3,E1,VALIDATION,LONG,2025-07-20T15:00:00+00:00,2025-07-20T14:00:00+00:00,2025-07-20T22:00:00+00:00,118433.0,117245.9,120807.20000000001,S1,2.0,SL,-1.0,0.07981332659422083,-1.079813326594221,8,NONE,PASS,2025-07-20T12:00:00+00:00,118261.6,117245.9,118320.78935
A3-E1-S1-T2.0-98,A3,E1,VALIDATION,LONG,2025-07-26T13:00:00+00:00,2025-07-26T12:00:00+00:00,2025-07-29T12:00:00+00:00,117885.0,114846.1,123962.79999999999,S1,2.0,TIME,0.3218598835104833,0.031033597683372334,0.29082628582711095,72,NONE,PASS,2025-07-26T08:00:00+00:00,117740.6,114846.1,117799.57715000001
A3-E1-S1-T2.0-99,A3,E1,VALIDATION,LONG,2025-08-03T13:00:00+00:00,2025-08-03T12:00:00+00:00,2025-08-06T12:00:00+00:00,113957.0,111850.0,118171.0,S1,2.0,TIME,-0.04000949216896199,0.04326796392975795,-0.08327745609871995,72,NONE,PASS,2025-08-03T08:00:00+00:00,113749.7,111850.0,113806.62299999999
A3-E1-S1-T2.0-100,A3,E1,VALIDATION,LONG,2025-08-17T08:00:00+00:00,2025-08-17T07:00:00+00:00,2025-08-18T00:00:00+00:00,117949.9,117089.7,119670.29999999999,S1,2.0,SL,-1.0,0.10969532666821707,-1.109695326668217,17,NONE,PASS,2025-08-17T04:00:00+00:00,117786.0,117089.7,117845.01175
A3-E1-S1-T2.0-101,A3,E1,VALIDATION,SHORT,2025-08-23T13:00:00+00:00,2025-08-23T12:00:00+00:00,2025-08-24T19:00:00+00:00,115175.8,117397.4,110732.60000000002,S1,2.0,TP,2.0,0.041474900972272404,1.9585250990277276,31,NONE,PASS,2025-08-23T12:00:00+00:00,117397.4,115414.3,115356.66665
A3-E1-S1-T2.0-102,A3,E1,VALIDATION,SHORT,2025-08-29T05:00:00+00:00,2025-08-29T04:00:00+00:00,2025-08-29T20:00:00+00:00,111456.8,113429.0,107512.40000000001,S1,2.0,TP,2.0,0.0452111550552683,1.9547888449447317,16,NONE,PASS,2025-08-29T00:00:00+00:00,113429.0,111829.4,111773.6875
A3-E1-S1-T2.0-103,A3,E1,VALIDATION,SHORT,2025-09-06T19:00:00+00:00,2025-09-06T18:00:00+00:00,2025-09-08T08:00:00+00:00,110176.3,111655.5,107217.90000000001,S1,2.0,SL,-1.0,0.05958696592752851,-1.0595869659275285,38,NONE,PASS,2025-09-06T16:00:00+00:00,111655.5,110285.2,110230.0969
A3-E1-S1-T2.0-104,A3,E1,VALIDATION,SHORT,2025-09-19T15:00:00+00:00,2025-09-19T14:00:00+00:00,2025-09-22T06:00:00+00:00,115849.7,117875.2,111798.7,S1,2.0,TP,2.0,0.04575648481856332,1.9542435151814366,64,NONE,PASS,2025-09-19T12:00:00+00:00,117875.2,116250.7,116192.63795
A3-E1-S1-T2.0-105,A3,E1,VALIDATION,SHORT,2025-10-14T05:00:00+00:00,2025-10-14T04:00:00+00:00,2025-10-16T20:00:00+00:00,113012.9,115827.6,107383.49999999997,S1,2.0,TP,2.0,0.03212076597861215,1.9678792340213878,64,NONE,PASS,2025-10-14T04:00:00+00:00,115827.6,113566.1,113509.37950000001
A3-E1-S1-T2.0-106,A3,E1,VALIDATION,LONG,2025-10-26T14:00:00+00:00,2025-10-26T13:00:00+00:00,2025-10-29T13:00:00+00:00,113669.4,111094.4,118819.4,S1,2.0,TIME,-0.3280388349514552,0.03531476504854369,-0.3633535999999989,72,NONE,PASS,2025-10-26T12:00:00+00:00,113442.5,111094.4,113499.26535
A3-E1-S1-T2.0-107,A3,E1,VALIDATION,LONG,2025-11-02T07:00:00+00:00,2025-11-02T06:00:00+00:00,2025-11-02T22:00:00+00:00,110610.0,109654.5,112521.0,S1,2.0,SL,-1.0,0.09260910518053375,-1.0926091051805338,16,NONE,PASS,2025-11-02T04:00:00+00:00,110487.0,109654.5,110542.3124
A3-E1-S1-T2.0-108,A3,E1,VALIDATION,SHORT,2025-11-16T17:00:00+00:00,2025-11-16T16:00:00+00:00,2025-11-18T04:00:00+00:00,94185.4,96600.0,89356.19999999998,S1,2.0,TP,2.0,0.031205301085065775,1.9687946989149343,36,NONE,PASS,2025-11-16T16:00:00+00:00,96600.0,94800.0,94752.73435
A3-E1-S1-T2.0-109,A3,E1,VALIDATION,LONG,2025-11-23T10:00:00+00:00,2025-11-23T09:00:00+00:00,2025-11-26T09:00:00+00:00,86348.2,83456.0,92132.59999999999,S1,2.0,TIME,0.15617868750432112,0.02388443399488281,0.1322942535094383,72,NONE,PASS,2025-11-23T04:00:00+00:00,86300.0,83456.0,86343.24965
A3-E1-S1-T2.0-110,A3,E1,VALIDATION,LONG,2025-11-30T17:00:00+00:00,2025-11-30T16:00:00+00:00,2025-12-01T00:00:00+00:00,91789.4,90092.7,95182.79999999999,S1,2.0,SL,-1.0,0.04327902398774098,-1.043279023987741,8,NONE,PASS,2025-11-30T12:00:00+00:00,91580.0,90092.7,91625.86345
A3-E1-S1-T2.0-111,A3,E1,VALIDATION,SHORT,2025-12-05T16:00:00+00:00,2025-12-05T15:00:00+00:00,2025-12-08T15:00:00+00:00,90414.0,92676.8,85888.4,S1,2.0,TIME,0.22158387838076432,0.03196535266042068,0.18961852572034366,72,NONE,PASS,2025-12-05T12:00:00+00:00,92676.8,90822.5,90777.2832
A3-E1-S1-T2.0-112,A3,E1,OOS,LONG,2025-12-21T10:00:00+00:00,2025-12-21T09:00:00+00:00,2025-12-21T13:00:00+00:00,88868.0,87698.5,91207.0,S1,2.0,SL,-1.0,0.060790423257802484,-1.0607904232578025,4,NONE,PASS,2025-12-21T08:00:00+00:00,88434.9,87698.5,88479.15449999999
A3-E1-S1-T2.0-113,A3,E1,OOS,LONG,2025-12-25T18:00:00+00:00,2025-12-25T17:00:00+00:00,2025-12-25T23:00:00+00:00,88096.2,87219.0,89850.59999999999,S1,2.0,SL,-1.0,0.08034309165526703,-1.080343091655267,6,NONE,PASS,2025-12-25T16:00:00+00:00,88033.3,87219.0,88077.46945
A3-E1-S1-T2.0-114,A3,E1,OOS,LONG,2026-01-01T19:00:00+00:00,2026-01-01T18:00:00+00:00,2026-01-02T10:00:00+00:00,88165.3,87508.4,89479.10000000002,S1,2.0,TP,2.0,0.1073713502816244,1.8926286497183755,16,NONE,PASS,2026-01-01T16:00:00+00:00,88079.3,87508.4,88123.44065
A3-E1-S1-T2.0-115,A3,E1,OOS,LONG,2026-01-11T15:00:00+00:00,2026-01-11T14:00:00+00:00,2026-01-11T20:00:00+00:00,91074.8,90358.5,92507.40000000001,S1,2.0,SL,-1.0,0.10171693424542749,-1.1017169342454274,6,NONE,PASS,2026-01-11T12:00:00+00:00,90818.0,90358.5,90863.44465
A3-E1-S1-T2.0-116,A3,E1,OOS,SHORT,2026-01-16T19:00:00+00:00,2026-01-16T18:00:00+00:00,2026-01-19T00:00:00+00:00,94966.6,95901.6,93096.6,S1,2.0,TP,2.0,0.0812548449197861,1.918745155080214,54,NONE,PASS,2026-01-16T16:00:00+00:00,95901.6,95080.0,95032.73125
A3-E1-S1-T2.0-117,A3,E1,OOS,SHORT,2026-01-25T05:00:00+00:00,2026-01-25T04:00:00+00:00,2026-01-25T16:00:00+00:00,88977.4,89667.6,87596.99999999997,S1,2.0,TP,2.0,0.1031323094755126,1.8968676905244874,12,NONE,PASS,2026-01-25T04:00:00+00:00,89667.6,89025.3,88980.84
A3-E1-S1-T2.0-118,A3,E1,OOS,SHORT,2026-02-03T17:00:00+00:00,2026-02-03T16:00:00+00:00,2026-02-05T04:00:00+00:00,76458.2,79163.0,71048.59999999999,S1,2.0,TP,2.0,0.022614078674948218,1.9773859213250518,36,NONE,PASS,2026-02-03T12:00:00+00:00,79163.0,77566.5,77527.91775
A3-E1-S1-T2.0-119,A3,E1,OOS,LONG,2026-02-08T11:00:00+00:00,2026-02-08T10:00:00+00:00,2026-02-11T04:00:00+00:00,70231.1,67870.2,74952.90000000002,S1,2.0,SL,-1.0,0.023798077004532084,-1.023798077004532,66,NONE,PASS,2026-02-08T08:00:00+00:00,70000.0,67870.2,70035.31225
A3-E1-S1-T2.0-120,A3,E1,OOS,SHORT,2026-02-11T13:00:00+00:00,2026-02-11T12:00:00+00:00,2026-02-14T11:00:00+00:00,67099.2,69957.9,61381.8,S1,2.0,SL,-1.0,0.018777542239479503,-1.0187775422394796,71,NONE,PASS,2026-02-11T04:00:00+00:00,69957.9,67320.0,67286.606
A3-E1-S1-T2.0-121,A3,E1,OOS,LONG,2026-02-21T18:00:00+00:00,2026-02-21T17:00:00+00:00,2026-02-22T14:00:00+00:00,68408.8,67437.6,70351.2,S1,2.0,SL,-1.0,0.05634991762767727,-1.0563499176276774,21,NONE,PASS,2026-02-21T12:00:00+00:00,68280.0,67437.6,68314.2083
A3-E1-S1-T2.0-122,A3,E1,OOS,SHORT,2026-03-06T14:00:00+00:00,2026-03-06T13:00:00+00:00,2026-03-09T13:00:00+00:00,69189.6,71620.6,64327.600000000006,S1,2.0,TIME,0.10271493212670162,0.022769099136157964,0.07994583299054366,72,NONE,PASS,2026-03-06T12:00:00+00:00,71620.6,70100.0,70065.0524
A3-E1-S1-T2.0-123,A3,E1,OOS,LONG,2026-03-13T13:00:00+00:00,2026-03-13T12:00:00+00:00,2026-03-16T12:00:00+00:00,72735.3,69303.8,79598.3,S1,2.0,TIME,0.3190150080139872,0.016957085822526596,0.3020579221914606,72,NONE,PASS,2026-03-13T08:00:00+00:00,72156.4,69303.8,72192.6106
A3-E1-S1-T2.0-124,A3,E1,OOS,SHORT,2026-03-26T16:00:00+00:00,2026-03-26T15:00:00+00:00,2026-03-29T15:00:00+00:00,69054.8,71742.2,63680.000000000015,S1,2.0,TIME,0.9506586291582974,0.020556612339063828,0.9301020168192335,72,NONE,PASS,2026-03-26T12:00:00+00:00,71742.2,69366.0,69331.38035
A3-E1-S1-T2.0-125,A3,E1,OOS,LONG,2026-04-04T12:00:00+00:00,2026-04-04T11:00:00+00:00,2026-04-05T06:00:00+00:00,67128.9,66600.0,68186.69999999998,S1,2.0,SL,-1.0,0.10153737946681904,-1.101537379466819,19,NONE,PASS,2026-04-04T08:00:00+00:00,67046.1,66600.0,67079.66955
A3-E1-S1-T2.0-126,A3,E1,OOS,LONG,2026-04-11T21:00:00+00:00,2026-04-11T20:00:00+00:00,2026-04-12T01:00:00+00:00,73252.9,72451.9,74854.9,S1,2.0,SL,-1.0,0.07316144818976279,-1.073161448189763,5,NONE,PASS,2026-04-11T16:00:00+00:00,73213.4,72451.9,73250.15795
A3-E1-S1-T2.0-127,A3,E1,OOS,SHORT,2026-04-12T15:00:00+00:00,2026-04-12T14:00:00+00:00,2026-04-13T22:00:00+00:00,70714.3,73773.4,64596.10000000002,S1,2.0,SL,-1.0,0.01849283776274073,-1.0184928377627407,32,NONE,PASS,2026-04-12T12:00:00+00:00,73773.4,71000.0,70964.56925
A3-E1-S1-T2.0-128,A3,E1,OOS,SHORT,2026-04-18T16:00:00+00:00,2026-04-18T15:00:00+00:00,2026-04-21T15:00:00+00:00,76124.8,78300.0,71774.40000000001,S1,2.0,TIME,0.1493655755792613,0.027997351967635198,0.12136822361162611,72,NONE,PASS,2026-04-18T08:00:00+00:00,78300.0,76357.1,76319.02500000001
A3-E1-S1-T2.0-129,A3,E1,OOS,LONG,2026-04-26T07:00:00+00:00,2026-04-26T06:00:00+00:00,2026-04-27T15:00:00+00:00,77963.2,77100.0,79689.59999999999,S1,2.0,SL,-1.0,0.0722550509731235,-1.0722550509731235,33,NONE,PASS,2026-04-26T04:00:00+00:00,77847.0,77100.0,77885.9747
A3-E1-S1-T2.0-130,A3,E1,OOS,LONG,2026-05-02T23:00:00+00:00,2026-05-02T22:00:00+00:00,2026-05-04T03:00:00+00:00,78793.2,77979.3,80420.99999999999,S1,2.0,TP,2.0,0.07744754883892425,1.9225524511610756,29,NONE,PASS,2026-05-02T20:00:00+00:00,78565.9,77979.3,78605.24489999999
A3-E1-S1-T2.0-131,A3,E1,OOS,SHORT,2026-05-16T10:00:00+00:00,2026-05-16T09:00:00+00:00,2026-05-19T09:00:00+00:00,78052.1,80716.9,72722.50000000003,S1,2.0,TIME,0.4745947163014174,0.02343203242269599,0.45116268387872144,72,NONE,PASS,2026-05-16T08:00:00+00:00,80716.9,78393.9,78354.73285
A3-E1-S1-T2.0-132,A3,E1,OOS,SHORT,2026-05-22T18:00:00+00:00,2026-05-22T17:00:00+00:00,2026-05-23T07:00:00+00:00,76714.5,77890.0,74363.5,S1,2.0,TP,2.0,0.0522089323692046,1.9477910676307955,14,NONE,PASS,2026-05-22T12:00:00+00:00,77890.0,77085.5,77047.1327
A3-E1-S1-T2.0-133,A3,E1,OOS,SHORT,2026-05-31T16:00:00+00:00,2026-05-31T15:00:00+00:00,2026-06-01T11:00:00+00:00,73613.5,74250.0,72340.5,S1,2.0,TP,2.0,0.09252285938727417,1.9074771406127258,20,NONE,PASS,2026-05-31T12:00:00+00:00,74250.0,73701.0,73664.21485
A3-E1-S1-T2.0-134,A3,E1,OOS,LONG,2026-06-07T07:00:00+00:00,2026-06-07T06:00:00+00:00,2026-06-10T06:00:00+00:00,62080.1,60146.0,65948.29999999999,S1,2.0,TIME,-0.3327645933509121,0.02567813453285768,-0.35844272788376974,72,NONE,PASS,2026-06-07T04:00:00+00:00,61763.9,60146.0,61794.82705
A3-E1-S1-T2.0-135,A3,E1,OOS,LONG,2026-06-11T12:00:00+00:00,2026-06-11T11:00:00+00:00,2026-06-14T11:00:00+00:00,63078.0,61068.6,67096.8,S1,2.0,TIME,0.713496566139144,0.02511316810988353,0.6883833980292605,72,NONE,PASS,2026-06-11T08:00:00+00:00,63043.1,61068.6,63074.660149999996
A3-E1-S1-T2.0-136,A3,E1,OOS,SHORT,2026-06-14T20:00:00+00:00,2026-06-14T19:00:00+00:00,2026-06-14T21:00:00+00:00,63777.3,64738.0,61855.90000000001,S1,2.0,SL,-1.0,0.05310902466951198,-1.053109024669512,2,NONE,PASS,2026-06-14T16:00:00+00:00,64738.0,63830.0,63798.14695
A3-E1-S1-T2.0-137,A3,E1,OOS,LONG,2026-06-20T01:00:00+00:00,2026-06-20T00:00:00+00:00,2026-06-23T00:00:00+00:00,63496.8,62237.2,66016.00000000001,S1,2.0,TIME,0.4942838996506793,0.04032823118450283,0.45395566846617647,72,NONE,PASS,2026-06-20T00:00:00+00:00,63410.3,62237.2,63442.056300000004
A3-E1-S1-T2.0-138,A3,E1,OOS,LONG,2026-06-27T17:00:00+00:00,2026-06-27T16:00:00+00:00,2026-06-28T16:00:00+00:00,60785.0,59556.0,63243.0,S1,2.0,SL,-1.0,0.03956712774613507,-1.0395671277461351,24,NONE,PASS,2026-06-27T16:00:00+00:00,60697.6,59556.0,60728.0086
A3-E1-S1-T2.0-139,A3,E1,OOS,LONG,2026-07-04T02:00:00+00:00,2026-07-04T01:00:00+00:00,2026-07-07T01:00:00+00:00,62450.0,61229.0,64892.0,S1,2.0,TIME,1.117936117936118,0.04091728091728092,1.0770188370188372,72,NONE,PASS,2026-07-03T20:00:00+00:00,62386.7,61229.0,62418.07965
A3-E1-S1-T2.0-140,A3,E1,OOS,LONG,2026-07-11T21:00:00+00:00,2026-07-11T20:00:00+00:00,2026-07-12T06:00:00+00:00,64353.2,63619.9,65819.79999999999,S1,2.0,SL,-1.0,0.07020668212191505,-1.0702066821219152,10,NONE,PASS,2026-07-11T12:00:00+00:00,64288.7,63619.9,64320.860499999995
A3-E1-S1-T2.0-141,A3,E1,OOS,LONG,2026-07-18T18:00:00+00:00,2026-07-18T17:00:00+00:00,2026-07-20T06:00:00+00:00,64450.0,63859.6,65630.8,S1,2.0,SL,-1.0,0.08733062330623285,-1.0873306233062328,37,NONE,PASS,2026-07-18T16:00:00+00:00,64237.7,63859.6,64269.8391
A3-E1-S1-T2.0-142,A3,E1,OOS,LONG,2026-07-25T23:00:00+00:00,2026-07-25T22:00:00+00:00,2026-07-27T06:00:00+00:00,64377.6,63760.5,65611.79999999999,S1,2.0,TP,1.9999999999999882,0.08345824015556655,1.9165417598444217,32,NONE,PASS,2026-07-25T16:00:00+00:00,64330.2,63760.5,64362.395699999994
A3-E1-S1-T2.0-143,A3,E1,OOS,SHORT,2026-07-31T13:00:00+00:00,2026-07-31T12:00:00+00:00,2026-08-03T12:00:00+00:00,63727.4,65391.3,60399.6,S1,2.0,TIME,0.6355550213354162,0.03064001442394372,0.6049150069114725,72,NONE,PASS,2026-07-31T08:00:00+00:00,65391.3,63777.7,63745.8555
A3-E1-S1-T2.0-144,A3,E1,OOS,LONG,2026-08-07T13:00:00+00:00,2026-08-07T12:00:00+00:00,2026-08-10T12:00:00+00:00,65259.1,64128.3,67520.69999999998,S1,2.0,TIME,-0.3721259285461596,0.04616844711708543,-0.41829437566324507,72,NONE,PASS,2026-08-07T12:00:00+00:00,64962.0,64128.3,64994.49805
A3-E1-S1-T2.0-145,A3,E1,OOS,LONG,2026-08-27T12:00:00+00:00,2026-08-27T11:00:00+00:00,2026-08-28T16:00:00+00:00,79440.1,77600.0,83120.30000000002,S1,2.0,SL,-1.0,0.034537296886038696,-1.0345372968860387,29,NONE,PASS,2026-08-27T08:00:00+00:00,79138.7,77600.0,79178.56139999999
A3-E1-S1-T2.0-146,A3,E1,OOS,LONG,2026-08-29T17:00:00+00:00,2026-08-29T16:00:00+00:00,2026-08-30T23:00:00+00:00,77989.1,77210.8,79545.70000000001,S1,2.0,SL,-1.0,0.08016353591160193,-1.080163535911602,31,NONE,PASS,2026-08-29T12:00:00+00:00,77920.0,77210.8,77958.9896
A3-E1-S1-T2.0-147,A3,E1,OOS,LONG,2026-09-05T22:00:00+00:00,2026-09-05T21:00:00+00:00,2026-09-06T14:00:00+00:00,79872.4,79405.2,80806.79999999999,S1,2.0,SL,-1.0,0.13676780821917894,-1.136767808219179,17,NONE,PASS,2026-09-05T16:00:00+00:00,79825.5,79405.2,79865.50075
A3-E1-S1-T2.0-148,A3,E1,OOS,LONG,2026-09-18T09:00:00+00:00,2026-09-18T08:00:00+00:00,2026-09-21T08:00:00+00:00,78229.0,75975.0,82737.0,S1,2.0,TP,2.0,0.027765394853593615,1.9722346051464064,72,NONE,PASS,2026-09-18T08:00:00+00:00,77682.0,75975.0,77720.88805
A3-E1-S1-T2.0-149,A3,E1,OOS,LONG,2026-09-27T09:00:00+00:00,2026-09-27T08:00:00+00:00,2026-09-28T01:00:00+00:00,84753.4,83778.4,86703.4,S1,2.0,SL,-1.0,0.06954125128205127,-1.0695412512820512,17,NONE,PASS,2026-09-27T08:00:00+00:00,84640.0,83778.4,84682.3756
A0-E2-S1-T2.0-1,A0,E2,TRAIN,LONG,2022-10-16T20:00:00+00:00,2022-10-16T20:00:00+00:00,2022-10-19T20:00:00+00:00,19369.8,18966.0,20177.399999999998,S1,2.0,TIME,-0.4524517087667188,0.038375037147102595,-0.4908267459138214,72,NONE,PASS,2022-10-16T20:00:00+00:00,19188.0,18966.0,19197.68495
A0-E2-S1-T2.0-2,A0,E2,TRAIN,SHORT,2022-10-30T17:00:00+00:00,2022-10-30T17:00:00+00:00,2022-11-02T17:00:00+00:00,20592.4,20925.2,19926.800000000003,S1,2.0,TIME,0.4843750000000032,0.04950096153846165,0.43487403846154155,72,NONE,PASS,2022-10-30T16:00:00+00:00,20925.2,20607.1,20596.803799999998
A0-E2-S1-T2.0-3,A0,E2,TRAIN,SHORT,2022-11-06T06:00:00+00:00,2022-11-06T06:00:00+00:00,2022-11-07T08:00:00+00:00,21145.3,21426.0,20583.899999999998,S1,2.0,TP,2.0,0.06026448165301018,1.9397355183469898,26,NONE,PASS,2022-11-06T04:00:00+00:00,21426.0,21162.2,21151.627350000002
A0-E2-S1-T2.0-4,A0,E2,TRAIN,SHORT,2022-11-13T07:00:00+00:00,2022-11-13T07:00:00+00:00,2022-11-14T01:00:00+00:00,16675.1,16996.0,16033.299999999996,S1,2.0,TP,2.0,0.041570832034901646,1.9584291679650982,18,NONE,PASS,2022-11-13T04:00:00+00:00,16996.0,16746.7,16738.3625
A0-E2-S1-T2.0-5,A0,E2,TRAIN,LONG,2022-11-18T01:00:00+00:00,2022-11-18T01:00:00+00:00,2022-11-20T21:00:00+00:00,16938.5,16403.3,18008.9,S1,2.0,SL,-1.0,0.02531913303437964,-1.0253191330343796,68,NONE,PASS,2022-11-18T00:00:00+00:00,16740.0,16403.3,16748.4693
A0-E2-S1-T2.0-6,A0,E2,TRAIN,SHORT,2022-11-25T05:00:00+00:00,2022-11-25T05:00:00+00:00,2022-11-26T01:00:00+00:00,16382.0,16669.6,15806.800000000003,S1,2.0,SL,-1.0,0.045568845618915395,-1.0455688456189154,20,NONE,PASS,2022-11-25T04:00:00+00:00,16669.6,16450.0,16441.80905
A0-E2-S1-T2.0-7,A0,E2,TRAIN,SHORT,2022-11-28T00:00:00+00:00,2022-11-28T00:00:00+00:00,2022-11-28T02:00:00+00:00,16422.5,16594.2,16079.099999999999,S1,2.0,TP,2.0,0.07651718112987736,1.9234828188701227,2,NONE,PASS,2022-11-28T00:00:00+00:00,16594.2,16505.5,16497.2887
A0-E2-S1-T2.0-8,A0,E2,TRAIN,LONG,2022-12-10T16:00:00+00:00,2022-12-10T16:00:00+00:00,2022-12-12T00:00:00+00:00,17200.3,17052.0,17496.899999999998,S1,2.0,SL,-1.0,0.09278651382333154,-1.0927865138233315,32,NONE,PASS,2022-12-10T16:00:00+00:00,17185.7,17052.0,17194.30015
A0-E2-S1-T2.0-9,A0,E2,TRAIN,SHORT,2022-12-31T23:00:00+00:00,2022-12-31T23:00:00+00:00,2023-01-02T03:00:00+00:00,16515.1,16640.0,16265.299999999996,S1,2.0,SL,-1.0,0.10578126501200838,-1.1057812650120085,28,NONE,PASS,2022-12-31T20:00:00+00:00,16640.0,16530.0,16521.74245
A0-E2-S1-T2.0-10,A0,E2,TRAIN,SHORT,2023-01-06T12:00:00+00:00,2023-01-06T12:00:00+00:00,2023-01-06T19:00:00+00:00,16731.5,16872.8,16448.9,S1,2.0,SL,-1.0,0.09472894550601607,-1.094728945506016,7,NONE,PASS,2023-01-06T12:00:00+00:00,16872.8,16755.0,16746.6343
A0-E2-S1-T2.0-11,A0,E2,TRAIN,LONG,2023-01-08T16:00:00+00:00,2023-01-08T16:00:00+00:00,2023-01-08T23:00:00+00:00,16990.9,16905.0,17162.700000000004,S1,2.0,TP,2.0,0.1582388824214176,1.8417611175785824,7,NONE,PASS,2023-01-08T16:00:00+00:00,16960.0,16905.0,16968.4955
A0-E2-S1-T2.0-12,A0,E2,TRAIN,LONG,2023-01-19T19:00:00+00:00,2023-01-19T19:00:00+00:00,2023-01-20T20:00:00+00:00,20977.1,20621.1,21689.1,S1,2.0,TP,2.0,0.04713955056179775,1.9528604494382023,25,NONE,PASS,2023-01-19T16:00:00+00:00,20962.7,20621.1,20973.18855
A0-E2-S1-T2.0-13,A0,E2,TRAIN,LONG,2023-01-29T02:00:00+00:00,2023-01-29T02:00:00+00:00,2023-01-29T19:00:00+00:00,23232.1,22870.8,23954.699999999997,S1,2.0,TP,2.0,0.051441129255466476,1.9485588707445336,17,NONE,PASS,2023-01-29T00:00:00+00:00,23141.9,22870.8,23153.516000000003
A0-E2-S1-T2.0-14,A0,E2,TRAIN,SHORT,2023-02-05T13:00:00+00:00,2023-02-05T13:00:00+00:00,2023-02-08T13:00:00+00:00,23160.1,23474.4,22531.499999999993,S1,2.0,TIME,0.17849188673241498,0.05895030225898768,0.1195415844734273,72,NONE,PASS,2023-02-05T12:00:00+00:00,23474.4,23211.0,23199.4199
A0-E2-S1-T2.0-15,A0,E2,TRAIN,LONG,2023-02-11T22:00:00+00:00,2023-02-11T22:00:00+00:00,2023-02-13T09:00:00+00:00,21815.7,21600.0,22247.100000000002,S1,2.0,SL,-1.0,0.0809112656467313,-1.0809112656467312,35,NONE,PASS,2023-02-11T20:00:00+00:00,21770.0,21600.0,21780.9078
A0-E2-S1-T2.0-16,A0,E2,TRAIN,LONG,2023-02-19T16:00:00+00:00,2023-02-19T16:00:00+00:00,2023-02-19T17:00:00+00:00,24929.7,24516.7,25755.7,S1,2.0,SL,-1.0,0.04828997578692494,-1.0482899757869248,1,NONE,PASS,2023-02-19T16:00:00+00:00,24867.6,24516.7,24880.06485
A0-E2-S1-T2.0-17,A0,E2,TRAIN,LONG,2023-02-26T03:00:00+00:00,2023-02-26T03:00:00+00:00,2023-03-01T03:00:00+00:00,23226.4,22700.0,24279.200000000004,S1,2.0,TIME,0.3898176291793247,0.035298480243161,0.3545191489361637,72,NONE,PASS,2023-02-26T00:00:00+00:00,23176.1,22700.0,23187.7132
A0-E2-S1-T2.0-18,A0,E2,TRAIN,LONG,2023-03-05T02:00:00+00:00,2023-03-05T02:00:00+00:00,2023-03-07T15:00:00+00:00,22582.7,22147.5,23453.100000000002,S1,2.0,SL,-1.0,0.04151231617647052,-1.0415123161764706,61,NONE,PASS,2023-03-05T00:00:00+00:00,22400.0,22147.5,22411.29135
A0-E2-S1-T2.0-19,A0,E2,TRAIN,LONG,2023-03-19T16:00:00+00:00,2023-03-19T16:00:00+00:00,2023-03-22T16:00:00+00:00,27533.7,26790.0,29021.100000000002,S1,2.0,TIME,1.4829904531397025,0.029618071803146403,1.453372381336556,72,NONE,PASS,2023-03-19T16:00:00+00:00,27453.3,26790.0,27467.06715
A0-E2-S1-T2.0-20,A0,E2,TRAIN,SHORT,2023-03-25T20:00:00+00:00,2023-03-25T20:00:00+00:00,2023-03-26T11:00:00+00:00,27179.4,27788.0,25962.200000000004,S1,2.0,SL,-1.0,0.035727111403220595,-1.0357271114032205,15,NONE,PASS,2023-03-25T20:00:00+00:00,27788.0,27263.1,27249.51025
A0-E2-S1-T2.0-21,A0,E2,TRAIN,LONG,2023-03-26T14:00:00+00:00,2023-03-26T14:00:00+00:00,2023-03-27T14:00:00+00:00,28139.4,27131.8,30154.600000000006,S1,2.0,SL,-1.0,0.022341722905914997,-1.022341722905915,24,NONE,PASS,2023-03-26T12:00:00+00:00,27999.0,27131.8,28013.06975
A0-E2-S1-T2.0-22,A0,E2,TRAIN,LONG,2023-04-08T04:00:00+00:00,2023-04-08T04:00:00+00:00,2023-04-09T22:00:00+00:00,28005.9,27755.0,28507.700000000004,S1,2.0,TP,2.0,0.08929740932642435,1.9107025906735757,42,NONE,PASS,2023-04-08T04:00:00+00:00,27981.1,27755.0,27995.102949999997
A0-E2-S1-T2.0-23,A0,E2,TRAIN,LONG,2023-04-16T19:00:00+00:00,2023-04-16T19:00:00+00:00,2023-04-17T00:00:00+00:00,30487.1,30102.0,31257.299999999996,S1,2.0,SL,-1.0,0.0633333679563752,-1.0633333679563752,5,NONE,PASS,2023-04-16T16:00:00+00:00,30397.4,30102.0,30412.64355
A0-E2-S1-T2.0-24,A0,E2,TRAIN,LONG,2023-04-22T23:00:00+00:00,2023-04-22T23:00:00+00:00,2023-04-24T08:00:00+00:00,27837.8,27166.0,29181.399999999998,S1,2.0,SL,-1.0,0.033150104197677915,-1.0331501041976778,33,NONE,PASS,2023-04-22T20:00:00+00:00,27780.0,27166.0,27793.9189
A0-E2-S1-T2.0-25,A0,E2,TRAIN,SHORT,2023-04-29T18:00:00+00:00,2023-04-29T18:00:00+00:00,2023-04-30T14:00:00+00:00,29142.4,29443.9,28539.4,S1,2.0,SL,-1.0,0.0773264344941957,-1.0773264344941957,20,NONE,PASS,2023-04-29T16:00:00+00:00,29443.9,29180.0,29165.42875
A0-E2-S1-T2.0-26,A0,E2,TRAIN,SHORT,2023-05-06T13:00:00+00:00,2023-05-06T13:00:00+00:00,2023-05-08T08:00:00+00:00,29087.9,29840.0,27583.700000000004,S1,2.0,TP,2.0,0.030940460045206817,1.9690595399547932,43,NONE,PASS,2023-05-06T12:00:00+00:00,29840.0,29108.0,29093.456
A0-E2-S1-T2.0-27,A0,E2,TRAIN,LONG,2023-05-14T16:00:00+00:00,2023-05-14T16:00:00+00:00,2023-05-17T14:00:00+00:00,27071.4,26557.0,28100.200000000004,S1,2.0,SL,-1.0,0.042101710730948566,-1.0421017107309485,70,NONE,PASS,2023-05-14T16:00:00+00:00,26973.0,26557.0,26986.5357
A0-E2-S1-T2.0-28,A0,E2,TRAIN,LONG,2023-05-20T18:00:00+00:00,2023-05-20T18:00:00+00:00,2023-05-21T11:00:00+00:00,27129.9,26813.2,27763.300000000003,S1,2.0,SL,-1.0,0.06853148089674757,-1.0685314808967477,17,NONE,PASS,2023-05-20T16:00:00+00:00,26969.8,26813.2,26983.364999999998
A0-E2-S1-T2.0-29,A0,E2,TRAIN,LONG,2023-06-25T05:00:00+00:00,2023-06-25T05:00:00+00:00,2023-06-26T01:00:00+00:00,30880.1,30222.0,32196.299999999996,S1,2.0,SL,-1.0,0.037538489591247615,-1.0375384895912476,20,NONE,PASS,2023-06-25T04:00:00+00:00,30796.5,30222.0,30811.94005
A0-E2-S1-T2.0-30,A0,E2,TRAIN,SHORT,2023-07-08T20:00:00+00:00,2023-07-08T20:00:00+00:00,2023-07-09T01:00:00+00:00,30100.0,30380.0,29540.0,S1,2.0,SL,-1.0,0.08600000000000001,-1.086,5,NONE,PASS,2023-07-08T20:00:00+00:00,30380.0,30122.0,30106.95
A0-E2-S1-T2.0-31,A0,E2,TRAIN,LONG,2023-07-16T15:00:00+00:00,2023-07-16T15:00:00+00:00,2023-07-17T10:00:00+00:00,30388.6,30050.0,31065.799999999996,S1,2.0,SL,-1.0,0.07179822799763765,-1.0717982279976377,19,NONE,PASS,2023-07-16T12:00:00+00:00,30341.5,30050.0,30356.6943
A0-E2-S1-T2.0-32,A0,E2,TRAIN,LONG,2023-07-21T19:00:00+00:00,2023-07-21T19:00:00+00:00,2023-07-22T23:00:00+00:00,29970.0,29705.9,30498.199999999997,S1,2.0,SL,-1.0,0.09078379401741815,-1.090783794017418,28,NONE,PASS,2023-07-21T16:00:00+00:00,29949.5,29705.9,29964.485
A0-E2-S1-T2.0-33,A0,E2,TRAIN,LONG,2023-07-23T18:00:00+00:00,2023-07-23T18:00:00+00:00,2023-07-24T09:00:00+00:00,30110.1,29602.2,31125.899999999994,S1,2.0,SL,-1.0,0.047426816302421945,-1.0474268163024218,15,NONE,PASS,2023-07-23T16:00:00+00:00,29974.6,29602.2,29989.655049999998
A0-E2-S1-T2.0-34,A0,E2,TRAIN,LONG,2023-07-28T15:00:00+00:00,2023-07-28T15:00:00+00:00,2023-07-30T20:00:00+00:00,29475.6,29065.5,30295.799999999996,S1,2.0,SL,-1.0,0.05749934162399436,-1.0574993416239944,53,NONE,PASS,2023-07-28T12:00:00+00:00,29320.0,29065.5,29334.73785
A0-E2-S1-T2.0-35,A0,E2,TRAIN,LONG,2023-08-20T21:00:00+00:00,2023-08-20T21:00:00+00:00,2023-08-21T10:00:00+00:00,26222.8,25948.5,26771.399999999998,S1,2.0,SL,-1.0,0.07647918337586604,-1.076479183375866,13,NONE,PASS,2023-08-20T20:00:00+00:00,26209.6,25948.5,26222.7114
A0-E2-S1-T2.0-36,A0,E2,TRAIN,LONG,2023-08-27T15:00:00+00:00,2023-08-27T15:00:00+00:00,2023-08-28T05:00:00+00:00,26134.0,25955.6,26490.800000000003,S1,2.0,SL,-1.0,0.11719282511210667,-1.1171928251121066,14,NONE,PASS,2023-08-27T12:00:00+00:00,26087.7,25955.6,26100.767
A0-E2-S1-T2.0-37,A0,E2,TRAIN,SHORT,2023-09-15T12:00:00+00:00,2023-09-15T12:00:00+00:00,2023-09-15T23:00:00+00:00,26415.3,26880.0,25485.899999999998,S1,2.0,SL,-1.0,0.045475016139444734,-1.0454750161394448,11,NONE,PASS,2023-09-15T12:00:00+00:00,26880.0,26428.6,26415.39235
A0-E2-S1-T2.0-38,A0,E2,TRAIN,LONG,2023-09-24T18:00:00+00:00,2023-09-24T18:00:00+00:00,2023-09-24T19:00:00+00:00,26661.3,26529.6,26924.7,S1,2.0,SL,-1.0,0.1619517084282451,-1.1619517084282451,1,NONE,PASS,2023-09-24T16:00:00+00:00,26618.7,26529.6,26632.03065
A0-E2-S1-T2.0-39,A0,E2,TRAIN,LONG,2023-10-01T07:00:00+00:00,2023-10-01T07:00:00+00:00,2023-10-01T22:00:00+00:00,27113.1,26890.4,27558.499999999993,S1,2.0,TP,2.0,0.09739775482712297,1.902602245172877,15,NONE,PASS,2023-10-01T04:00:00+00:00,27085.0,26890.4,27098.55655
A0-E2-S1-T2.0-40,A0,E2,TRAIN,LONG,2023-10-15T19:00:00+00:00,2023-10-15T19:00:00+00:00,2023-10-16T05:00:00+00:00,27046.1,26790.4,27557.499999999993,S1,2.0,TP,2.0,0.0846182244818156,1.9153817755181843,10,NONE,PASS,2023-10-15T16:00:00+00:00,27013.5,26790.4,27027.02305
A0-E2-S1-T2.0-41,A0,E2,TRAIN,SHORT,2023-10-27T18:00:00+00:00,2023-10-27T18:00:00+00:00,2023-10-28T11:00:00+00:00,33609.1,34287.5,32252.299999999996,S1,2.0,SL,-1.0,0.03963337264150935,-1.0396333726415095,17,NONE,PASS,2023-10-27T16:00:00+00:00,34287.5,33774.0,33757.19545
A0-E2-S1-T2.0-42,A0,E2,TRAIN,LONG,2023-10-29T13:00:00+00:00,2023-10-29T13:00:00+00:00,2023-11-01T13:00:00+00:00,34440.7,33933.0,35456.09999999999,S1,2.0,TIME,0.33878274571597594,0.054269371676187034,0.28451337403978894,72,NONE,PASS,2023-10-29T12:00:00+00:00,34349.4,33933.0,34366.6203
A0-E2-S1-T2.0-43,A0,E2,TRAIN,LONG,2023-11-04T23:00:00+00:00,2023-11-04T23:00:00+00:00,2023-11-05T21:00:00+00:00,35171.8,34571.6,36372.20000000001,S1,2.0,SL,-1.0,0.046880106631122624,-1.0468801066311226,22,NONE,PASS,2023-11-04T20:00:00+00:00,35111.0,34571.6,35128.58595
A0-E2-S1-T2.0-44,A0,E2,TRAIN,LONG,2023-11-19T19:00:00+00:00,2023-11-19T19:00:00+00:00,2023-11-21T15:00:00+00:00,36851.8,36380.0,37795.40000000001,S1,2.0,SL,-1.0,0.06248715557439555,-1.0624871555743955,44,NONE,PASS,2023-11-19T16:00:00+00:00,36720.9,36380.0,36739.3259
A0-E2-S1-T2.0-45,A0,E2,TRAIN,LONG,2023-11-24T10:00:00+00:00,2023-11-24T10:00:00+00:00,2023-11-27T10:00:00+00:00,37634.0,36856.3,39189.399999999994,S1,2.0,TIME,-0.6866400925806893,0.038713128455702864,-0.7253532210363921,72,NONE,PASS,2023-11-24T08:00:00+00:00,37587.0,36856.3,37605.817
A0-E2-S1-T2.0-46,A0,E2,TRAIN,LONG,2023-12-01T05:00:00+00:00,2023-12-01T05:00:00+00:00,2023-12-02T19:00:00+00:00,38170.4,37442.9,39625.4,S1,2.0,TP,2.0,0.04197432302405499,1.958025676975945,38,NONE,PASS,2023-12-01T04:00:00+00:00,38070.0,37442.9,38089.08525
A0-E2-S1-T2.0-47,A0,E2,TRAIN,SHORT,2023-12-15T14:00:00+00:00,2023-12-15T14:00:00+00:00,2023-12-18T14:00:00+00:00,42311.4,43450.1,40034.00000000001,S1,2.0,TIME,0.5972600333713887,0.029726108720470795,0.5675339246509179,72,NONE,PASS,2023-12-15T12:00:00+00:00,43450.1,42410.5,42389.3443
A0-E2-S1-T2.0-48,A0,E2,TRAIN,LONG,2023-12-30T16:00:00+00:00,2023-12-30T16:00:00+00:00,2024-01-02T00:00:00+00:00,42410.4,41283.2,44664.80000000001,S1,2.0,TP,2.0,0.030099645138395907,1.969900354861604,56,NONE,PASS,2023-12-30T16:00:00+00:00,42300.0,41283.2,42321.20515
A0-E2-S1-T2.0-49,A0,E2,TRAIN,LONG,2024-01-07T14:00:00+00:00,2024-01-07T14:00:00+00:00,2024-01-07T23:00:00+00:00,44406.3,43645.0,45928.90000000001,S1,2.0,SL,-1.0,0.04666365427558107,-1.0466636542755812,9,NONE,PASS,2024-01-07T12:00:00+00:00,44267.9,43645.0,44290.1031
A0-E2-S1-T2.0-50,A0,E2,TRAIN,SHORT,2024-01-14T21:00:00+00:00,2024-01-14T21:00:00+00:00,2024-01-15T18:00:00+00:00,42514.7,43096.1,41351.899999999994,S1,2.0,SL,-1.0,0.058499759201926245,-1.0584997592019263,21,NONE,PASS,2024-01-14T20:00:00+00:00,43096.1,42553.0,42531.74265
A0-E2-S1-T2.0-51,A0,E2,TRAIN,LONG,2024-01-27T21:00:00+00:00,2024-01-27T21:00:00+00:00,2024-01-30T01:00:00+00:00,42049.6,41360.1,43428.6,S1,2.0,TP,2.0,0.048788513415518486,1.9512114865844814,52,NONE,PASS,2024-01-27T20:00:00+00:00,41977.0,41360.1,41998.0248
A0-E2-S1-T2.0-52,A0,E2,TRAIN,SHORT,2024-02-04T07:00:00+00:00,2024-02-04T07:00:00+00:00,2024-02-05T12:00:00+00:00,42729.6,43264.3,41660.19999999999,S1,2.0,SL,-1.0,0.06393057789414573,-1.0639305778941457,29,NONE,PASS,2024-02-04T04:00:00+00:00,43264.3,42829.8,42808.435150000005
A0-E2-S1-T2.0-53,A0,E2,TRAIN,SHORT,2024-02-17T14:00:00+00:00,2024-02-17T14:00:00+00:00,2024-02-18T22:00:00+00:00,51221.1,52245.1,49173.1,S1,2.0,SL,-1.0,0.040016484375,-1.040016484375,32,NONE,PASS,2024-02-17T12:00:00+00:00,52245.1,51521.4,51495.789450000004
A0-E2-S1-T2.0-54,A0,E2,TRAIN,LONG,2024-02-24T17:00:00+00:00,2024-02-24T17:00:00+00:00,2024-02-26T15:00:00+00:00,51244.9,50512.7,52709.30000000001,S1,2.0,TP,2.0,0.05599005736137635,1.9440099426386237,46,NONE,PASS,2024-02-24T16:00:00+00:00,51204.2,50512.7,51229.822499999995
A0-E2-S1-T2.0-55,A0,E2,TRAIN,LONG,2024-03-08T15:00:00+00:00,2024-03-08T15:00:00+00:00,2024-03-08T16:00:00+00:00,68500.7,66800.0,71902.09999999999,S1,2.0,SL,-1.0,0.032222355500676245,-1.0322223555006762,1,NONE,PASS,2024-03-08T12:00:00+00:00,67974.8,66800.0,68009.0508
A0-E2-S1-T2.0-56,A0,E2,TRAIN,LONG,2024-03-10T02:00:00+00:00,2024-03-10T02:00:00+00:00,2024-03-11T00:00:00+00:00,69029.8,67996.0,71097.40000000001,S1,2.0,SL,-1.0,0.05341830141226528,-1.0534183014122653,22,NONE,PASS,2024-03-10T00:00:00+00:00,68608.7,67996.0,68643.21485
A0-E2-S1-T2.0-57,A0,E2,TRAIN,SHORT,2024-03-22T12:00:00+00:00,2024-03-22T12:00:00+00:00,2024-03-24T22:00:00+00:00,64268.1,67066.6,58671.099999999984,S1,2.0,SL,-1.0,0.01837215651241732,-1.0183721565124173,58,NONE,PASS,2024-03-22T12:00:00+00:00,67066.6,64550.1,64517.966
A0-E2-S1-T2.0-58,A0,E2,TRAIN,SHORT,2024-03-29T06:00:00+00:00,2024-03-29T06:00:00+00:00,2024-04-01T06:00:00+00:00,70237.0,71636.2,67438.6,S1,2.0,TIME,0.4183104631217868,0.04015837621498008,0.37815208690680674,72,NONE,PASS,2024-03-29T04:00:00+00:00,71636.2,70335.1,70299.98145
A0-E2-S1-T2.0-59,A0,E2,TRAIN,LONG,2024-04-06T23:00:00+00:00,2024-04-06T23:00:00+00:00,2024-04-08T08:00:00+00:00,69040.7,67450.0,72222.09999999999,S1,2.0,TP,2.0,0.03472217262840265,1.9652778273715974,33,NONE,PASS,2024-04-06T20:00:00+00:00,68490.1,67450.0,68524.62030000001
A0-E2-S1-T2.0-60,A0,E2,TRAIN,LONG,2024-04-18T12:00:00+00:00,2024-04-18T12:00:00+00:00,2024-04-19T02:00:00+00:00,62563.0,59625.0,68439.0,S1,2.0,SL,-1.0,0.0170355343771273,-1.0170355343771273,14,NONE,PASS,2024-04-18T12:00:00+00:00,62194.8,59625.0,62226.0815
A0-E2-S1-T2.0-61,A0,E2,TRAIN,LONG,2024-04-20T16:00:00+00:00,2024-04-20T16:00:00+00:00,2024-04-23T16:00:00+00:00,64771.0,62910.0,68493.0,S1,2.0,TIME,1.0491133799032746,0.02784352498656636,1.0212698549167083,72,NONE,PASS,2024-04-20T16:00:00+00:00,64478.8,62910.0,64511.1855
A0-E2-S1-T2.0-62,A0,E2,TRAIN,LONG,2024-04-28T03:00:00+00:00,2024-04-28T03:00:00+00:00,2024-04-29T02:00:00+00:00,63919.4,62650.0,66458.20000000001,S1,2.0,SL,-1.0,0.04028322041909559,-1.0402832204190955,23,NONE,PASS,2024-04-28T00:00:00+00:00,63748.0,62650.0,63779.9597
A0-E2-S1-T2.0-63,A0,E2,TRAIN,LONG,2024-05-04T11:00:00+00:00,2024-05-04T11:00:00+00:00,2024-05-07T11:00:00+00:00,64393.6,61313.5,70553.79999999999,S1,2.0,TIME,-0.2990811986623803,0.016725067367942607,-0.3158062660303229,72,NONE,PASS,2024-05-04T08:00:00+00:00,63555.5,61313.5,63587.6968
A0-E2-S1-T2.0-64,A0,E2,TRAIN,LONG,2024-05-11T16:00:00+00:00,2024-05-11T16:00:00+00:00,2024-05-13T08:00:00+00:00,61146.1,60416.6,62605.1,S1,2.0,TP,2.0,0.06705535298149418,1.9329446470185059,40,NONE,PASS,2024-05-11T16:00:00+00:00,61079.4,60416.6,61109.97305
A0-E2-S1-T2.0-65,A0,E2,TRAIN,LONG,2024-05-25T11:00:00+00:00,2024-05-25T11:00:00+00:00,2024-05-28T11:00:00+00:00,69397.7,67018.8,74155.49999999999,S1,2.0,TIME,-0.41464542435579327,0.02333774433561736,-0.43798316869141063,72,NONE,PASS,2024-05-25T08:00:00+00:00,69273.5,67018.8,69308.1988
A0-E2-S1-T2.0-66,A0,E2,TRAIN,SHORT,2024-05-31T10:00:00+00:00,2024-05-31T10:00:00+00:00,2024-06-03T10:00:00+00:00,67983.5,69568.9,64812.70000000001,S1,2.0,TIME,-0.6146713763088202,0.03430478112779122,-0.6489761574366114,72,NONE,PASS,2024-05-31T08:00:00+00:00,69568.9,68068.8,68034.80825
A0-E2-S1-T2.0-67,A0,E2,TRAIN,LONG,2024-06-09T13:00:00+00:00,2024-06-09T13:00:00+00:00,2024-06-11T01:00:00+00:00,69734.8,69160.0,70884.40000000001,S1,2.0,SL,-1.0,0.0970560890744602,-1.0970560890744603,36,NONE,PASS,2024-06-09T12:00:00+00:00,69533.0,69160.0,69567.86735
A0-E2-S1-T2.0-68,A0,E2,TRAIN,LONG,2024-06-16T11:00:00+00:00,2024-06-16T11:00:00+00:00,2024-06-17T09:00:00+00:00,66696.2,65801.0,68486.59999999999,S1,2.0,SL,-1.0,0.05960339588918697,-1.059603395889187,22,NONE,PASS,2024-06-16T08:00:00+00:00,66482.6,65801.0,66515.94805
A0-E2-S1-T2.0-69,A0,E2,TRAIN,SHORT,2024-06-23T15:00:00+00:00,2024-06-23T15:00:00+00:00,2024-06-23T23:00:00+00:00,64166.5,64500.0,63499.5,S1,2.0,TP,2.0,0.1539226386806597,1.8460773613193404,8,NONE,PASS,2024-06-23T12:00:00+00:00,64500.0,64200.2,64168.116749999994
A0-E2-S1-T2.0-70,A0,E2,TRAIN,LONG,2024-06-30T08:00:00+00:00,2024-06-30T08:00:00+00:00,2024-07-01T01:00:00+00:00,61533.6,60705.0,63190.799999999996,S1,2.0,TP,2.0,0.05940970311368584,1.9405902968863142,17,NONE,PASS,2024-06-30T08:00:00+00:00,61232.0,60705.0,61262.7668
A0-E2-S1-T2.0-71,A0,E2,TRAIN,SHORT,2024-07-07T14:00:00+00:00,2024-07-07T14:00:00+00:00,2024-07-10T04:00:00+00:00,56846.1,58472.0,53594.299999999996,S1,2.0,SL,-1.0,0.027970281075096845,-1.0279702810750968,62,NONE,PASS,2024-07-07T12:00:00+00:00,58472.0,57041.7,57013.27695
A0-E2-S1-T2.0-72,A0,E2,TRAIN,LONG,2024-07-11T11:00:00+00:00,2024-07-11T11:00:00+00:00,2024-07-12T01:00:00+00:00,58445.9,57030.0,61277.700000000004,S1,2.0,SL,-1.0,0.033022614591425914,-1.0330226145914259,14,NONE,PASS,2024-07-11T08:00:00+00:00,58380.0,57030.0,58409.22295
A0-E2-S1-T2.0-73,A0,E2,TRAIN,LONG,2024-07-12T16:00:00+00:00,2024-07-12T16:00:00+00:00,2024-07-15T01:00:00+00:00,58188.9,56500.1,61566.50000000001,S1,2.0,TP,2.0,0.02756461392704875,1.9724353860729513,57,NONE,PASS,2024-07-12T16:00:00+00:00,58000.0,56500.1,58029.09445
A0-E2-S1-T2.0-74,A0,E2,TRAIN,LONG,2024-07-20T18:00:00+00:00,2024-07-20T18:00:00+00:00,2024-07-21T18:00:00+00:00,67368.8,66159.1,69788.2,S1,2.0,SL,-1.0,0.044552401421840235,-1.0445524014218401,24,NONE,PASS,2024-07-20T16:00:00+00:00,67320.9,66159.1,67354.58439999999
A0-E2-S1-T2.0-75,A0,E2,TRAIN,LONG,2024-07-26T14:00:00+00:00,2024-07-26T14:00:00+00:00,2024-07-29T14:00:00+00:00,67862.7,64357.5,74873.09999999999,S1,2.0,TIME,0.09625698961543108,0.015488462855186593,0.08076852676024449,72,NONE,PASS,2024-07-26T12:00:00+00:00,67470.4,64357.5,67504.33135
A0-E2-S1-T2.0-76,A0,E2,TRAIN,SHORT,2024-08-11T16:00:00+00:00,2024-08-11T16:00:00+00:00,2024-08-14T16:00:00+00:00,60099.9,62000.0,56299.700000000004,S1,2.0,TIME,0.5312351981474671,0.025303889268985864,0.5059313088784813,72,NONE,PASS,2024-08-11T16:00:00+00:00,62000.0,60140.0,60109.95
A0-E2-S1-T2.0-77,A0,E2,TRAIN,LONG,2024-08-18T03:00:00+00:00,2024-08-18T03:00:00+00:00,2024-08-18T23:00:00+00:00,60103.9,59024.6,62262.50000000001,S1,2.0,SL,-1.0,0.04455028259056784,-1.044550282590568,20,NONE,PASS,2024-08-18T00:00:00+00:00,59722.6,59024.6,59752.651
A0-E2-S1-T2.0-78,A0,E2,TRAIN,SHORT,2024-09-01T03:00:00+00:00,2024-09-01T03:00:00+00:00,2024-09-02T20:00:00+00:00,58513.1,59241.0,57057.299999999996,S1,2.0,SL,-1.0,0.0643089435361999,-1.0643089435361999,41,NONE,PASS,2024-09-01T00:00:00+00:00,59241.0,58700.0,58670.74345
A0-E2-S1-T2.0-79,A0,E2,TRAIN,LONG,2024-09-07T13:00:00+00:00,2024-09-07T13:00:00+00:00,2024-09-10T13:00:00+00:00,54544.4,52510.8,58611.6,S1,2.0,TIME,1.06294256490952,0.021457277734067682,1.0414852871754525,72,NONE,PASS,2024-09-07T12:00:00+00:00,54472.8,52510.8,54500.07215
A0-E2-S1-T2.0-80,A0,E2,TRAIN,SHORT,2024-09-15T18:00:00+00:00,2024-09-15T18:00:00+00:00,2024-09-16T00:00:00+00:00,59789.9,60369.4,58630.9,S1,2.0,TP,2.0,0.08253998274374462,1.9174600172562555,6,NONE,PASS,2024-09-15T16:00:00+00:00,60369.4,59823.0,59793.10505
A0-E2-S1-T2.0-81,A0,E2,TRAIN,SHORT,2024-09-22T10:00:00+00:00,2024-09-22T10:00:00+00:00,2024-09-22T22:00:00+00:00,62670.1,63546.9,60916.49999999999,S1,2.0,SL,-1.0,0.05718074817518229,-1.0571807481751823,12,NONE,PASS,2024-09-22T08:00:00+00:00,63546.9,62801.2,62769.864949999996
A0-E2-S1-T2.0-82,A0,E2,TRAIN,LONG,2024-10-06T13:00:00+00:00,2024-10-06T13:00:00+00:00,2024-10-07T00:00:00+00:00,62191.3,61671.9,63230.100000000006,S1,2.0,TP,2.0,0.09578944936465127,1.9042105506353488,11,NONE,PASS,2024-10-06T12:00:00+00:00,62159.4,61671.9,62190.495650000004
A0-E2-S1-T2.0-83,A0,E2,TRAIN,LONG,2024-10-11T13:00:00+00:00,2024-10-11T13:00:00+00:00,2024-10-14T13:00:00+00:00,61349.9,58900.0,66249.70000000001,S1,2.0,TIME,1.5388791379239954,0.020033438099514255,1.5188456998244813,72,NONE,PASS,2024-10-11T12:00:00+00:00,61228.9,58900.0,61259.57495
A0-E2-S1-T2.0-84,A0,E2,TRAIN,SHORT,2024-10-19T12:00:00+00:00,2024-10-19T12:00:00+00:00,2024-10-20T22:00:00+00:00,68071.6,69000.0,66214.80000000002,S1,2.0,SL,-1.0,0.05865713054717831,-1.0586571305471784,34,NONE,PASS,2024-10-19T12:00:00+00:00,69000.0,68173.4,68139.3642
A0-E2-S1-T2.0-85,A0,E2,TRAIN,LONG,2024-10-27T14:00:00+00:00,2024-10-27T14:00:00+00:00,2024-10-28T12:00:00+00:00,67590.6,66909.4,68953.00000000003,S1,2.0,TP,2.0,0.07937827363476084,1.9206217263652392,22,NONE,PASS,2024-10-27T12:00:00+00:00,67493.4,66909.4,67527.19529999999
A0-E2-S1-T2.0-86,A0,E2,TRAIN,SHORT,2024-11-03T03:00:00+00:00,2024-11-03T03:00:00+00:00,2024-11-05T14:00:00+00:00,68200.0,69846.2,64907.600000000006,S1,2.0,SL,-1.0,0.03314299599076667,-1.0331429959907668,59,NONE,PASS,2024-11-03T00:00:00+00:00,69846.2,68991.2,68957.09995
A0-E2-S1-T2.0-87,A0,E2,TRAIN,SHORT,2024-11-09T17:00:00+00:00,2024-11-09T17:00:00+00:00,2024-11-10T00:00:00+00:00,76065.9,77080.4,74036.9,S1,2.0,SL,-1.0,0.05998296697880729,-1.0599829669788072,7,NONE,PASS,2024-11-09T16:00:00+00:00,77080.4,76122.4,76084.36705
A0-E2-S1-T2.0-88,A0,E2,TRAIN,LONG,2024-11-15T22:00:00+00:00,2024-11-15T22:00:00+00:00,2024-11-18T22:00:00+00:00,91727.6,87111.0,100960.80000000002,S1,2.0,TIME,-0.10936620023394016,0.01589526491357274,-0.1252614651475129,72,NONE,PASS,2024-11-15T20:00:00+00:00,91499.0,87111.0,91544.8638
A0-E2-S1-T2.0-89,A0,E2,TRAIN,SHORT,2024-11-23T17:00:00+00:00,2024-11-23T17:00:00+00:00,2024-11-25T21:00:00+00:00,97751.5,99500.0,94254.5,S1,2.0,TP,2.0,0.044724735487560764,1.9552752645124392,52,NONE,PASS,2024-11-23T16:00:00+00:00,99500.0,98309.9,98261.02424999999
A0-E2-S1-T2.0-90,A0,E2,TRAIN,LONG,2024-11-29T03:00:00+00:00,2024-11-29T03:00:00+00:00,2024-12-02T03:00:00+00:00,96798.0,94700.1,100993.79999999999,S1,2.0,TIME,-0.11830878497545058,0.03691234091234102,-0.1552211258877916,72,NONE,PASS,2024-11-29T00:00:00+00:00,96284.0,94700.1,96332.39905
A0-E2-S1-T2.0-91,A0,E2,TRAIN,SHORT,2024-12-08T09:00:00+00:00,2024-12-08T09:00:00+00:00,2024-12-08T13:00:00+00:00,99034.5,100497.5,96108.5,S1,2.0,SL,-1.0,0.0541542036910458,-1.0541542036910458,4,NONE,PASS,2024-12-08T08:00:00+00:00,100497.5,99101.7,99052.18274999999
A0-E2-S1-T2.0-92,A0,E2,TRAIN,LONG,2024-12-14T02:00:00+00:00,2024-12-14T02:00:00+00:00,2024-12-16T18:00:00+00:00,102112.9,99446.4,107445.9,S1,2.0,TP,2.0,0.030635784736546035,1.969364215263454,64,NONE,PASS,2024-12-14T00:00:00+00:00,101869.5,99446.4,101920.55645
A0-E2-S1-T2.0-93,A0,E2,TRAIN,SHORT,2024-12-22T05:00:00+00:00,2024-12-22T05:00:00+00:00,2024-12-24T18:00:00+00:00,96058.7,99137.5,89901.09999999999,S1,2.0,SL,-1.0,0.02496003637780951,-1.0249600363778095,61,NONE,PASS,2024-12-22T04:00:00+00:00,99137.5,96375.0,96326.96895
A0-E2-S1-T2.0-94,A0,E2,TRAIN,SHORT,2024-12-29T15:00:00+00:00,2024-12-29T15:00:00+00:00,2024-12-30T14:00:00+00:00,94568.4,95700.0,92305.19999999998,S1,2.0,TP,2.0,0.06685641569459139,1.9331435843054086,23,NONE,PASS,2024-12-29T12:00:00+00:00,95700.0,94666.6,94619.31580000001
A0-E2-S1-T2.0-95,A0,E2,TRAIN,LONG,2025-01-04T21:00:00+00:00,2025-01-04T21:00:00+00:00,2025-01-05T14:00:00+00:00,98577.4,97438.2,100855.79999999999,S1,2.0,SL,-1.0,0.06922570224719118,-1.0692257022471912,17,NONE,PASS,2025-01-04T20:00:00+00:00,98334.6,97438.2,98383.88870000001
A0-E2-S1-T2.0-96,A0,E2,TRAIN,LONG,2025-01-11T22:00:00+00:00,2025-01-11T22:00:00+00:00,2025-01-12T09:00:00+00:00,94891.5,93802.1,97070.29999999999,S1,2.0,SL,-1.0,0.06968349550211163,-1.0696834955021117,11,NONE,PASS,2025-01-11T20:00:00+00:00,94757.9,93802.1,94805.34575
A0-E2-S1-T2.0-97,A0,E2,TRAIN,LONG,2025-01-12T16:00:00+00:00,2025-01-12T16:00:00+00:00,2025-01-13T06:00:00+00:00,95035.7,93661.1,97784.89999999998,S1,2.0,SL,-1.0,0.055309588243853104,-1.055309588243853,14,NONE,PASS,2025-01-12T16:00:00+00:00,94988.0,93661.1,95035.5178
A0-E2-S1-T2.0-98,A0,E2,TRAIN,SHORT,2025-01-26T23:00:00+00:00,2025-01-26T23:00:00+00:00,2025-01-27T00:00:00+00:00,104273.8,105496.9,101827.60000000002,S1,2.0,TP,2.0,0.06820295969258491,1.9317970403074152,1,NONE,PASS,2025-01-26T20:00:00+00:00,105496.9,104358.3,104306.16305
A0-E2-S1-T2.0-99,A0,E2,TRAIN,SHORT,2025-01-31T03:00:00+00:00,2025-01-31T03:00:00+00:00,2025-02-02T03:00:00+00:00,104300.0,106450.0,100000.0,S1,2.0,TP,2.0,0.03880930232558139,1.9611906976744187,48,NONE,PASS,2025-01-31T00:00:00+00:00,106450.0,104356.1,104303.94995000001
A0-E2-S1-T2.0-100,A0,E2,TRAIN,LONG,2025-02-07T13:00:00+00:00,2025-02-07T13:00:00+00:00,2025-02-07T20:00:00+00:00,97918.6,95613.5,102528.80000000002,S1,2.0,SL,-1.0,0.03398328922823297,-1.033983289228233,7,NONE,PASS,2025-02-07T12:00:00+00:00,97835.0,95613.5,97883.95865
A0-E2-S1-T2.0-101,A0,E2,TRAIN,LONG,2025-02-09T02:00:00+00:00,2025-02-09T02:00:00+00:00,2025-02-09T21:00:00+00:00,96934.7,95600.0,99604.09999999999,S1,2.0,SL,-1.0,0.058101266202142926,-1.058101266202143,19,NONE,PASS,2025-02-09T00:00:00+00:00,96725.2,95600.0,96773.6673
A0-E2-S1-T2.0-102,A0,E2,TRAIN,SHORT,2025-02-16T08:00:00+00:00,2025-02-16T08:00:00+00:00,2025-02-17T05:00:00+00:00,97207.4,97899.8,95822.59999999998,S1,2.0,TP,2.0,0.11231357596764734,1.8876864240323528,21,NONE,PASS,2025-02-16T08:00:00+00:00,97899.8,97274.5,97225.8963
A0-E2-S1-T2.0-103,A0,E2,TRAIN,LONG,2025-02-21T14:00:00+00:00,2025-02-21T14:00:00+00:00,2025-02-21T15:00:00+00:00,99281.7,97495.3,102854.49999999999,S1,2.0,SL,-1.0,0.04446112852664591,-1.0444611285266459,1,NONE,PASS,2025-02-21T12:00:00+00:00,98922.7,97495.3,98972.34095
A0-E2-S1-T2.0-104,A0,E2,TRAIN,SHORT,2025-02-23T13:00:00+00:00,2025-02-23T13:00:00+00:00,2025-02-24T22:00:00+00:00,95691.5,96794.6,93485.29999999999,S1,2.0,TP,2.0,0.06939824131991623,1.9306017586800839,33,NONE,PASS,2025-02-23T12:00:00+00:00,96794.6,96030.0,95982.1542
A0-E2-S1-T2.0-105,A0,E2,VALIDATION,LONG,2025-03-06T06:00:00+00:00,2025-03-06T06:00:00+00:00,2025-03-07T00:00:00+00:00,92708.0,87558.0,103008.0,S1,2.0,SL,-1.0,0.014401242718446604,-1.0144012427184466,18,NONE,PASS,2025-03-06T04:00:00+00:00,92400.0,87558.0,92446.354
A0-E2-S1-T2.0-106,A0,E2,VALIDATION,SHORT,2025-03-09T10:00:00+00:00,2025-03-09T10:00:00+00:00,2025-03-09T13:00:00+00:00,85532.9,86587.0,83424.69999999998,S1,2.0,TP,2.0,0.06491444834455898,1.935085551655441,3,NONE,PASS,2025-03-09T08:00:00+00:00,86587.0,85605.5,85562.7335
A0-E2-S1-T2.0-107,A0,E2,VALIDATION,SHORT,2025-03-09T17:00:00+00:00,2025-03-09T17:00:00+00:00,2025-03-12T17:00:00+00:00,82451.6,86470.6,74413.6,S1,2.0,TIME,0.15919382931077455,0.01641236128390147,0.14278146802687308,72,NONE,PASS,2025-03-09T16:00:00+00:00,86470.6,82619.3,82578.07425
A0-E2-S1-T2.0-108,A0,E2,VALIDATION,LONG,2025-03-14T11:00:00+00:00,2025-03-14T11:00:00+00:00,2025-03-17T11:00:00+00:00,83000.0,79903.4,89193.20000000001,S1,2.0,TIME,0.15339404508170223,0.021442872828263217,0.13195117225343903,72,NONE,PASS,2025-03-14T08:00:00+00:00,82900.0,79903.4,82941.5
A0-E2-S1-T2.0-109,A0,E2,VALIDATION,LONG,2025-03-23T11:00:00+00:00,2025-03-23T11:00:00+00:00,2025-03-23T23:00:00+00:00,84427.8,83589.5,86104.40000000001,S1,2.0,TP,2.0,0.08057048789216244,1.9194295121078375,12,NONE,PASS,2025-03-23T08:00:00+00:00,84324.1,83589.5,84366.31385
A0-E2-S1-T2.0-110,A0,E2,VALIDATION,SHORT,2025-04-05T14:00:00+00:00,2025-04-05T14:00:00+00:00,2025-04-06T18:00:00+00:00,82714.1,84580.0,78982.30000000002,S1,2.0,TP,2.0,0.03546346535184105,1.964536534648159,28,NONE,PASS,2025-04-05T12:00:00+00:00,84580.0,82915.3,82873.94295
A0-E2-S1-T2.0-111,A0,E2,VALIDATION,LONG,2025-04-11T10:00:00+00:00,2025-04-11T10:00:00+00:00,2025-04-14T10:00:00+00:00,82388.0,78416.0,90332.0,S1,2.0,TIME,0.5624370594159114,0.01659375629405841,0.5458433031218529,72,NONE,PASS,2025-04-11T08:00:00+00:00,81909.9,78416.0,81951.094
A0-E2-S1-T2.0-112,A0,E2,VALIDATION,SHORT,2025-04-15T20:00:00+00:00,2025-04-15T20:00:00+00:00,2025-04-18T20:00:00+00:00,83954.5,86443.0,78977.5,S1,2.0,TIME,-0.21024713682941415,0.02698959212376934,-0.23723672895318348,72,NONE,PASS,2025-04-15T20:00:00+00:00,86443.0,84096.3,84054.3227
A0-E2-S1-T2.0-113,A0,E2,VALIDATION,LONG,2025-04-19T04:00:00+00:00,2025-04-19T04:00:00+00:00,2025-04-20T10:00:00+00:00,84845.3,84260.0,86015.90000000001,S1,2.0,SL,-1.0,0.11596828976593145,-1.1159682897659315,30,NONE,PASS,2025-04-19T04:00:00+00:00,84786.0,84260.0,84828.42265
A0-E2-S1-T2.0-114,A0,E2,VALIDATION,LONG,2025-04-25T12:00:00+00:00,2025-04-25T12:00:00+00:00,2025-04-28T12:00:00+00:00,94602.2,92625.0,98556.59999999999,S1,2.0,TIME,0.34316204733967276,0.038277240542180915,0.30488480679749186,72,NONE,PASS,2025-04-25T12:00:00+00:00,94409.5,92625.0,94456.80115
A0-E2-S1-T2.0-115,A0,E2,VALIDATION,SHORT,2025-05-03T07:00:00+00:00,2025-05-03T07:00:00+00:00,2025-05-06T07:00:00+00:00,96135.8,97865.4,92676.60000000002,S1,2.0,TIME,1.0324930619796553,0.04446614246068478,0.9880269195189705,72,NONE,PASS,2025-05-03T04:00:00+00:00,97865.4,96255.0,96206.9321
A0-E2-S1-T2.0-116,A0,E2,VALIDATION,SHORT,2025-05-15T06:00:00+00:00,2025-05-15T06:00:00+00:00,2025-05-16T02:00:00+00:00,102325.7,104319.0,98339.09999999999,S1,2.0,SL,-1.0,0.04106785732202874,-1.0410678573220287,20,NONE,PASS,2025-05-15T04:00:00+00:00,104319.0,102536.0,102484.8372
A0-E2-S1-T2.0-117,A0,E2,VALIDATION,SHORT,2025-05-17T02:00:00+00:00,2025-05-17T02:00:00+00:00,2025-05-18T13:00:00+00:00,102778.4,104524.2,99286.79999999999,S1,2.0,SL,-1.0,0.04709744529728483,-1.0470974452972848,35,NONE,PASS,2025-05-17T00:00:00+00:00,104524.2,103036.1,102984.7108
A0-E2-S1-T2.0-118,A0,E2,VALIDATION,LONG,2025-05-18T15:00:00+00:00,2025-05-18T15:00:00+00:00,2025-05-19T04:00:00+00:00,105233.0,102851.5,109996.0,S1,2.0,SL,-1.0,0.03535015746378333,-1.0353501574637833,13,NONE,PASS,2025-05-18T12:00:00+00:00,104780.5,102851.5,104833.1165
A0-E2-S1-T2.0-119,A0,E2,VALIDATION,SHORT,2025-05-23T12:00:00+00:00,2025-05-23T12:00:00+00:00,2025-05-26T12:00:00+00:00,109033.2,111959.5,103180.59999999999,S1,2.0,TIME,-0.25571540853637775,0.029807798243515676,-0.2855232067798934,72,NONE,PASS,2025-05-23T12:00:00+00:00,111959.5,110351.5,110296.9834
A0-E2-S1-T2.0-120,A0,E2,VALIDATION,LONG,2025-06-01T17:00:00+00:00,2025-06-01T17:00:00+00:00,2025-06-02T13:00:00+00:00,104984.4,103704.1,107544.99999999997,S1,2.0,SL,-1.0,0.06559987502929061,-1.0655998750292905,20,NONE,PASS,2025-06-01T16:00:00+00:00,104859.3,103704.1,104911.7922
A0-E2-S1-T2.0-121,A0,E2,VALIDATION,LONG,2025-06-07T13:00:00+00:00,2025-06-07T13:00:00+00:00,2025-06-09T19:00:00+00:00,105402.8,103800.1,108608.2,S1,2.0,TP,2.0,0.05261261621014548,1.9473873837898545,54,NONE,PASS,2025-06-07T12:00:00+00:00,105293.0,103800.1,105345.70145
A0-E2-S1-T2.0-122,A0,E2,VALIDATION,SHORT,2025-06-14T17:00:00+00:00,2025-06-14T17:00:00+00:00,2025-06-16T04:00:00+00:00,104400.7,106173.6,100854.89999999998,S1,2.0,SL,-1.0,0.04710957188786711,-1.0471095718878671,35,NONE,PASS,2025-06-14T16:00:00+00:00,106173.6,104570.0,104517.7996
A0-E2-S1-T2.0-123,A0,E2,VALIDATION,LONG,2025-06-20T08:00:00+00:00,2025-06-20T08:00:00+00:00,2025-06-20T14:00:00+00:00,105763.6,103870.3,109550.20000000001,S1,2.0,SL,-1.0,0.04468963185971578,-1.0446896318597159,6,NONE,PASS,2025-06-20T08:00:00+00:00,104869.4,103870.3,104922.28175
A0-E2-S1-T2.0-124,A0,E2,VALIDATION,SHORT,2025-06-21T19:00:00+00:00,2025-06-21T19:00:00+00:00,2025-06-22T14:00:00+00:00,102620.9,103940.6,99981.49999999997,S1,2.0,TP,2.0,0.06220862317193247,1.9377913768280675,19,NONE,PASS,2025-06-21T16:00:00+00:00,103940.6,102903.6,102852.2896
A0-E2-S1-T2.0-125,A0,E2,VALIDATION,LONG,2025-06-25T11:00:00+00:00,2025-06-25T11:00:00+00:00,2025-06-28T11:00:00+00:00,107068.6,104890.0,111425.80000000002,S1,2.0,TIME,0.11553291104378795,0.039316478472413374,0.07621643257137457,72,NONE,PASS,2025-06-25T08:00:00+00:00,106950.0,104890.0,107003.5343
A0-E2-S1-T2.0-126,A0,E2,VALIDATION,LONG,2025-06-29T09:00:00+00:00,2025-06-29T09:00:00+00:00,2025-06-30T14:00:00+00:00,107658.0,107039.8,108894.4,S1,2.0,SL,-1.0,0.13931802005823424,-1.1393180200582342,29,NONE,PASS,2025-06-29T08:00:00+00:00,107538.0,107039.8,107591.829
A0-E2-S1-T2.0-127,A0,E2,VALIDATION,LONG,2025-07-06T14:00:00+00:00,2025-07-06T14:00:00+00:00,2025-07-07T18:00:00+00:00,108713.2,107743.4,110652.8,S1,2.0,SL,-1.0,0.08967886162095251,-1.0896788616209525,28,NONE,PASS,2025-07-06T12:00:00+00:00,108211.0,107743.4,108265.3566
A0-E2-S1-T2.0-128,A0,E2,VALIDATION,LONG,2025-07-13T13:00:00+00:00,2025-07-13T13:00:00+00:00,2025-07-14T03:00:00+00:00,118382.1,116960.0,121226.30000000002,S1,2.0,TP,2.0,0.06659565431404235,1.9334043456859575,14,NONE,PASS,2025-07-13T12:00:00+00:00,118058.3,116960.0,118117.49105
A0-E2-S1-T2.0-129,A0,E2,VALIDATION,LONG,2025-07-20T14:00:00+00:00,2025-07-20T14:00:00+00:00,2025-07-20T22:00:00+00:00,118378.7,117245.9,120644.3,S1,2.0,SL,-1.0,0.08360077683615798,-1.083600776836158,8,NONE,PASS,2025-07-20T12:00:00+00:00,118261.6,117245.9,118320.78935
A0-E2-S1-T2.0-130,A0,E2,VALIDATION,LONG,2025-07-26T11:00:00+00:00,2025-07-26T11:00:00+00:00,2025-07-29T11:00:00+00:00,117954.4,114846.1,124170.99999999997,S1,2.0,TIME,0.19483318855966544,0.03035856255831173,0.1644746260013537,72,NONE,PASS,2025-07-26T08:00:00+00:00,117740.6,114846.1,117799.57715000001
A0-E2-S1-T2.0-131,A0,E2,VALIDATION,LONG,2025-08-03T11:00:00+00:00,2025-08-03T11:00:00+00:00,2025-08-06T11:00:00+00:00,113846.0,111850.0,117838.0,S1,2.0,TIME,0.1713426853707415,0.04562965931863728,0.12571302605210422,72,NONE,PASS,2025-08-03T08:00:00+00:00,113749.7,111850.0,113806.62299999999
A0-E2-S1-T2.0-132,A0,E2,VALIDATION,LONG,2025-08-09T10:00:00+00:00,2025-08-09T10:00:00+00:00,2025-08-11T02:00:00+00:00,117473.3,115850.0,120719.90000000001,S1,2.0,TP,2.0,0.057893574816731255,1.9421064251832687,40,NONE,PASS,2025-08-09T08:00:00+00:00,117229.9,115850.0,117288.63665
A0-E2-S1-T2.0-133,A0,E2,VALIDATION,LONG,2025-08-17T05:00:00+00:00,2025-08-17T05:00:00+00:00,2025-08-18T00:00:00+00:00,118023.5,117089.7,119891.1,S1,2.0,SL,-1.0,0.10111244377811063,-1.1011124437781106,19,NONE,PASS,2025-08-17T04:00:00+00:00,117786.0,117089.7,117845.01175
A0-E2-S1-T2.0-134,A0,E2,VALIDATION,SHORT,2025-08-23T12:00:00+00:00,2025-08-23T12:00:00+00:00,2025-08-24T19:00:00+00:00,115266.8,117397.4,111005.60000000002,S1,2.0,TP,2.0,0.043280503144654266,1.9567194968553456,31,NONE,PASS,2025-08-23T12:00:00+00:00,117397.4,115414.3,115356.66665
A0-E2-S1-T2.0-135,A0,E2,VALIDATION,SHORT,2025-08-29T02:00:00+00:00,2025-08-29T02:00:00+00:00,2025-08-29T21:00:00+00:00,111425.0,113429.0,107417.0,S1,2.0,TP,2.0,0.044481037924151694,1.9555189620758484,19,NONE,PASS,2025-08-29T00:00:00+00:00,113429.0,111829.4,111773.6875
A0-E2-S1-T2.0-136,A0,E2,VALIDATION,LONG,2025-08-30T16:00:00+00:00,2025-08-30T16:00:00+00:00,2025-09-01T04:00:00+00:00,108809.8,107281.0,111867.40000000001,S1,2.0,SL,-1.0,0.056938670852956466,-1.0569386708529565,36,NONE,PASS,2025-08-30T16:00:00+00:00,108742.9,107281.0,108797.30489999999
A0-E2-S1-T2.0-137,A0,E2,VALIDATION,LONG,2025-09-05T07:00:00+00:00,2025-09-05T07:00:00+00:00,2025-09-08T07:00:00+00:00,111860.0,109269.1,117041.79999999999,S1,2.0,TIME,-0.24068856381952497,0.03453934926087468,-0.2752279130803996,72,NONE,PASS,2025-09-05T04:00:00+00:00,111743.8,109269.1,111799.73
A0-E2-S1-T2.0-138,A0,E2,VALIDATION,SHORT,2025-09-13T17:00:00+00:00,2025-09-13T17:00:00+00:00,2025-09-15T06:00:00+00:00,115286.6,116561.0,112737.80000000002,S1,2.0,SL,-1.0,0.07237074701820498,-1.072370747018205,37,NONE,PASS,2025-09-13T16:00:00+00:00,116561.0,115500.1,115442.45670000001
A0-E2-S1-T2.0-139,A0,E2,VALIDATION,SHORT,2025-09-19T13:00:00+00:00,2025-09-19T13:00:00+00:00,2025-09-22T06:00:00+00:00,116124.1,117875.2,112621.90000000002,S1,2.0,TP,2.0,0.05305195591342611,1.9469480440865738,65,NONE,PASS,2025-09-19T12:00:00+00:00,117875.2,116250.7,116192.63795
A0-E2-S1-T2.0-140,A0,E2,VALIDATION,LONG,2025-09-28T16:00:00+00:00,2025-09-28T16:00:00+00:00,2025-09-28T22:00:00+00:00,109990.0,109136.5,111697.0,S1,2.0,TP,2.0,0.103095489162273,1.896904510837727,6,NONE,PASS,2025-09-28T16:00:00+00:00,109842.9,109136.5,109897.89499999999
A0-E2-S1-T2.0-141,A0,E2,VALIDATION,SHORT,2025-10-14T04:00:00+00:00,2025-10-14T04:00:00+00:00,2025-10-16T15:00:00+00:00,113440.9,115827.6,108667.49999999997,S1,2.0,TP,2.0,0.038024351615200715,1.9619756483847992,59,NONE,PASS,2025-10-14T04:00:00+00:00,115827.6,113566.1,113509.37950000001
A0-E2-S1-T2.0-142,A0,E2,VALIDATION,LONG,2025-10-25T13:00:00+00:00,2025-10-25T13:00:00+00:00,2025-10-27T07:00:00+00:00,111871.4,109752.8,116108.59999999998,S1,2.0,TP,2.0,0.04224351930520172,1.9577564806947982,42,NONE,PASS,2025-10-25T12:00:00+00:00,111789.4,109752.8,111845.33575
A0-E2-S1-T2.0-143,A0,E2,VALIDATION,LONG,2025-11-02T05:00:00+00:00,2025-11-02T05:00:00+00:00,2025-11-02T22:00:00+00:00,110624.8,109654.5,112565.40000000001,S1,2.0,SL,-1.0,0.0912087395650827,-1.0912087395650827,17,NONE,PASS,2025-11-02T04:00:00+00:00,110487.0,109654.5,110542.3124
A0-E2-S1-T2.0-144,A0,E2,VALIDATION,LONG,2025-11-09T14:00:00+00:00,2025-11-09T14:00:00+00:00,2025-11-10T00:00:00+00:00,102877.9,101300.0,106033.69999999998,S1,2.0,TP,2.0,0.05215940173648539,1.9478405982635145,10,NONE,PASS,2025-11-09T12:00:00+00:00,102443.9,101300.0,102495.33894999999
A0-E2-S1-T2.0-145,A0,E2,VALIDATION,LONG,2025-11-16T10:00:00+00:00,2025-11-16T10:00:00+00:00,2025-11-16T15:00:00+00:00,96597.3,94800.0,100191.90000000001,S1,2.0,SL,-1.0,0.04299662827574689,-1.0429966282757468,5,NONE,PASS,2025-11-16T08:00:00+00:00,96439.6,94800.0,96487.8987
A0-E2-S1-T2.0-146,A0,E2,VALIDATION,SHORT,2025-11-16T17:00:00+00:00,2025-11-16T17:00:00+00:00,2025-11-18T04:00:00+00:00,94184.8,96600.0,89354.40000000001,S1,2.0,TP,2.0,0.031197350115932467,1.9688026498840676,35,NONE,PASS,2025-11-16T16:00:00+00:00,96600.0,94300.0,94252.9073
A0-E2-S1-T2.0-147,A0,E2,VALIDATION,LONG,2025-11-23T02:00:00+00:00,2025-11-23T02:00:00+00:00,2025-11-26T02:00:00+00:00,85837.5,83456.0,90600.5,S1,2.0,TIME,0.7705227797606551,0.02883476800335923,0.7416880117572958,72,NONE,PASS,2025-11-23T00:00:00+00:00,85286.8,83456.0,85329.71875
A0-E2-S1-T2.0-148,A0,E2,VALIDATION,LONG,2025-11-30T14:00:00+00:00,2025-11-30T14:00:00+00:00,2025-12-01T00:00:00+00:00,91726.9,90092.7,94995.29999999999,S1,2.0,SL,-1.0,0.04490363480602137,-1.0449036348060214,10,NONE,PASS,2025-11-30T12:00:00+00:00,91580.0,90092.7,91625.86345
A0-E2-S1-T2.0-149,A0,E2,VALIDATION,SHORT,2025-12-05T14:00:00+00:00,2025-12-05T14:00:00+00:00,2025-12-08T14:00:00+00:00,90433.6,92676.8,85947.20000000001,S1,2.0,TIME,-0.16735021398002614,0.032251640513552116,-0.19960185449357826,72,NONE,PASS,2025-12-05T12:00:00+00:00,92676.8,90822.5,90777.2832
A0-E2-S1-T2.0-150,A0,E2,VALIDATION,SHORT,2025-12-14T12:00:00+00:00,2025-12-14T12:00:00+00:00,2025-12-15T15:00:00+00:00,89308.3,90440.0,87044.90000000001,S1,2.0,TP,2.0,0.06313213749226844,1.9368678625077316,27,NONE,PASS,2025-12-14T12:00:00+00:00,90440.0,89711.9,89667.2459
A0-E2-S1-T2.0-151,A0,E2,OOS,LONG,2025-12-21T09:00:00+00:00,2025-12-21T09:00:00+00:00,2025-12-21T13:00:00+00:00,88509.0,87698.5,90130.0,S1,2.0,SL,-1.0,0.08736236890808144,-1.0873623689080814,4,NONE,PASS,2025-12-21T08:00:00+00:00,88434.9,87698.5,88479.15449999999
A0-E2-S1-T2.0-152,A0,E2,OOS,LONG,2025-12-25T16:00:00+00:00,2025-12-25T16:00:00+00:00,2025-12-25T23:00:00+00:00,88339.0,87219.0,90579.0,S1,2.0,SL,-1.0,0.06309928571428572,-1.0630992857142858,7,NONE,PASS,2025-12-25T16:00:00+00:00,88033.3,87219.0,88077.46945
A0-E2-S1-T2.0-153,A0,E2,OOS,LONG,2026-01-01T18:00:00+00:00,2026-01-01T18:00:00+00:00,2026-01-02T10:00:00+00:00,88281.4,87508.4,89827.4,S1,2.0,TP,2.0,0.09136496765847348,1.9086350323415264,16,NONE,PASS,2026-01-01T16:00:00+00:00,88079.3,87508.4,88123.44065
A0-E2-S1-T2.0-154,A0,E2,OOS,LONG,2026-01-11T13:00:00+00:00,2026-01-11T13:00:00+00:00,2026-01-11T20:00:00+00:00,90889.3,90358.5,91950.90000000001,S1,2.0,SL,-1.0,0.13698462697814545,-1.1369846269781454,7,NONE,PASS,2026-01-11T12:00:00+00:00,90818.0,90358.5,90863.44465
A0-E2-S1-T2.0-155,A0,E2,OOS,SHORT,2026-01-16T16:00:00+00:00,2026-01-16T16:00:00+00:00,2026-01-19T00:00:00+00:00,94537.6,95901.6,91809.6,S1,2.0,TP,2.0,0.055447272727272734,1.9445527272727272,56,NONE,PASS,2026-01-16T16:00:00+00:00,95901.6,95080.0,95032.73125
A0-E2-S1-T2.0-156,A0,E2,OOS,SHORT,2026-01-25T04:00:00+00:00,2026-01-25T04:00:00+00:00,2026-01-25T18:00:00+00:00,88920.0,89667.6,87424.79999999999,S1,2.0,TP,2.0,0.095152487961476,1.904847512038524,14,NONE,PASS,2026-01-25T04:00:00+00:00,89667.6,89025.3,88980.84
A0-E2-S1-T2.0-157,A0,E2,OOS,SHORT,2026-02-03T15:00:00+00:00,2026-02-03T15:00:00+00:00,2026-02-03T18:00:00+00:00,77164.5,79163.0,73167.5,S1,2.0,TP,2.0,0.030888966725043782,1.9691110332749562,3,NONE,PASS,2026-02-03T12:00:00+00:00,79163.0,77566.5,77527.91775
A0-E2-S1-T2.0-158,A0,E2,OOS,LONG,2026-02-08T09:00:00+00:00,2026-02-08T09:00:00+00:00,2026-02-11T04:00:00+00:00,70624.4,67870.2,76132.79999999999,S1,2.0,SL,-1.0,0.020513949604240817,-1.0205139496042408,67,NONE,PASS,2026-02-08T08:00:00+00:00,70000.0,67870.2,70035.31225
A0-E2-S1-T2.0-159,A0,E2,OOS,SHORT,2026-02-11T07:00:00+00:00,2026-02-11T07:00:00+00:00,2026-02-14T07:00:00+00:00,66786.3,69957.9,60443.10000000002,S1,2.0,TIME,-0.7554231302812463,0.016846083995459754,-0.772269214276706,72,NONE,PASS,2026-02-11T04:00:00+00:00,69957.9,67320.0,67286.606
A0-E2-S1-T2.0-160,A0,E2,OOS,LONG,2026-02-14T09:00:00+00:00,2026-02-14T09:00:00+00:00,2026-02-17T09:00:00+00:00,69707.3,66823.6,75474.7,S1,2.0,TIME,-0.5618476263134163,0.0193382945521379,-0.5811859208655542,72,NONE,PASS,2026-02-14T08:00:00+00:00,69473.7,66823.6,69508.55365
A0-E2-S1-T2.0-161,A0,E2,OOS,LONG,2026-02-20T06:00:00+00:00,2026-02-20T06:00:00+00:00,2026-02-23T01:00:00+00:00,67756.1,65595.7,72076.90000000002,S1,2.0,SL,-1.0,0.025090205517496664,-1.0250902055174966,67,NONE,PASS,2026-02-20T04:00:00+00:00,67490.0,65595.7,67523.878
A0-E2-S1-T2.0-162,A0,E2,OOS,SHORT,2026-03-06T13:00:00+00:00,2026-03-06T13:00:00+00:00,2026-03-08T22:00:00+00:00,69895.2,71620.6,66444.39999999998,S1,2.0,TP,2.0,0.032407650399907104,1.9675923496000929,57,NONE,PASS,2026-03-06T12:00:00+00:00,71620.6,70100.0,70065.0524
A0-E2-S1-T2.0-163,A0,E2,OOS,LONG,2026-03-13T11:00:00+00:00,2026-03-13T11:00:00+00:00,2026-03-16T11:00:00+00:00,72421.1,69303.8,78655.70000000001,S1,2.0,TIME,0.35100888589484364,0.018585596509800132,0.3324232893850435,72,NONE,PASS,2026-03-13T08:00:00+00:00,72156.4,69303.8,72192.6106
A0-E2-S1-T2.0-164,A0,E2,OOS,LONG,2026-03-20T09:00:00+00:00,2026-03-20T09:00:00+00:00,2026-03-21T23:00:00+00:00,71000.4,68750.0,75501.19999999998,S1,2.0,SL,-1.0,0.02524009953786,-1.02524009953786,38,NONE,PASS,2026-03-20T08:00:00+00:00,70944.9,68750.0,70980.40019999999
A0-E2-S1-T2.0-165,A0,E2,OOS,SHORT,2026-03-26T12:00:00+00:00,2026-03-26T12:00:00+00:00,2026-03-29T12:00:00+00:00,69239.3,71742.2,64233.500000000015,S1,2.0,TIME,0.9671580966079358,0.02213090415118468,0.9450271924567512,72,NONE,PASS,2026-03-26T12:00:00+00:00,71742.2,69366.0,69331.38035
A0-E2-S1-T2.0-166,A0,E2,OOS,LONG,2026-04-04T11:00:00+00:00,2026-04-04T11:00:00+00:00,2026-04-05T06:00:00+00:00,67139.1,66600.0,68217.30000000002,S1,2.0,SL,-1.0,0.09963138564273684,-1.0996313856427369,19,NONE,PASS,2026-04-04T08:00:00+00:00,67046.1,66600.0,67079.66955
A0-E2-S1-T2.0-167,A0,E2,OOS,LONG,2026-04-11T19:00:00+00:00,2026-04-11T19:00:00+00:00,2026-04-12T01:00:00+00:00,73515.9,72451.9,75643.9,S1,2.0,SL,-1.0,0.055275112781954884,-1.0552751127819548,6,NONE,PASS,2026-04-11T16:00:00+00:00,73213.4,72451.9,73250.15795
A0-E2-S1-T2.0-168,A0,E2,OOS,SHORT,2026-04-12T13:00:00+00:00,2026-04-12T13:00:00+00:00,2026-04-13T22:00:00+00:00,71050.0,73773.4,65603.20000000001,S1,2.0,SL,-1.0,0.020870970110890844,-1.020870970110891,33,NONE,PASS,2026-04-12T12:00:00+00:00,73773.4,71259.0,71223.47495
A0-E2-S1-T2.0-169,A0,E2,OOS,SHORT,2026-04-18T11:00:00+00:00,2026-04-18T11:00:00+00:00,2026-04-21T11:00:00+00:00,76150.0,78300.0,71850.0,S1,2.0,TIME,-0.12013953488372228,0.028334883720930234,-0.14847441860465252,72,NONE,PASS,2026-04-18T08:00:00+00:00,78300.0,76357.1,76319.02500000001
A0-E2-S1-T2.0-170,A0,E2,OOS,LONG,2026-04-26T06:00:00+00:00,2026-04-26T06:00:00+00:00,2026-04-27T15:00:00+00:00,77949.4,77100.0,79648.19999999998,S1,2.0,SL,-1.0,0.0734159642100311,-1.0734159642100312,33,NONE,PASS,2026-04-26T04:00:00+00:00,77847.0,77100.0,77885.9747
A0-E2-S1-T2.0-171,A0,E2,OOS,LONG,2026-05-02T22:00:00+00:00,2026-05-02T22:00:00+00:00,2026-05-04T02:00:00+00:00,78689.7,77979.3,80110.49999999999,S1,2.0,TP,2.0,0.08861452702702775,1.9113854729729722,28,NONE,PASS,2026-05-02T20:00:00+00:00,78565.9,77979.3,78605.24489999999
A0-E2-S1-T2.0-172,A0,E2,OOS,LONG,2026-05-10T16:00:00+00:00,2026-05-10T16:00:00+00:00,2026-05-10T20:00:00+00:00,81381.5,80533.7,83077.1,S1,2.0,SL,-1.0,0.07679311158292024,-1.0767931115829201,4,NONE,PASS,2026-05-10T16:00:00+00:00,80980.0,80533.7,81020.6907
A0-E2-S1-T2.0-173,A0,E2,OOS,SHORT,2026-05-16T08:00:00+00:00,2026-05-16T08:00:00+00:00,2026-05-19T08:00:00+00:00,78334.3,80716.9,73569.10000000002,S1,2.0,TIME,0.5533870561571412,0.026302123730378678,0.5270849324267626,72,NONE,PASS,2026-05-16T08:00:00+00:00,80716.9,78393.9,78354.73285
A0-E2-S1-T2.0-174,A0,E2,OOS,SHORT,2026-05-22T15:00:00+00:00,2026-05-22T15:00:00+00:00,2026-05-23T07:00:00+00:00,76734.7,77890.0,74424.09999999999,S1,2.0,TP,2.0,0.053135774257768414,1.9468642257422315,16,NONE,PASS,2026-05-22T12:00:00+00:00,77890.0,77085.5,77047.1327
A0-E2-S1-T2.0-175,A0,E2,OOS,SHORT,2026-05-31T15:00:00+00:00,2026-05-31T15:00:00+00:00,2026-06-01T11:00:00+00:00,73570.2,74250.0,72210.59999999999,S1,2.0,TP,2.0,0.08657864077669866,1.9134213592233014,20,NONE,PASS,2026-05-31T12:00:00+00:00,74250.0,73701.0,73664.21485
A0-E2-S1-T2.0-176,A0,E2,OOS,LONG,2026-06-07T05:00:00+00:00,2026-06-07T05:00:00+00:00,2026-06-10T05:00:00+00:00,61854.2,60146.0,65270.59999999999,S1,2.0,TIME,-0.31179018850251694,0.028968130195527502,-0.34075831869804446,72,NONE,PASS,2026-06-07T04:00:00+00:00,61763.9,60146.0,61794.82705
A0-E2-S1-T2.0-177,A0,E2,OOS,LONG,2026-06-11T11:00:00+00:00,2026-06-11T11:00:00+00:00,2026-06-14T11:00:00+00:00,63120.2,61068.6,67223.4,S1,2.0,TIME,0.6782511210762336,0.024613062975238856,0.6536380581009947,72,NONE,PASS,2026-06-11T08:00:00+00:00,63043.1,61068.6,63074.660149999996
A0-E2-S1-T2.0-178,A0,E2,OOS,SHORT,2026-06-14T18:00:00+00:00,2026-06-14T18:00:00+00:00,2026-06-14T21:00:00+00:00,63706.2,64738.0,61642.59999999999,S1,2.0,SL,-1.0,0.04939422368676086,-1.0493942236867608,3,NONE,PASS,2026-06-14T16:00:00+00:00,64738.0,63830.0,63798.14695
A0-E2-S1-T2.0-179,A0,E2,OOS,LONG,2026-06-20T00:00:00+00:00,2026-06-20T00:00:00+00:00,2026-06-23T00:00:00+00:00,63512.5,62237.2,66063.1,S1,2.0,TIME,0.475888026346742,0.03984160589665168,0.4360464204500903,72,NONE,PASS,2026-06-20T00:00:00+00:00,63410.3,62237.2,63442.056300000004
A0-E2-S1-T2.0-180,A0,E2,OOS,LONG,2026-06-27T16:00:00+00:00,2026-06-27T16:00:00+00:00,2026-06-28T16:00:00+00:00,60817.3,59556.0,63339.90000000001,S1,2.0,SL,-1.0,0.038574359787520725,-1.0385743597875208,24,NONE,PASS,2026-06-27T16:00:00+00:00,60697.6,59556.0,60728.0086
A0-E2-S1-T2.0-181,A0,E2,OOS,LONG,2026-07-03T21:00:00+00:00,2026-07-03T21:00:00+00:00,2026-07-06T21:00:00+00:00,62759.3,61229.0,65819.90000000001,S1,2.0,TIME,1.1217408351303635,0.032808887146311125,1.0889319479840525,72,NONE,PASS,2026-07-03T20:00:00+00:00,62386.7,61229.0,62418.07965
A0-E2-S1-T2.0-182,A0,E2,OOS,LONG,2026-07-11T15:00:00+00:00,2026-07-11T15:00:00+00:00,2026-07-12T06:00:00+00:00,64321.0,63619.9,65723.2,S1,2.0,SL,-1.0,0.07339438025959222,-1.0733943802595922,15,NONE,PASS,2026-07-11T12:00:00+00:00,64288.7,63619.9,64320.860499999995
A0-E2-S1-T2.0-183,A0,E2,OOS,LONG,2026-07-18T17:00:00+00:00,2026-07-18T17:00:00+00:00,2026-07-20T06:00:00+00:00,64278.3,63859.6,65115.70000000001,S1,2.0,SL,-1.0,0.1228149988058263,-1.1228149988058262,37,NONE,PASS,2026-07-18T16:00:00+00:00,64237.7,63859.6,64269.8391
A0-E2-S1-T2.0-184,A0,E2,OOS,LONG,2026-07-25T19:00:00+00:00,2026-07-25T19:00:00+00:00,2026-07-27T06:00:00+00:00,64391.3,63760.5,65652.90000000001,S1,2.0,TP,2.0,0.08166303107165467,1.9183369689283454,35,NONE,PASS,2026-07-25T16:00:00+00:00,64330.2,63760.5,64362.395699999994
A0-E2-S1-T2.0-185,A0,E2,OOS,SHORT,2026-07-31T10:00:00+00:00,2026-07-31T10:00:00+00:00,2026-08-03T10:00:00+00:00,63689.1,65391.3,60284.69999999999,S1,2.0,TIME,0.5759017741745935,0.029932604864293194,0.5459691693103004,72,NONE,PASS,2026-07-31T08:00:00+00:00,65391.3,63777.7,63745.8555
A0-E2-S1-T2.0-186,A0,E2,OOS,LONG,2026-08-07T12:00:00+00:00,2026-08-07T12:00:00+00:00,2026-08-10T12:00:00+00:00,64996.2,64128.3,66731.99999999999,S1,2.0,TIME,-0.18193340246571638,0.059911234013135556,-0.24184463647885193,72,NONE,PASS,2026-08-07T12:00:00+00:00,64962.0,64128.3,64994.49805
A0-E2-S1-T2.0-187,A0,E2,OOS,LONG,2026-08-16T17:00:00+00:00,2026-08-16T17:00:00+00:00,2026-08-16T21:00:00+00:00,63232.7,62928.5,63841.09999999999,S1,2.0,SL,-1.0,0.16629243918474845,-1.1662924391847485,4,NONE,PASS,2026-08-16T16:00:00+00:00,63141.6,62928.5,63173.216349999995
A0-E2-S1-T2.0-188,A0,E2,OOS,SHORT,2026-08-23T06:00:00+00:00,2026-08-23T06:00:00+00:00,2026-08-23T13:00:00+00:00,76065.0,77590.6,73013.79999999999,S1,2.0,SL,-1.0,0.0398872574724697,-1.0398872574724698,7,NONE,PASS,2026-08-23T04:00:00+00:00,77590.6,76425.4,76387.36755
A0-E2-S1-T2.0-189,A0,E2,OOS,LONG,2026-08-27T09:00:00+00:00,2026-08-27T09:00:00+00:00,2026-08-28T16:00:00+00:00,79722.7,77600.0,83968.09999999999,S1,2.0,SL,-1.0,0.03004577189428562,-1.0300457718942857,31,NONE,PASS,2026-08-27T08:00:00+00:00,79138.7,77600.0,79178.56139999999
A0-E2-S1-T2.0-190,A0,E2,OOS,LONG,2026-08-29T15:00:00+00:00,2026-08-29T15:00:00+00:00,2026-08-30T23:00:00+00:00,77979.2,77210.8,79515.99999999999,S1,2.0,SL,-1.0,0.0811860489328481,-1.0811860489328482,32,NONE,PASS,2026-08-29T12:00:00+00:00,77920.0,77210.8,77958.9896
A0-E2-S1-T2.0-191,A0,E2,OOS,LONG,2026-09-05T17:00:00+00:00,2026-09-05T17:00:00+00:00,2026-09-06T14:00:00+00:00,80001.5,79405.2,81194.1,S1,2.0,SL,-1.0,0.10733053831963724,-1.1073305383196372,21,NONE,PASS,2026-09-05T16:00:00+00:00,79825.5,79405.2,79865.50075
A0-E2-S1-T2.0-192,A0,E2,OOS,SHORT,2026-09-13T09:00:00+00:00,2026-09-13T09:00:00+00:00,2026-09-14T02:00:00+00:00,76767.8,77477.4,75348.60000000002,S1,2.0,SL,-1.0,0.08654768883878348,-1.0865476888387835,17,NONE,PASS,2026-09-13T08:00:00+00:00,77477.4,77003.4,76965.0161
A0-E2-S1-T2.0-193,A0,E2,OOS,LONG,2026-09-18T08:00:00+00:00,2026-09-18T08:00:00+00:00,2026-09-18T19:00:00+00:00,77776.1,75975.0,81378.30000000002,S1,2.0,TP,2.0,0.034546044084170675,1.9654539559158293,11,NONE,PASS,2026-09-18T08:00:00+00:00,77682.0,75975.0,77720.88805
A0-E2-S1-T2.0-194,A0,E2,OOS,SHORT,2026-09-20T03:00:00+00:00,2026-09-20T03:00:00+00:00,2026-09-21T01:00:00+00:00,80309.9,81933.9,77061.9,S1,2.0,SL,-1.0,0.039561527093596054,-1.039561527093596,22,NONE,PASS,2026-09-20T00:00:00+00:00,81933.9,80875.0,80834.845
A0-E2-S1-T2.0-195,A0,E2,OOS,LONG,2026-09-27T08:00:00+00:00,2026-09-27T08:00:00+00:00,2026-09-28T01:00:00+00:00,84751.3,83778.4,86697.10000000002,S1,2.0,SL,-1.0,0.06968962894439243,-1.0696896289443925,17,NONE,PASS,2026-09-27T08:00:00+00:00,84640.0,83778.4,84682.3756
