decision_time,direction,partition,trade_id,selected_4h_open_time,selected_4h_close_time,selected_4h_is_closed,lookahead_status,entry_time,exit_time,net_R
2022-10-14T17:00:00+00:00,SHORT,TRAIN,A0-SHORT-1,2022-10-14T12:00:00+00:00,2022-10-14T16:00:00+00:00,True,PASS,2022-10-14T16:00:00+00:00,2022-10-17T16:00:00+00:00,-0.39618483192888543
2022-10-18T19:00:00+00:00,SHORT,TRAIN,A0-SHORT-2,2022-10-18T12:00:00+00:00,2022-10-18T16:00:00+00:00,True,PASS,2022-10-18T18:00:00+00:00,2022-10-21T18:00:00+00:00,0.13968201238204891
2022-10-23T22:00:00+00:00,LONG,TRAIN,A0-LONG-3,2022-10-23T16:00:00+00:00,2022-10-23T20:00:00+00:00,True,PASS,2022-10-23T21:00:00+00:00,2022-10-25T18:00:00+00:00,1.9616308287533066
2022-10-28T14:00:00+00:00,LONG,TRAIN,A0-LONG-4,2022-10-28T08:00:00+00:00,2022-10-28T12:00:00+00:00,True,PASS,2022-10-28T13:00:00+00:00,2022-10-31T13:00:00+00:00,-0.3105445372497576
2022-11-01T03:00:00+00:00,LONG,TRAIN,A0-LONG-5,2022-10-31T20:00:00+00:00,2022-11-01T00:00:00+00:00,True,PASS,2022-11-01T02:00:00+00:00,2022-11-01T14:00:00+00:00,-1.0700834660616856
2022-11-03T12:00:00+00:00,SHORT,TRAIN,A0-SHORT-6,2022-11-03T08:00:00+00:00,2022-11-03T12:00:00+00:00,True,PASS,2022-11-03T11:00:00+00:00,2022-11-04T05:00:00+00:00,-1.0563386018757204
2022-11-04T15:00:00+00:00,LONG,TRAIN,A0-LONG-7,2022-11-04T08:00:00+00:00,2022-11-04T12:00:00+00:00,True,PASS,2022-11-04T14:00:00+00:00,2022-11-07T14:00:00+00:00,-0.6639422864072122
2022-11-07T20:00:00+00:00,LONG,TRAIN,A0-LONG-8,2022-11-07T16:00:00+00:00,2022-11-07T20:00:00+00:00,True,PASS,2022-11-07T19:00:00+00:00,2022-11-07T21:00:00+00:00,-1.07349110432937
2022-11-08T04:00:00+00:00,SHORT,TRAIN,A0-SHORT-9,2022-11-08T00:00:00+00:00,2022-11-08T04:00:00+00:00,True,PASS,2022-11-08T03:00:00+00:00,2022-11-08T18:00:00+00:00,1.978660953821121
2022-11-08T20:00:00+00:00,SHORT,TRAIN,A0-SHORT-10,2022-11-08T16:00:00+00:00,2022-11-08T20:00:00+00:00,True,PASS,2022-11-08T19:00:00+00:00,2022-11-11T19:00:00+00:00,0.5621916527660109
2022-11-13T07:00:00+00:00,SHORT,TRAIN,A0-SHORT-11,2022-11-13T00:00:00+00:00,2022-11-13T04:00:00+00:00,True,PASS,2022-11-13T06:00:00+00:00,2022-11-14T00:00:00+00:00,1.952918339436185
2022-11-14T20:00:00+00:00,SHORT,TRAIN,A0-SHORT-12,2022-11-14T16:00:00+00:00,2022-11-14T20:00:00+00:00,True,PASS,2022-11-14T19:00:00+00:00,2022-11-17T19:00:00+00:00,-0.40236247171105743
2022-11-18T18:00:00+00:00,SHORT,TRAIN,A0-SHORT-13,2022-11-18T12:00:00+00:00,2022-11-18T16:00:00+00:00,True,PASS,2022-11-18T17:00:00+00:00,2022-11-21T02:00:00+00:00,1.9498444221965485
2022-11-21T20:00:00+00:00,SHORT,TRAIN,A0-SHORT-14,2022-11-21T16:00:00+00:00,2022-11-21T20:00:00+00:00,True,PASS,2022-11-21T19:00:00+00:00,2022-11-22T15:00:00+00:00,-1.0221285069581119
2022-11-23T17:00:00+00:00,SHORT,TRAIN,A0-SHORT-15,2022-11-23T12:00:00+00:00,2022-11-23T16:00:00+00:00,True,PASS,2022-11-23T16:00:00+00:00,2022-11-23T19:00:00+00:00,-1.0348252449484894
2022-11-24T02:00:00+00:00,LONG,TRAIN,A0-LONG-16,2022-11-23T20:00:00+00:00,2022-11-24T00:00:00+00:00,True,PASS,2022-11-24T01:00:00+00:00,2022-11-27T01:00:00+00:00,-0.6507093402618847
2022-11-28T00:00:00+00:00,SHORT,TRAIN,A0-SHORT-17,2022-11-27T20:00:00+00:00,2022-11-28T00:00:00+00:00,True,PASS,2022-11-27T23:00:00+00:00,2022-11-28T02:00:00+00:00,1.9243247415346814
2022-11-28T16:00:00+00:00,SHORT,TRAIN,A0-SHORT-18,2022-11-28T12:00:00+00:00,2022-11-28T16:00:00+00:00,True,PASS,2022-11-28T15:00:00+00:00,2022-11-28T16:00:00+00:00,-1.075331063174735
2022-11-30T19:00:00+00:00,LONG,TRAIN,A0-LONG-19,2022-11-30T12:00:00+00:00,2022-11-30T16:00:00+00:00,True,PASS,2022-11-30T18:00:00+00:00,2022-12-01T13:00:00+00:00,1.9360421106965653
2022-12-02T01:00:00+00:00,LONG,TRAIN,A0-LONG-20,2022-12-01T20:00:00+00:00,2022-12-02T00:00:00+00:00,True,PASS,2022-12-02T00:00:00+00:00,2022-12-02T13:00:00+00:00,-1.0733922494594306
2022-12-03T00:00:00+00:00,LONG,TRAIN,A0-LONG-21,2022-12-02T20:00:00+00:00,2022-12-03T00:00:00+00:00,True,PASS,2022-12-02T23:00:00+00:00,2022-12-03T21:00:00+00:00,-1.065564678818757
2022-12-07T00:00:00+00:00,LONG,TRAIN,A0-LONG-22,2022-12-06T20:00:00+00:00,2022-12-07T00:00:00+00:00,True,PASS,2022-12-06T23:00:00+00:00,2022-12-07T07:00:00+00:00,-1.0736387385314052
2022-12-08T18:00:00+00:00,LONG,TRAIN,A0-LONG-23,2022-12-08T12:00:00+00:00,2022-12-08T16:00:00+00:00,True,PASS,2022-12-08T17:00:00+00:00,2022-12-11T17:00:00+00:00,0.7743183002328275
2022-12-11T19:00:00+00:00,LONG,TRAIN,A0-LONG-24,2022-12-11T12:00:00+00:00,2022-12-11T16:00:00+00:00,True,PASS,2022-12-11T18:00:00+00:00,2022-12-11T20:00:00+00:00,-1.1624311159990393
2022-12-12T21:00:00+00:00,LONG,TRAIN,A0-LONG-25,2022-12-12T16:00:00+00:00,2022-12-12T20:00:00+00:00,True,PASS,2022-12-12T20:00:00+00:00,2022-12-13T13:00:00+00:00,1.9348510543535986
2022-12-16T08:00:00+00:00,LONG,TRAIN,A0-LONG-26,2022-12-16T04:00:00+00:00,2022-12-16T08:00:00+00:00,True,PASS,2022-12-16T07:00:00+00:00,2022-12-16T08:00:00+00:00,-1.0636679019123647
2022-12-16T17:00:00+00:00,SHORT,TRAIN,A0-SHORT-27,2022-12-16T12:00:00+00:00,2022-12-16T16:00:00+00:00,True,PASS,2022-12-16T16:00:00+00:00,2022-12-19T16:00:00+00:00,0.22470503207016826
2022-12-19T23:00:00+00:00,SHORT,TRAIN,A0-SHORT-28,2022-12-19T16:00:00+00:00,2022-12-19T20:00:00+00:00,True,PASS,2022-12-19T22:00:00+00:00,2022-12-20T02:00:00+00:00,-1.0366130670338969
2022-12-22T14:00:00+00:00,SHORT,TRAIN,A0-SHORT-29,2022-12-22T08:00:00+00:00,2022-12-22T12:00:00+00:00,True,PASS,2022-12-22T13:00:00+00:00,2022-12-22T17:00:00+00:00,1.85871594886283
2022-12-26T16:00:00+00:00,SHORT,TRAIN,A0-SHORT-30,2022-12-26T12:00:00+00:00,2022-12-26T16:00:00+00:00,True,PASS,2022-12-26T15:00:00+00:00,2022-12-26T23:00:00+00:00,-1.1914650302134167
2022-12-27T12:00:00+00:00,SHORT,TRAIN,A0-SHORT-31,2022-12-27T08:00:00+00:00,2022-12-27T12:00:00+00:00,True,PASS,2022-12-27T11:00:00+00:00,2022-12-27T17:00:00+00:00,1.8149000472412673
2022-12-28T16:00:00+00:00,SHORT,TRAIN,A0-SHORT-32,2022-12-28T12:00:00+00:00,2022-12-28T16:00:00+00:00,True,PASS,2022-12-28T15:00:00+00:00,2022-12-31T15:00:00+00:00,-0.14214072048469367
2022-12-31T22:00:00+00:00,SHORT,TRAIN,A0-SHORT-33,2022-12-31T16:00:00+00:00,2022-12-31T20:00:00+00:00,True,PASS,2022-12-31T21:00:00+00:00,2023-01-02T03:00:00+00:00,-1.1269295688200083
2023-01-02T08:00:00+00:00,LONG,TRAIN,A0-LONG-34,2023-01-02T04:00:00+00:00,2023-01-02T08:00:00+00:00,True,PASS,2023-01-02T07:00:00+00:00,2023-01-05T07:00:00+00:00,0.5022369107670819
2023-01-05T16:00:00+00:00,LONG,TRAIN,A0-LONG-35,2023-01-05T12:00:00+00:00,2023-01-05T16:00:00+00:00,True,PASS,2023-01-05T15:00:00+00:00,2023-01-06T11:00:00+00:00,-1.12874688271555
2023-01-06T16:00:00+00:00,LONG,TRAIN,A0-LONG-36,2023-01-06T12:00:00+00:00,2023-01-06T16:00:00+00:00,True,PASS,2023-01-06T15:00:00+00:00,2023-01-09T00:00:00+00:00,1.9242628521103988
2023-01-10T09:00:00+00:00,LONG,TRAIN,A0-LONG-37,2023-01-10T04:00:00+00:00,2023-01-10T08:00:00+00:00,True,PASS,2023-01-10T08:00:00+00:00,2023-01-11T01:00:00+00:00,1.8841496926139625
2023-01-11T19:00:00+00:00,LONG,TRAIN,A0-LONG-38,2023-01-11T12:00:00+00:00,2023-01-11T16:00:00+00:00,True,PASS,2023-01-11T18:00:00+00:00,2023-01-11T23:00:00+00:00,1.9218220934279986
2023-01-12T01:00:00+00:00,LONG,TRAIN,A0-LONG-39,2023-01-11T20:00:00+00:00,2023-01-12T00:00:00+00:00,True,PASS,2023-01-12T00:00:00+00:00,2023-01-14T00:00:00+00:00,1.9846655024180548
2023-01-15T16:00:00+00:00,LONG,TRAIN,A0-LONG-40,2023-01-15T12:00:00+00:00,2023-01-15T16:00:00+00:00,True,PASS,2023-01-15T15:00:00+00:00,2023-01-17T14:00:00+00:00,1.952720211827008
2023-01-18T14:00:00+00:00,LONG,TRAIN,A0-LONG-41,2023-01-18T08:00:00+00:00,2023-01-18T12:00:00+00:00,True,PASS,2023-01-18T13:00:00+00:00,2023-01-18T15:00:00+00:00,-1.0611898616371798
2023-01-19T19:00:00+00:00,LONG,TRAIN,A0-LONG-42,2023-01-19T12:00:00+00:00,2023-01-19T16:00:00+00:00,True,PASS,2023-01-19T18:00:00+00:00,2023-01-20T20:00:00+00:00,1.9486152224258928
2023-01-22T15:00:00+00:00,LONG,TRAIN,A0-LONG-43,2023-01-22T08:00:00+00:00,2023-01-22T12:00:00+00:00,True,PASS,2023-01-22T14:00:00+00:00,2023-01-22T15:00:00+00:00,-1.061234248323716
2023-01-23T11:00:00+00:00,LONG,TRAIN,A0-LONG-44,2023-01-23T04:00:00+00:00,2023-01-23T08:00:00+00:00,True,PASS,2023-01-23T10:00:00+00:00,2023-01-23T14:00:00+00:00,-1.0566258154915193
2023-01-25T21:00:00+00:00,LONG,TRAIN,A0-LONG-45,2023-01-25T16:00:00+00:00,2023-01-25T20:00:00+00:00,True,PASS,2023-01-25T20:00:00+00:00,2023-01-28T20:00:00+00:00,0.013380403500729755
2023-01-29T01:00:00+00:00,LONG,TRAIN,A0-LONG-46,2023-01-28T20:00:00+00:00,2023-01-29T00:00:00+00:00,True,PASS,2023-01-29T00:00:00+00:00,2023-01-29T01:00:00+00:00,1.898188816406049
2023-01-31T08:00:00+00:00,LONG,TRAIN,A0-LONG-47,2023-01-31T04:00:00+00:00,2023-01-31T08:00:00+00:00,True,PASS,2023-01-31T07:00:00+00:00,2023-02-01T20:00:00+00:00,1.9341861644217604
2023-02-01T22:00:00+00:00,LONG,TRAIN,A0-LONG-48,2023-02-01T16:00:00+00:00,2023-02-01T20:00:00+00:00,True,PASS,2023-02-01T21:00:00+00:00,2023-02-04T21:00:00+00:00,-0.3044074442809236
2023-02-05T18:00:00+00:00,SHORT,TRAIN,A0-SHORT-49,2023-02-05T12:00:00+00:00,2023-02-05T16:00:00+00:00,True,PASS,2023-02-05T17:00:00+00:00,2023-02-08T01:00:00+00:00,-1.0321344921445867
2023-02-08T16:00:00+00:00,SHORT,TRAIN,A0-SHORT-50,2023-02-08T12:00:00+00:00,2023-02-08T16:00:00+00:00,True,PASS,2023-02-08T15:00:00+00:00,2023-02-09T19:00:00+00:00,1.9521996115319393
2023-02-11T19:00:00+00:00,SHORT,TRAIN,A0-SHORT-51,2023-02-11T12:00:00+00:00,2023-02-11T16:00:00+00:00,True,PASS,2023-02-11T18:00:00+00:00,2023-02-11T21:00:00+00:00,-1.1268324590551784
2023-02-12T22:00:00+00:00,SHORT,TRAIN,A0-SHORT-52,2023-02-12T16:00:00+00:00,2023-02-12T20:00:00+00:00,True,PASS,2023-02-12T21:00:00+00:00,2023-02-14T14:00:00+00:00,-1.0477848275255381
2023-02-17T21:00:00+00:00,LONG,TRAIN,A0-LONG-53,2023-02-17T16:00:00+00:00,2023-02-17T20:00:00+00:00,True,PASS,2023-02-17T20:00:00+00:00,2023-02-20T20:00:00+00:00,-0.041663695350164134
2023-02-23T00:00:00+00:00,LONG,TRAIN,A0-LONG-54,2023-02-22T20:00:00+00:00,2023-02-23T00:00:00+00:00,True,PASS,2023-02-22T23:00:00+00:00,2023-02-24T15:00:00+00:00,-1.0316282202567233
2023-02-24T17:00:00+00:00,SHORT,TRAIN,A0-SHORT-55,2023-02-24T12:00:00+00:00,2023-02-24T16:00:00+00:00,True,PASS,2023-02-24T16:00:00+00:00,2023-02-27T16:00:00+00:00,-0.25437975756073816
2023-02-28T08:00:00+00:00,SHORT,TRAIN,A0-SHORT-56,2023-02-28T04:00:00+00:00,2023-02-28T08:00:00+00:00,True,PASS,2023-02-28T07:00:00+00:00,2023-02-28T16:00:00+00:00,-1.0513489269900513
2023-02-28T20:00:00+00:00,SHORT,TRAIN,A0-SHORT-57,2023-02-28T16:00:00+00:00,2023-02-28T20:00:00+00:00,True,PASS,2023-02-28T19:00:00+00:00,2023-03-01T04:00:00+00:00,-1.052630045087296
2023-03-01T09:00:00+00:00,LONG,TRAIN,A0-LONG-58,2023-03-01T04:00:00+00:00,2023-03-01T08:00:00+00:00,True,PASS,2023-03-01T08:00:00+00:00,2023-03-03T01:00:00+00:00,-1.0220455389527483
2023-03-04T16:00:00+00:00,SHORT,TRAIN,A0-SHORT-59,2023-03-04T12:00:00+00:00,2023-03-04T16:00:00+00:00,True,PASS,2023-03-04T15:00:00+00:00,2023-03-05T01:00:00+00:00,-1.1881333408537322
2023-03-06T21:00:00+00:00,SHORT,TRAIN,A0-SHORT-60,2023-03-06T16:00:00+00:00,2023-03-06T20:00:00+00:00,True,PASS,2023-03-06T20:00:00+00:00,2023-03-08T05:00:00+00:00,1.9325230754361378
2023-03-08T23:00:00+00:00,SHORT,TRAIN,A0-SHORT-61,2023-03-08T16:00:00+00:00,2023-03-08T20:00:00+00:00,True,PASS,2023-03-08T22:00:00+00:00,2023-03-09T19:00:00+00:00,1.9603945830082414
2023-03-09T21:00:00+00:00,SHORT,TRAIN,A0-SHORT-62,2023-03-09T16:00:00+00:00,2023-03-09T20:00:00+00:00,True,PASS,2023-03-09T20:00:00+00:00,2023-03-12T20:00:00+00:00,-0.6726486687119503
2023-03-13T01:00:00+00:00,LONG,TRAIN,A0-LONG-63,2023-03-12T20:00:00+00:00,2023-03-13T00:00:00+00:00,True,PASS,2023-03-13T00:00:00+00:00,2023-03-16T00:00:00+00:00,0.8279925528678524
2023-03-16T08:00:00+00:00,LONG,TRAIN,A0-LONG-64,2023-03-16T04:00:00+00:00,2023-03-16T08:00:00+00:00,True,PASS,2023-03-16T07:00:00+00:00,2023-03-17T01:00:00+00:00,1.9611074105693729
2023-03-19T16:00:00+00:00,LONG,TRAIN,A0-LONG-65,2023-03-19T12:00:00+00:00,2023-03-19T16:00:00+00:00,True,PASS,2023-03-19T15:00:00+00:00,2023-03-22T15:00:00+00:00,1.4066085319452055
2023-03-23T06:00:00+00:00,LONG,TRAIN,A0-LONG-66,2023-03-23T00:00:00+00:00,2023-03-23T04:00:00+00:00,True,PASS,2023-03-23T05:00:00+00:00,2023-03-26T05:00:00+00:00,-0.1478374284752596
2023-03-26T09:00:00+00:00,LONG,TRAIN,A0-LONG-67,2023-03-26T04:00:00+00:00,2023-03-26T08:00:00+00:00,True,PASS,2023-03-26T08:00:00+00:00,2023-03-26T13:00:00+00:00,1.9139251650941695
2023-03-27T16:00:00+00:00,SHORT,TRAIN,A0-SHORT-68,2023-03-27T12:00:00+00:00,2023-03-27T16:00:00+00:00,True,PASS,2023-03-27T15:00:00+00:00,2023-03-29T06:00:00+00:00,-1.0193269803012939
2023-03-31T14:00:00+00:00,LONG,TRAIN,A0-LONG-69,2023-03-31T08:00:00+00:00,2023-03-31T12:00:00+00:00,True,PASS,2023-03-31T13:00:00+00:00,2023-04-03T13:00:00+00:00,-0.15525179898033514
2023-04-04T10:00:00+00:00,LONG,TRAIN,A0-LONG-70,2023-04-04T04:00:00+00:00,2023-04-04T08:00:00+00:00,True,PASS,2023-04-04T09:00:00+00:00,2023-04-07T09:00:00+00:00,-0.6585971493361495
2023-04-09T07:00:00+00:00,SHORT,TRAIN,A0-SHORT-71,2023-04-09T00:00:00+00:00,2023-04-09T04:00:00+00:00,True,PASS,2023-04-09T06:00:00+00:00,2023-04-09T19:00:00+00:00,-1.0984507544843332
2023-04-09T22:00:00+00:00,LONG,TRAIN,A0-LONG-72,2023-04-09T16:00:00+00:00,2023-04-09T20:00:00+00:00,True,PASS,2023-04-09T21:00:00+00:00,2023-04-10T22:00:00+00:00,1.9655691087194713
2023-04-12T13:00:00+00:00,LONG,TRAIN,A0-LONG-73,2023-04-12T08:00:00+00:00,2023-04-12T12:00:00+00:00,True,PASS,2023-04-12T12:00:00+00:00,2023-04-12T15:00:00+00:00,-1.0757420946323728
2023-04-13T03:00:00+00:00,LONG,TRAIN,A0-LONG-74,2023-04-12T20:00:00+00:00,2023-04-13T00:00:00+00:00,True,PASS,2023-04-13T02:00:00+00:00,2023-04-14T01:00:00+00:00,1.937354270109171
2023-04-16T19:00:00+00:00,LONG,TRAIN,A0-LONG-75,2023-04-16T12:00:00+00:00,2023-04-16T16:00:00+00:00,True,PASS,2023-04-16T18:00:00+00:00,2023-04-17T00:00:00+00:00,-1.0677785665464898
2023-04-18T08:00:00+00:00,LONG,TRAIN,A0-LONG-76,2023-04-18T04:00:00+00:00,2023-04-18T08:00:00+00:00,True,PASS,2023-04-18T07:00:00+00:00,2023-04-19T08:00:00+00:00,-1.0343226374985148
2023-04-21T18:00:00+00:00,SHORT,TRAIN,A0-SHORT-77,2023-04-21T12:00:00+00:00,2023-04-21T16:00:00+00:00,True,PASS,2023-04-21T17:00:00+00:00,2023-04-24T16:00:00+00:00,1.9469387823040816
2023-04-25T08:00:00+00:00,SHORT,TRAIN,A0-SHORT-78,2023-04-25T04:00:00+00:00,2023-04-25T08:00:00+00:00,True,PASS,2023-04-25T07:00:00+00:00,2023-04-25T17:00:00+00:00,-1.0632072691502226
2023-04-26T20:00:00+00:00,SHORT,TRAIN,A0-SHORT-79,2023-04-26T16:00:00+00:00,2023-04-26T20:00:00+00:00,True,PASS,2023-04-26T19:00:00+00:00,2023-04-29T19:00:00+00:00,-0.6265980247470596
2023-04-30T07:00:00+00:00,LONG,TRAIN,A0-LONG-80,2023-04-30T00:00:00+00:00,2023-04-30T04:00:00+00:00,True,PASS,2023-04-30T06:00:00+00:00,2023-04-30T15:00:00+00:00,1.8870433817497465
2023-05-03T13:00:00+00:00,SHORT,TRAIN,A0-SHORT-81,2023-05-03T08:00:00+00:00,2023-05-03T12:00:00+00:00,True,PASS,2023-05-03T12:00:00+00:00,2023-05-03T17:00:00+00:00,-1.0474923014500002
2023-05-05T02:00:00+00:00,LONG,TRAIN,A0-LONG-82,2023-05-04T20:00:00+00:00,2023-05-05T00:00:00+00:00,True,PASS,2023-05-05T01:00:00+00:00,2023-05-05T12:00:00+00:00,-1.035026001129552
2023-05-05T17:00:00+00:00,LONG,TRAIN,A0-LONG-83,2023-05-05T12:00:00+00:00,2023-05-05T16:00:00+00:00,True,PASS,2023-05-05T16:00:00+00:00,2023-05-06T14:00:00+00:00,-1.0242337351124946
2023-05-08T00:00:00+00:00,SHORT,TRAIN,A0-SHORT-84,2023-05-07T20:00:00+00:00,2023-05-08T00:00:00+00:00,True,PASS,2023-05-07T23:00:00+00:00,2023-05-10T17:00:00+00:00,1.9640664273046549
2023-05-11T14:00:00+00:00,SHORT,TRAIN,A0-SHORT-85,2023-05-11T08:00:00+00:00,2023-05-11T12:00:00+00:00,True,PASS,2023-05-11T13:00:00+00:00,2023-05-12T05:00:00+00:00,1.9512815202021503
2023-05-15T01:00:00+00:00,SHORT,TRAIN,A0-SHORT-86,2023-05-14T20:00:00+00:00,2023-05-15T00:00:00+00:00,True,PASS,2023-05-15T00:00:00+00:00,2023-05-15T01:00:00+00:00,-1.0629017425906366
2023-05-16T00:00:00+00:00,SHORT,TRAIN,A0-SHORT-87,2023-05-15T20:00:00+00:00,2023-05-16T00:00:00+00:00,True,PASS,2023-05-15T23:00:00+00:00,2023-05-18T23:00:00+00:00,0.629021599027546
2023-05-21T11:00:00+00:00,SHORT,TRAIN,A0-SHORT-88,2023-05-21T04:00:00+00:00,2023-05-21T08:00:00+00:00,True,PASS,2023-05-21T10:00:00+00:00,2023-05-23T03:00:00+00:00,-1.087498749357429
2023-05-24T04:00:00+00:00,SHORT,TRAIN,A0-SHORT-89,2023-05-24T00:00:00+00:00,2023-05-24T04:00:00+00:00,True,PASS,2023-05-24T03:00:00+00:00,2023-05-27T03:00:00+00:00,0.018638242867548296
2023-05-27T14:00:00+00:00,SHORT,TRAIN,A0-SHORT-90,2023-05-27T08:00:00+00:00,2023-05-27T12:00:00+00:00,True,PASS,2023-05-27T13:00:00+00:00,2023-05-27T18:00:00+00:00,-1.1429058264305012
2023-05-28T01:00:00+00:00,LONG,TRAIN,A0-LONG-91,2023-05-27T20:00:00+00:00,2023-05-28T00:00:00+00:00,True,PASS,2023-05-28T00:00:00+00:00,2023-05-28T22:00:00+00:00,1.9541136335385725
2023-05-30T04:00:00+00:00,LONG,TRAIN,A0-LONG-92,2023-05-30T00:00:00+00:00,2023-05-30T04:00:00+00:00,True,PASS,2023-05-30T03:00:00+00:00,2023-05-31T04:00:00+00:00,-1.0754030310988365
2023-06-01T03:00:00+00:00,SHORT,TRAIN,A0-SHORT-93,2023-05-31T20:00:00+00:00,2023-06-01T00:00:00+00:00,True,PASS,2023-06-01T02:00:00+00:00,2023-06-04T02:00:00+00:00,-0.6049874834746899
2023-06-04T08:00:00+00:00,LONG,TRAIN,A0-LONG-94,2023-06-04T04:00:00+00:00,2023-06-04T08:00:00+00:00,True,PASS,2023-06-04T07:00:00+00:00,2023-06-05T02:00:00+00:00,-1.0990228963768485
2023-06-05T04:00:00+00:00,SHORT,TRAIN,A0-SHORT-95,2023-06-05T00:00:00+00:00,2023-06-05T04:00:00+00:00,True,PASS,2023-06-05T03:00:00+00:00,2023-06-05T16:00:00+00:00,1.966324524666325
2023-06-06T20:00:00+00:00,LONG,TRAIN,A0-LONG-96,2023-06-06T16:00:00+00:00,2023-06-06T20:00:00+00:00,True,PASS,2023-06-06T19:00:00+00:00,2023-06-09T19:00:00+00:00,-0.3936571027987296
2023-06-10T05:00:00+00:00,SHORT,TRAIN,A0-SHORT-97,2023-06-10T00:00:00+00:00,2023-06-10T04:00:00+00:00,True,PASS,2023-06-10T04:00:00+00:00,2023-06-13T04:00:00+00:00,-0.3951447754160305
2023-06-13T16:00:00+00:00,SHORT,TRAIN,A0-SHORT-98,2023-06-13T12:00:00+00:00,2023-06-13T16:00:00+00:00,True,PASS,2023-06-13T15:00:00+00:00,2023-06-16T15:00:00+00:00,-0.14744308985972035
2023-06-17T23:00:00+00:00,LONG,TRAIN,A0-LONG-99,2023-06-17T16:00:00+00:00,2023-06-17T20:00:00+00:00,True,PASS,2023-06-17T22:00:00+00:00,2023-06-18T23:00:00+00:00,-1.0757976685627022
2023-06-19T13:00:00+00:00,LONG,TRAIN,A0-LONG-100,2023-06-19T08:00:00+00:00,2023-06-19T12:00:00+00:00,True,PASS,2023-06-19T12:00:00+00:00,2023-06-19T15:00:00+00:00,-1.1150224410944989
2023-06-19T18:00:00+00:00,LONG,TRAIN,A0-LONG-101,2023-06-19T12:00:00+00:00,2023-06-19T16:00:00+00:00,True,PASS,2023-06-19T17:00:00+00:00,2023-06-20T17:00:00+00:00,1.9435914053871741
2023-06-20T19:00:00+00:00,LONG,TRAIN,A0-LONG-102,2023-06-20T12:00:00+00:00,2023-06-20T16:00:00+00:00,True,PASS,2023-06-20T18:00:00+00:00,2023-06-23T15:00:00+00:00,1.9843940027355353
2023-06-25T04:00:00+00:00,LONG,TRAIN,A0-LONG-103,2023-06-25T00:00:00+00:00,2023-06-25T04:00:00+00:00,True,PASS,2023-06-25T03:00:00+00:00,2023-06-25T18:00:00+00:00,-1.0678685656412905
2023-06-26T14:00:00+00:00,LONG,TRAIN,A0-LONG-104,2023-06-26T08:00:00+00:00,2023-06-26T12:00:00+00:00,True,PASS,2023-06-26T13:00:00+00:00,2023-06-26T16:00:00+00:00,-1.0461126094153048
2023-06-27T03:00:00+00:00,LONG,TRAIN,A0-LONG-105,2023-06-26T20:00:00+00:00,2023-06-27T00:00:00+00:00,True,PASS,2023-06-27T02:00:00+00:00,2023-06-28T13:00:00+00:00,-1.052592691430117
2023-06-29T08:00:00+00:00,LONG,TRAIN,A0-LONG-106,2023-06-29T04:00:00+00:00,2023-06-29T08:00:00+00:00,True,PASS,2023-06-29T07:00:00+00:00,2023-06-30T04:00:00+00:00,1.9224610777591695
2023-07-01T12:00:00+00:00,LONG,TRAIN,A0-LONG-107,2023-07-01T08:00:00+00:00,2023-07-01T12:00:00+00:00,True,PASS,2023-07-01T11:00:00+00:00,2023-07-02T15:00:00+00:00,-1.114880262456504
2023-07-03T16:00:00+00:00,LONG,TRAIN,A0-LONG-108,2023-07-03T12:00:00+00:00,2023-07-03T16:00:00+00:00,True,PASS,2023-07-03T15:00:00+00:00,2023-07-05T10:00:00+00:00,-1.047419934596878
2023-07-05T13:00:00+00:00,SHORT,TRAIN,A0-SHORT-109,2023-07-05T08:00:00+00:00,2023-07-05T12:00:00+00:00,True,PASS,2023-07-05T12:00:00+00:00,2023-07-06T08:00:00+00:00,-1.0427085626722796
2023-07-08T07:00:00+00:00,SHORT,TRAIN,A0-SHORT-110,2023-07-08T00:00:00+00:00,2023-07-08T04:00:00+00:00,True,PASS,2023-07-08T06:00:00+00:00,2023-07-09T01:00:00+00:00,-1.1032123060655359
2023-07-10T20:00:00+00:00,LONG,TRAIN,A0-LONG-111,2023-07-10T16:00:00+00:00,2023-07-10T20:00:00+00:00,True,PASS,2023-07-10T19:00:00+00:00,2023-07-10T21:00:00+00:00,-1.0347851232645506
2023-07-11T07:00:00+00:00,LONG,TRAIN,A0-LONG-112,2023-07-11T00:00:00+00:00,2023-07-11T04:00:00+00:00,True,PASS,2023-07-11T06:00:00+00:00,2023-07-13T19:00:00+00:00,1.94868688586708
2023-07-16T03:00:00+00:00,SHORT,TRAIN,A0-SHORT-113,2023-07-15T20:00:00+00:00,2023-07-16T00:00:00+00:00,True,PASS,2023-07-16T02:00:00+00:00,2023-07-16T14:00:00+00:00,-1.2060248885194618
2023-07-17T10:00:00+00:00,SHORT,TRAIN,A0-SHORT-114,2023-07-17T04:00:00+00:00,2023-07-17T08:00:00+00:00,True,PASS,2023-07-17T09:00:00+00:00,2023-07-17T18:00:00+00:00,1.8668139956662329
2023-07-18T07:00:00+00:00,SHORT,TRAIN,A0-SHORT-115,2023-07-18T00:00:00+00:00,2023-07-18T04:00:00+00:00,True,PASS,2023-07-18T06:00:00+00:00,2023-07-20T08:00:00+00:00,-1.0809944460852832
2023-07-24T04:00:00+00:00,SHORT,TRAIN,A0-SHORT-116,2023-07-24T00:00:00+00:00,2023-07-24T04:00:00+00:00,True,PASS,2023-07-24T03:00:00+00:00,2023-07-27T03:00:00+00:00,0.4335881702754772
2023-07-27T15:00:00+00:00,SHORT,TRAIN,A0-SHORT-117,2023-07-27T08:00:00+00:00,2023-07-27T12:00:00+00:00,True,PASS,2023-07-27T14:00:00+00:00,2023-07-30T14:00:00+00:00,-0.2727858673460776
2023-07-30T20:00:00+00:00,SHORT,TRAIN,A0-SHORT-118,2023-07-30T16:00:00+00:00,2023-07-30T20:00:00+00:00,True,PASS,2023-07-30T19:00:00+00:00,2023-07-31T00:00:00+00:00,-1.0865146857872883
2023-07-31T15:00:00+00:00,SHORT,TRAIN,A0-SHORT-119,2023-07-31T08:00:00+00:00,2023-07-31T12:00:00+00:00,True,PASS,2023-07-31T14:00:00+00:00,2023-08-01T02:00:00+00:00,1.8740519766723118
2023-08-02T00:00:00+00:00,LONG,TRAIN,A0-LONG-120,2023-08-01T20:00:00+00:00,2023-08-02T00:00:00+00:00,True,PASS,2023-08-01T23:00:00+00:00,2023-08-04T23:00:00+00:00,-0.5350204871040768
2023-08-06T13:00:00+00:00,SHORT,TRAIN,A0-SHORT-121,2023-08-06T08:00:00+00:00,2023-08-06T12:00:00+00:00,True,PASS,2023-08-06T12:00:00+00:00,2023-08-06T20:00:00+00:00,-1.1930044193026372
2023-08-07T14:00:00+00:00,SHORT,TRAIN,A0-SHORT-122,2023-08-07T08:00:00+00:00,2023-08-07T12:00:00+00:00,True,PASS,2023-08-07T13:00:00+00:00,2023-08-07T16:00:00+00:00,1.8613251203484595
2023-08-09T12:00:00+00:00,LONG,TRAIN,A0-LONG-123,2023-08-09T08:00:00+00:00,2023-08-09T12:00:00+00:00,True,PASS,2023-08-09T11:00:00+00:00,2023-08-09T16:00:00+00:00,-1.0987515418514953
2023-08-10T14:00:00+00:00,LONG,TRAIN,A0-LONG-124,2023-08-10T08:00:00+00:00,2023-08-10T12:00:00+00:00,True,PASS,2023-08-10T13:00:00+00:00,2023-08-10T14:00:00+00:00,-1.106326743712565
2023-08-12T01:00:00+00:00,LONG,TRAIN,A0-LONG-125,2023-08-11T20:00:00+00:00,2023-08-12T00:00:00+00:00,True,PASS,2023-08-12T00:00:00+00:00,2023-08-14T01:00:00+00:00,-1.0983043116369093
2023-08-14T15:00:00+00:00,LONG,TRAIN,A0-LONG-126,2023-08-14T08:00:00+00:00,2023-08-14T12:00:00+00:00,True,PASS,2023-08-14T14:00:00+00:00,2023-08-14T18:00:00+00:00,-1.1080653371116698
2023-08-15T16:00:00+00:00,SHORT,TRAIN,A0-SHORT-127,2023-08-15T12:00:00+00:00,2023-08-15T16:00:00+00:00,True,PASS,2023-08-15T15:00:00+00:00,2023-08-16T16:00:00+00:00,1.8492380957278813
2023-08-17T00:00:00+00:00,SHORT,TRAIN,A0-SHORT-128,2023-08-16T20:00:00+00:00,2023-08-17T00:00:00+00:00,True,PASS,2023-08-16T23:00:00+00:00,2023-08-17T20:00:00+00:00,1.956621267730851
2023-08-21T05:00:00+00:00,SHORT,TRAIN,A0-SHORT-129,2023-08-21T00:00:00+00:00,2023-08-21T04:00:00+00:00,True,PASS,2023-08-21T04:00:00+00:00,2023-08-22T21:00:00+00:00,1.9180438821360395
2023-08-23T11:00:00+00:00,SHORT,TRAIN,A0-SHORT-130,2023-08-23T04:00:00+00:00,2023-08-23T08:00:00+00:00,True,PASS,2023-08-23T10:00:00+00:00,2023-08-23T15:00:00+00:00,-1.0909986703328198
2023-08-24T14:00:00+00:00,SHORT,TRAIN,A0-SHORT-131,2023-08-24T08:00:00+00:00,2023-08-24T12:00:00+00:00,True,PASS,2023-08-24T13:00:00+00:00,2023-08-24T17:00:00+00:00,1.9103380564011547
2023-08-25T08:00:00+00:00,SHORT,TRAIN,A0-SHORT-132,2023-08-25T04:00:00+00:00,2023-08-25T08:00:00+00:00,True,PASS,2023-08-25T07:00:00+00:00,2023-08-25T13:00:00+00:00,-1.0852554315587792
2023-08-25T15:00:00+00:00,SHORT,TRAIN,A0-SHORT-133,2023-08-25T08:00:00+00:00,2023-08-25T12:00:00+00:00,True,PASS,2023-08-25T14:00:00+00:00,2023-08-28T12:00:00+00:00,-1.0492530950562073
2023-08-29T09:00:00+00:00,SHORT,TRAIN,A0-SHORT-134,2023-08-29T04:00:00+00:00,2023-08-29T08:00:00+00:00,True,PASS,2023-08-29T08:00:00+00:00,2023-08-29T14:00:00+00:00,-1.0762770083998467
2023-08-29T17:00:00+00:00,LONG,TRAIN,A0-LONG-135,2023-08-29T12:00:00+00:00,2023-08-29T16:00:00+00:00,True,PASS,2023-08-29T16:00:00+00:00,2023-08-31T19:00:00+00:00,-1.0106765124565003
2023-09-04T13:00:00+00:00,SHORT,TRAIN,A0-SHORT-136,2023-09-04T08:00:00+00:00,2023-09-04T12:00:00+00:00,True,PASS,2023-09-04T12:00:00+00:00,2023-09-06T17:00:00+00:00,-1.1190859479618127
2023-09-07T12:00:00+00:00,SHORT,TRAIN,A0-SHORT-137,2023-09-07T08:00:00+00:00,2023-09-07T12:00:00+00:00,True,PASS,2023-09-07T11:00:00+00:00,2023-09-07T16:00:00+00:00,-1.1323250578138395
2023-09-09T06:00:00+00:00,SHORT,TRAIN,A0-SHORT-138,2023-09-09T00:00:00+00:00,2023-09-09T04:00:00+00:00,True,PASS,2023-09-09T05:00:00+00:00,2023-09-09T16:00:00+00:00,-1.1929069327247679
2023-09-11T15:00:00+00:00,SHORT,TRAIN,A0-SHORT-139,2023-09-11T08:00:00+00:00,2023-09-11T12:00:00+00:00,True,PASS,2023-09-11T14:00:00+00:00,2023-09-12T03:00:00+00:00,-1.0261635479333804
2023-09-12T11:00:00+00:00,LONG,TRAIN,A0-LONG-140,2023-09-12T04:00:00+00:00,2023-09-12T08:00:00+00:00,True,PASS,2023-09-12T10:00:00+00:00,2023-09-15T10:00:00+00:00,0.4372521530526492
2023-09-15T23:00:00+00:00,LONG,TRAIN,A0-LONG-141,2023-09-15T16:00:00+00:00,2023-09-15T20:00:00+00:00,True,PASS,2023-09-15T22:00:00+00:00,2023-09-18T22:00:00+00:00,0.12833278014380323
2023-09-19T09:00:00+00:00,LONG,TRAIN,A0-LONG-142,2023-09-19T04:00:00+00:00,2023-09-19T08:00:00+00:00,True,PASS,2023-09-19T08:00:00+00:00,2023-09-21T10:00:00+00:00,-1.0525494095500343
2023-09-25T00:00:00+00:00,SHORT,TRAIN,A0-SHORT-143,2023-09-24T20:00:00+00:00,2023-09-25T00:00:00+00:00,True,PASS,2023-09-24T23:00:00+00:00,2023-09-27T11:00:00+00:00,-1.0403097713824503
2023-09-28T11:00:00+00:00,LONG,TRAIN,A0-LONG-144,2023-09-28T04:00:00+00:00,2023-09-28T08:00:00+00:00,True,PASS,2023-09-28T10:00:00+00:00,2023-09-28T15:00:00+00:00,1.9124969442165838
2023-09-30T11:00:00+00:00,LONG,TRAIN,A0-LONG-145,2023-09-30T04:00:00+00:00,2023-09-30T08:00:00+00:00,True,PASS,2023-09-30T10:00:00+00:00,2023-10-01T09:00:00+00:00,1.8025956437912185
2023-10-01T23:00:00+00:00,LONG,TRAIN,A0-LONG-146,2023-10-01T16:00:00+00:00,2023-10-01T20:00:00+00:00,True,PASS,2023-10-01T22:00:00+00:00,2023-10-04T22:00:00+00:00,-0.2746972536571833
2023-10-05T11:00:00+00:00,LONG,TRAIN,A0-LONG-147,2023-10-05T04:00:00+00:00,2023-10-05T08:00:00+00:00,True,PASS,2023-10-05T10:00:00+00:00,2023-10-05T15:00:00+00:00,-1.106661742728053
2023-10-06T08:00:00+00:00,LONG,TRAIN,A0-LONG-148,2023-10-06T04:00:00+00:00,2023-10-06T08:00:00+00:00,True,PASS,2023-10-06T07:00:00+00:00,2023-10-06T12:00:00+00:00,-1.0856600471138322
2023-10-06T16:00:00+00:00,LONG,TRAIN,A0-LONG-149,2023-10-06T12:00:00+00:00,2023-10-06T16:00:00+00:00,True,PASS,2023-10-06T15:00:00+00:00,2023-10-09T15:00:00+00:00,-0.6575721679760008
2023-10-10T12:00:00+00:00,SHORT,TRAIN,A0-SHORT-150,2023-10-10T08:00:00+00:00,2023-10-10T12:00:00+00:00,True,PASS,2023-10-10T11:00:00+00:00,2023-10-11T03:00:00+00:00,1.9109311894999361
2023-10-11T16:00:00+00:00,SHORT,TRAIN,A0-SHORT-151,2023-10-11T12:00:00+00:00,2023-10-11T16:00:00+00:00,True,PASS,2023-10-11T15:00:00+00:00,2023-10-14T15:00:00+00:00,-0.31936950958519567
2023-10-14T21:00:00+00:00,SHORT,TRAIN,A0-SHORT-152,2023-10-14T16:00:00+00:00,2023-10-14T20:00:00+00:00,True,PASS,2023-10-14T20:00:00+00:00,2023-10-15T13:00:00+00:00,-1.179603215973771
2023-10-18T05:00:00+00:00,LONG,TRAIN,A0-LONG-153,2023-10-18T00:00:00+00:00,2023-10-18T04:00:00+00:00,True,PASS,2023-10-18T04:00:00+00:00,2023-10-18T09:00:00+00:00,-1.054239132077182
2023-10-19T11:00:00+00:00,LONG,TRAIN,A0-LONG-154,2023-10-19T04:00:00+00:00,2023-10-19T08:00:00+00:00,True,PASS,2023-10-19T10:00:00+00:00,2023-10-20T02:00:00+00:00,1.9295152515807725
2023-10-21T10:00:00+00:00,LONG,TRAIN,A0-LONG-155,2023-10-21T04:00:00+00:00,2023-10-21T08:00:00+00:00,True,PASS,2023-10-21T09:00:00+00:00,2023-10-23T01:00:00+00:00,1.9405064160551526
2023-10-23T04:00:00+00:00,LONG,TRAIN,A0-LONG-156,2023-10-23T00:00:00+00:00,2023-10-23T04:00:00+00:00,True,PASS,2023-10-23T03:00:00+00:00,2023-10-23T22:00:00+00:00,1.976397064613458
2023-10-25T14:00:00+00:00,LONG,TRAIN,A0-LONG-157,2023-10-25T08:00:00+00:00,2023-10-25T12:00:00+00:00,True,PASS,2023-10-25T13:00:00+00:00,2023-10-27T17:00:00+00:00,-1.0328473369263917
2023-10-28T03:00:00+00:00,LONG,TRAIN,A0-LONG-158,2023-10-27T20:00:00+00:00,2023-10-28T00:00:00+00:00,True,PASS,2023-10-28T02:00:00+00:00,2023-10-31T02:00:00+00:00,0.3268554091042079
2023-10-31T12:00:00+00:00,LONG,TRAIN,A0-LONG-159,2023-10-31T08:00:00+00:00,2023-10-31T12:00:00+00:00,True,PASS,2023-10-31T11:00:00+00:00,2023-11-01T20:00:00+00:00,1.9452808195824376
2023-11-03T15:00:00+00:00,LONG,TRAIN,A0-LONG-160,2023-11-03T08:00:00+00:00,2023-11-03T12:00:00+00:00,True,PASS,2023-11-03T14:00:00+00:00,2023-11-06T14:00:00+00:00,0.7754528335172772
2023-11-07T19:00:00+00:00,LONG,TRAIN,A0-LONG-161,2023-11-07T12:00:00+00:00,2023-11-07T16:00:00+00:00,True,PASS,2023-11-07T18:00:00+00:00,2023-11-09T13:00:00+00:00,1.9684009607683288
2023-11-10T03:00:00+00:00,LONG,TRAIN,A0-LONG-162,2023-11-09T20:00:00+00:00,2023-11-10T00:00:00+00:00,True,PASS,2023-11-10T02:00:00+00:00,2023-11-13T02:00:00+00:00,0.3456371067279022
2023-11-14T07:00:00+00:00,LONG,TRAIN,A0-LONG-163,2023-11-14T00:00:00+00:00,2023-11-14T04:00:00+00:00,True,PASS,2023-11-14T06:00:00+00:00,2023-11-14T12:00:00+00:00,-1.0617926370537176
2023-11-14T16:00:00+00:00,SHORT,TRAIN,A0-SHORT-164,2023-11-14T12:00:00+00:00,2023-11-14T16:00:00+00:00,True,PASS,2023-11-14T15:00:00+00:00,2023-11-14T18:00:00+00:00,1.9540192601325619
2023-11-15T12:00:00+00:00,LONG,TRAIN,A0-LONG-165,2023-11-15T08:00:00+00:00,2023-11-15T12:00:00+00:00,True,PASS,2023-11-15T11:00:00+00:00,2023-11-15T23:00:00+00:00,1.9667133999719053
2023-11-16T16:00:00+00:00,SHORT,TRAIN,A0-SHORT-166,2023-11-16T12:00:00+00:00,2023-11-16T16:00:00+00:00,True,PASS,2023-11-16T15:00:00+00:00,2023-11-19T15:00:00+00:00,-0.1459603498452529
2023-11-19T19:00:00+00:00,LONG,TRAIN,A0-LONG-167,2023-11-19T12:00:00+00:00,2023-11-19T16:00:00+00:00,True,PASS,2023-11-19T18:00:00+00:00,2023-11-21T15:00:00+00:00,-1.06013847901549
2023-11-22T00:00:00+00:00,SHORT,TRAIN,A0-SHORT-168,2023-11-21T20:00:00+00:00,2023-11-22T00:00:00+00:00,True,PASS,2023-11-21T23:00:00+00:00,2023-11-22T20:00:00+00:00,-1.0157790700594442
2023-11-24T02:00:00+00:00,LONG,TRAIN,A0-LONG-169,2023-11-23T20:00:00+00:00,2023-11-24T00:00:00+00:00,True,PASS,2023-11-24T01:00:00+00:00,2023-11-24T11:00:00+00:00,1.9098361169580487
2023-11-25T19:00:00+00:00,LONG,TRAIN,A0-LONG-170,2023-11-25T12:00:00+00:00,2023-11-25T16:00:00+00:00,True,PASS,2023-11-25T18:00:00+00:00,2023-11-26T12:00:00+00:00,-1.1172832084068198
2023-11-28T00:00:00+00:00,LONG,TRAIN,A0-LONG-171,2023-11-27T20:00:00+00:00,2023-11-28T00:00:00+00:00,True,PASS,2023-11-27T23:00:00+00:00,2023-11-28T19:00:00+00:00,1.9461267569653067
2023-11-30T04:00:00+00:00,LONG,TRAIN,A0-LONG-172,2023-11-30T00:00:00+00:00,2023-11-30T04:00:00+00:00,True,PASS,2023-11-30T03:00:00+00:00,2023-11-30T14:00:00+00:00,-1.062183787716456
2023-12-01T02:00:00+00:00,LONG,TRAIN,A0-LONG-173,2023-11-30T20:00:00+00:00,2023-12-01T00:00:00+00:00,True,PASS,2023-12-01T01:00:00+00:00,2023-12-01T09:00:00+00:00,1.9160119209336453
2023-12-02T20:00:00+00:00,LONG,TRAIN,A0-LONG-174,2023-12-02T16:00:00+00:00,2023-12-02T20:00:00+00:00,True,PASS,2023-12-02T19:00:00+00:00,2023-12-04T01:00:00+00:00,1.9578495196283106
2023-12-05T15:00:00+00:00,LONG,TRAIN,A0-LONG-175,2023-12-05T08:00:00+00:00,2023-12-05T12:00:00+00:00,True,PASS,2023-12-05T14:00:00+00:00,2023-12-05T17:00:00+00:00,1.9587080369598586
2023-12-08T03:00:00+00:00,LONG,TRAIN,A0-LONG-176,2023-12-07T20:00:00+00:00,2023-12-08T00:00:00+00:00,True,PASS,2023-12-08T02:00:00+00:00,2023-12-08T20:00:00+00:00,1.9234000455163291
2023-12-12T18:00:00+00:00,SHORT,TRAIN,A0-SHORT-177,2023-12-12T12:00:00+00:00,2023-12-12T16:00:00+00:00,True,PASS,2023-12-12T17:00:00+00:00,2023-12-13T16:00:00+00:00,-1.023755925066734
2023-12-13T20:00:00+00:00,LONG,TRAIN,A0-LONG-178,2023-12-13T16:00:00+00:00,2023-12-13T20:00:00+00:00,True,PASS,2023-12-13T19:00:00+00:00,2023-12-16T19:00:00+00:00,-0.23061663283784703
2023-12-17T02:00:00+00:00,SHORT,TRAIN,A0-SHORT-179,2023-12-16T20:00:00+00:00,2023-12-17T00:00:00+00:00,True,PASS,2023-12-17T01:00:00+00:00,2023-12-18T09:00:00+00:00,1.9450614323680238
2023-12-19T02:00:00+00:00,LONG,TRAIN,A0-LONG-180,2023-12-18T20:00:00+00:00,2023-12-19T00:00:00+00:00,True,PASS,2023-12-19T01:00:00+00:00,2023-12-22T01:00:00+00:00,0.38604675984541953
2023-12-22T19:00:00+00:00,LONG,TRAIN,A0-LONG-181,2023-12-22T12:00:00+00:00,2023-12-22T16:00:00+00:00,True,PASS,2023-12-22T18:00:00+00:00,2023-12-23T04:00:00+00:00,-1.061184671837146
2023-12-23T13:00:00+00:00,LONG,TRAIN,A0-LONG-182,2023-12-23T08:00:00+00:00,2023-12-23T12:00:00+00:00,True,PASS,2023-12-23T12:00:00+00:00,2023-12-24T22:00:00+00:00,-1.0768725884630692
2023-12-26T10:00:00+00:00,SHORT,TRAIN,A0-SHORT-183,2023-12-26T04:00:00+00:00,2023-12-26T08:00:00+00:00,True,PASS,2023-12-26T09:00:00+00:00,2023-12-27T22:00:00+00:00,-1.0290293116617066
2023-12-28T16:00:00+00:00,SHORT,TRAIN,A0-SHORT-184,2023-12-28T12:00:00+00:00,2023-12-28T16:00:00+00:00,True,PASS,2023-12-28T15:00:00+00:00,2023-12-31T15:00:00+00:00,-0.04917559912388533
2023-12-31T23:00:00+00:00,SHORT,TRAIN,A0-SHORT-185,2023-12-31T16:00:00+00:00,2023-12-31T20:00:00+00:00,True,PASS,2023-12-31T22:00:00+00:00,2024-01-01T01:00:00+00:00,-1.0686259373845197
2024-01-04T16:00:00+00:00,LONG,TRAIN,A0-LONG-186,2024-01-04T12:00:00+00:00,2024-01-04T16:00:00+00:00,True,PASS,2024-01-04T15:00:00+00:00,2024-01-05T01:00:00+00:00,-1.0246897623610933
2024-01-06T15:00:00+00:00,LONG,TRAIN,A0-LONG-187,2024-01-06T08:00:00+00:00,2024-01-06T12:00:00+00:00,True,PASS,2024-01-06T14:00:00+00:00,2024-01-08T02:00:00+00:00,-1.0770518241049365
2024-01-08T12:00:00+00:00,LONG,TRAIN,A0-LONG-188,2024-01-08T08:00:00+00:00,2024-01-08T12:00:00+00:00,True,PASS,2024-01-08T11:00:00+00:00,2024-01-09T21:00:00+00:00,1.975347392846733
2024-01-10T18:00:00+00:00,LONG,TRAIN,A0-LONG-189,2024-01-10T12:00:00+00:00,2024-01-10T16:00:00+00:00,True,PASS,2024-01-10T17:00:00+00:00,2024-01-12T16:00:00+00:00,-1.0173364933621394
2024-01-14T01:00:00+00:00,SHORT,TRAIN,A0-SHORT-190,2024-01-13T20:00:00+00:00,2024-01-14T00:00:00+00:00,True,PASS,2024-01-14T00:00:00+00:00,2024-01-15T18:00:00+00:00,-1.0651717331468857
2024-01-17T04:00:00+00:00,SHORT,TRAIN,A0-SHORT-191,2024-01-17T00:00:00+00:00,2024-01-17T04:00:00+00:00,True,PASS,2024-01-17T03:00:00+00:00,2024-01-18T19:00:00+00:00,1.9553914603797462
2024-01-19T15:00:00+00:00,SHORT,TRAIN,A0-SHORT-192,2024-01-19T08:00:00+00:00,2024-01-19T12:00:00+00:00,True,PASS,2024-01-19T14:00:00+00:00,2024-01-19T18:00:00+00:00,-1.0524135227052316
2024-01-21T07:00:00+00:00,SHORT,TRAIN,A0-SHORT-193,2024-01-21T00:00:00+00:00,2024-01-21T04:00:00+00:00,True,PASS,2024-01-21T06:00:00+00:00,2024-01-21T13:00:00+00:00,-1.140790687050024
2024-01-22T02:00:00+00:00,SHORT,TRAIN,A0-SHORT-194,2024-01-21T20:00:00+00:00,2024-01-22T00:00:00+00:00,True,PASS,2024-01-22T01:00:00+00:00,2024-01-22T10:00:00+00:00,1.9305948557826063
2024-01-22T19:00:00+00:00,SHORT,TRAIN,A0-SHORT-195,2024-01-22T12:00:00+00:00,2024-01-22T16:00:00+00:00,True,PASS,2024-01-22T18:00:00+00:00,2024-01-25T18:00:00+00:00,0.4782442324630891
2024-01-26T12:00:00+00:00,LONG,TRAIN,A0-LONG-196,2024-01-26T08:00:00+00:00,2024-01-26T12:00:00+00:00,True,PASS,2024-01-26T11:00:00+00:00,2024-01-29T11:00:00+00:00,0.6575467367836514
2024-01-29T16:00:00+00:00,LONG,TRAIN,A0-LONG-197,2024-01-29T12:00:00+00:00,2024-01-29T16:00:00+00:00,True,PASS,2024-01-29T15:00:00+00:00,2024-02-01T15:00:00+00:00,-0.17940707472943684
2024-02-01T20:00:00+00:00,LONG,TRAIN,A0-LONG-198,2024-02-01T16:00:00+00:00,2024-02-01T20:00:00+00:00,True,PASS,2024-02-01T19:00:00+00:00,2024-02-04T19:00:00+00:00,-0.4740039542774618
2024-02-05T08:00:00+00:00,LONG,TRAIN,A0-LONG-199,2024-02-05T04:00:00+00:00,2024-02-05T08:00:00+00:00,True,PASS,2024-02-05T07:00:00+00:00,2024-02-08T00:00:00+00:00,1.9592547929780069
2024-02-10T20:00:00+00:00,LONG,TRAIN,A0-LONG-200,2024-02-10T16:00:00+00:00,2024-02-10T20:00:00+00:00,True,PASS,2024-02-10T19:00:00+00:00,2024-02-12T15:00:00+00:00,1.945589212941675
2024-02-14T08:00:00+00:00,LONG,TRAIN,A0-LONG-201,2024-02-14T04:00:00+00:00,2024-02-14T08:00:00+00:00,True,PASS,2024-02-14T07:00:00+00:00,2024-02-14T09:00:00+00:00,1.9390482595752978
2024-02-15T15:00:00+00:00,LONG,TRAIN,A0-LONG-202,2024-02-15T08:00:00+00:00,2024-02-15T12:00:00+00:00,True,PASS,2024-02-15T14:00:00+00:00,2024-02-15T20:00:00+00:00,-1.04129700053122
2024-02-16T04:00:00+00:00,LONG,TRAIN,A0-LONG-203,2024-02-16T00:00:00+00:00,2024-02-16T04:00:00+00:00,True,PASS,2024-02-16T03:00:00+00:00,2024-02-17T13:00:00+00:00,-1.0417996435017378
2024-02-17T22:00:00+00:00,LONG,TRAIN,A0-LONG-204,2024-02-17T16:00:00+00:00,2024-02-17T20:00:00+00:00,True,PASS,2024-02-17T21:00:00+00:00,2024-02-20T21:00:00+00:00,0.14172836839402075
2024-02-21T23:00:00+00:00,LONG,TRAIN,A0-LONG-205,2024-02-21T16:00:00+00:00,2024-02-21T20:00:00+00:00,True,PASS,2024-02-21T22:00:00+00:00,2024-02-23T23:00:00+00:00,-1.0460135009497007
2024-02-26T16:00:00+00:00,LONG,TRAIN,A0-LONG-206,2024-02-26T12:00:00+00:00,2024-02-26T16:00:00+00:00,True,PASS,2024-02-26T15:00:00+00:00,2024-02-27T02:00:00+00:00,1.97859676840746
2024-03-01T09:00:00+00:00,LONG,TRAIN,A0-LONG-207,2024-03-01T04:00:00+00:00,2024-03-01T08:00:00+00:00,True,PASS,2024-03-01T08:00:00+00:00,2024-03-04T00:00:00+00:00,1.9574820569546985
2024-03-04T09:00:00+00:00,LONG,TRAIN,A0-LONG-208,2024-03-04T04:00:00+00:00,2024-03-04T08:00:00+00:00,True,PASS,2024-03-04T08:00:00+00:00,2024-03-05T19:00:00+00:00,-1.0170518759190057
2024-03-06T05:00:00+00:00,LONG,TRAIN,A0-LONG-209,2024-03-06T00:00:00+00:00,2024-03-06T04:00:00+00:00,True,PASS,2024-03-06T04:00:00+00:00,2024-03-09T04:00:00+00:00,1.0472849826903907
2024-03-09T07:00:00+00:00,LONG,TRAIN,A0-LONG-210,2024-03-09T00:00:00+00:00,2024-03-09T04:00:00+00:00,True,PASS,2024-03-09T06:00:00+00:00,2024-03-10T04:00:00+00:00,1.910452474625237
2024-03-10T10:00:00+00:00,LONG,TRAIN,A0-LONG-211,2024-03-10T04:00:00+00:00,2024-03-10T08:00:00+00:00,True,PASS,2024-03-10T09:00:00+00:00,2024-03-10T22:00:00+00:00,-1.0356838562965764
2024-03-11T07:00:00+00:00,LONG,TRAIN,A0-LONG-212,2024-03-11T00:00:00+00:00,2024-03-11T04:00:00+00:00,True,PASS,2024-03-11T06:00:00+00:00,2024-03-14T06:00:00+00:00,1.7280853167569243
2024-03-15T01:00:00+00:00,LONG,TRAIN,A0-LONG-213,2024-03-14T20:00:00+00:00,2024-03-15T00:00:00+00:00,True,PASS,2024-03-15T00:00:00+00:00,2024-03-15T02:00:00+00:00,-1.0168996316538477
2024-03-16T11:00:00+00:00,SHORT,TRAIN,A0-SHORT-214,2024-03-16T04:00:00+00:00,2024-03-16T08:00:00+00:00,True,PASS,2024-03-16T10:00:00+00:00,2024-03-16T21:00:00+00:00,1.9497658413054533
2024-03-18T01:00:00+00:00,SHORT,TRAIN,A0-SHORT-215,2024-03-17T20:00:00+00:00,2024-03-18T00:00:00+00:00,True,PASS,2024-03-18T00:00:00+00:00,2024-03-18T05:00:00+00:00,-1.03275346864887
2024-03-18T15:00:00+00:00,SHORT,TRAIN,A0-SHORT-216,2024-03-18T08:00:00+00:00,2024-03-18T12:00:00+00:00,True,PASS,2024-03-18T14:00:00+00:00,2024-03-19T08:00:00+00:00,1.969726547485481
2024-03-20T00:00:00+00:00,SHORT,TRAIN,A0-SHORT-217,2024-03-19T20:00:00+00:00,2024-03-20T00:00:00+00:00,True,PASS,2024-03-19T23:00:00+00:00,2024-03-20T19:00:00+00:00,-1.0128454145006394
2024-03-21T18:00:00+00:00,SHORT,TRAIN,A0-SHORT-218,2024-03-21T12:00:00+00:00,2024-03-21T16:00:00+00:00,True,PASS,2024-03-21T17:00:00+00:00,2024-03-24T17:00:00+00:00,0.17198615365058761
2024-03-24T21:00:00+00:00,LONG,TRAIN,A0-LONG-219,2024-03-24T16:00:00+00:00,2024-03-24T20:00:00+00:00,True,PASS,2024-03-24T20:00:00+00:00,2024-03-25T14:00:00+00:00,1.967009780170547
2024-03-27T01:00:00+00:00,LONG,TRAIN,A0-LONG-220,2024-03-26T20:00:00+00:00,2024-03-27T00:00:00+00:00,True,PASS,2024-03-27T00:00:00+00:00,2024-03-27T14:00:00+00:00,-1.0441541552682603
2024-03-28T01:00:00+00:00,LONG,TRAIN,A0-LONG-221,2024-03-27T20:00:00+00:00,2024-03-28T00:00:00+00:00,True,PASS,2024-03-28T00:00:00+00:00,2024-03-31T00:00:00+00:00,0.08517116340479217
2024-03-31T06:00:00+00:00,LONG,TRAIN,A0-LONG-222,2024-03-31T00:00:00+00:00,2024-03-31T04:00:00+00:00,True,PASS,2024-03-31T05:00:00+00:00,2024-04-01T05:00:00+00:00,-1.0635483546791418
2024-04-01T16:00:00+00:00,SHORT,TRAIN,A0-SHORT-223,2024-04-01T12:00:00+00:00,2024-04-01T16:00:00+00:00,True,PASS,2024-04-01T15:00:00+00:00,2024-04-04T15:00:00+00:00,0.31324087969251957
2024-04-06T23:00:00+00:00,LONG,TRAIN,A0-LONG-224,2024-04-06T16:00:00+00:00,2024-04-06T20:00:00+00:00,True,PASS,2024-04-06T22:00:00+00:00,2024-04-08T08:00:00+00:00,1.9607115646288507
2024-04-10T13:00:00+00:00,SHORT,TRAIN,A0-SHORT-225,2024-04-10T08:00:00+00:00,2024-04-10T12:00:00+00:00,True,PASS,2024-04-10T12:00:00+00:00,2024-04-10T17:00:00+00:00,-1.0343414835129463
2024-04-10T20:00:00+00:00,LONG,TRAIN,A0-LONG-226,2024-04-10T16:00:00+00:00,2024-04-10T20:00:00+00:00,True,PASS,2024-04-10T19:00:00+00:00,2024-04-12T17:00:00+00:00,-1.0214941756465528
2024-04-12T19:00:00+00:00,SHORT,TRAIN,A0-SHORT-227,2024-04-12T12:00:00+00:00,2024-04-12T16:00:00+00:00,True,PASS,2024-04-12T18:00:00+00:00,2024-04-15T18:00:00+00:00,0.7296927552113688
2024-04-17T08:00:00+00:00,SHORT,TRAIN,A0-SHORT-228,2024-04-17T04:00:00+00:00,2024-04-17T08:00:00+00:00,True,PASS,2024-04-17T07:00:00+00:00,2024-04-17T14:00:00+00:00,1.959646429111359
2024-04-17T16:00:00+00:00,SHORT,TRAIN,A0-SHORT-229,2024-04-17T12:00:00+00:00,2024-04-17T16:00:00+00:00,True,PASS,2024-04-17T15:00:00+00:00,2024-04-18T14:00:00+00:00,-1.0131342450947063
2024-04-19T02:00:00+00:00,SHORT,TRAIN,A0-SHORT-230,2024-04-18T20:00:00+00:00,2024-04-19T00:00:00+00:00,True,PASS,2024-04-19T01:00:00+00:00,2024-04-19T06:00:00+00:00,-1.0171462703348442
2024-04-20T16:00:00+00:00,LONG,TRAIN,A0-LONG-231,2024-04-20T12:00:00+00:00,2024-04-20T16:00:00+00:00,True,PASS,2024-04-20T15:00:00+00:00,2024-04-23T15:00:00+00:00,1.0070525857781802
2024-04-24T05:00:00+00:00,LONG,TRAIN,A0-LONG-232,2024-04-24T00:00:00+00:00,2024-04-24T04:00:00+00:00,True,PASS,2024-04-24T04:00:00+00:00,2024-04-24T13:00:00+00:00,-1.0492855521375675
2024-04-24T16:00:00+00:00,SHORT,TRAIN,A0-SHORT-233,2024-04-24T12:00:00+00:00,2024-04-24T16:00:00+00:00,True,PASS,2024-04-24T15:00:00+00:00,2024-04-27T15:00:00+00:00,0.7034506866373422
2024-04-28T23:00:00+00:00,SHORT,TRAIN,A0-SHORT-234,2024-04-28T16:00:00+00:00,2024-04-28T20:00:00+00:00,True,PASS,2024-04-28T22:00:00+00:00,2024-04-29T23:00:00+00:00,-1.057548307448135
2024-04-30T09:00:00+00:00,SHORT,TRAIN,A0-SHORT-235,2024-04-30T04:00:00+00:00,2024-04-30T08:00:00+00:00,True,PASS,2024-04-30T08:00:00+00:00,2024-05-03T08:00:00+00:00,0.9396414705608185
2024-05-03T11:00:00+00:00,SHORT,TRAIN,A0-SHORT-236,2024-05-03T04:00:00+00:00,2024-05-03T08:00:00+00:00,True,PASS,2024-05-03T10:00:00+00:00,2024-05-03T12:00:00+00:00,-1.0473300451321403
2024-05-03T21:00:00+00:00,LONG,TRAIN,A0-LONG-237,2024-05-03T16:00:00+00:00,2024-05-03T20:00:00+00:00,True,PASS,2024-05-03T20:00:00+00:00,2024-05-06T20:00:00+00:00,0.08977452079960577
2024-05-07T02:00:00+00:00,LONG,TRAIN,A0-LONG-238,2024-05-06T20:00:00+00:00,2024-05-07T00:00:00+00:00,True,PASS,2024-05-07T01:00:00+00:00,2024-05-07T23:00:00+00:00,-1.041276253543229
2024-05-08T21:00:00+00:00,SHORT,TRAIN,A0-SHORT-239,2024-05-08T16:00:00+00:00,2024-05-08T20:00:00+00:00,True,PASS,2024-05-08T20:00:00+00:00,2024-05-09T22:00:00+00:00,-1.0382625671059054
2024-05-13T08:00:00+00:00,LONG,TRAIN,A0-LONG-240,2024-05-13T04:00:00+00:00,2024-05-13T08:00:00+00:00,True,PASS,2024-05-13T07:00:00+00:00,2024-05-15T18:00:00+00:00,1.9684124013950768
2024-05-17T07:00:00+00:00,LONG,TRAIN,A0-LONG-241,2024-05-17T00:00:00+00:00,2024-05-17T04:00:00+00:00,True,PASS,2024-05-17T06:00:00+00:00,2024-05-19T10:00:00+00:00,1.940731816143473
2024-05-20T05:00:00+00:00,LONG,TRAIN,A0-LONG-242,2024-05-20T00:00:00+00:00,2024-05-20T04:00:00+00:00,True,PASS,2024-05-20T04:00:00+00:00,2024-05-20T19:00:00+00:00,1.9543284978942446
2024-05-21T00:00:00+00:00,LONG,TRAIN,A0-LONG-243,2024-05-20T20:00:00+00:00,2024-05-21T00:00:00+00:00,True,PASS,2024-05-20T23:00:00+00:00,2024-05-23T18:00:00+00:00,-1.0123214565012761
2024-05-24T16:00:00+00:00,LONG,TRAIN,A0-LONG-244,2024-05-24T12:00:00+00:00,2024-05-24T16:00:00+00:00,True,PASS,2024-05-24T15:00:00+00:00,2024-05-27T15:00:00+00:00,1.167836094444639
2024-05-28T04:00:00+00:00,SHORT,TRAIN,A0-SHORT-245,2024-05-28T00:00:00+00:00,2024-05-28T04:00:00+00:00,True,PASS,2024-05-28T03:00:00+00:00,2024-05-31T03:00:00+00:00,-0.260105680624675
2024-05-31T08:00:00+00:00,SHORT,TRAIN,A0-SHORT-246,2024-05-31T04:00:00+00:00,2024-05-31T08:00:00+00:00,True,PASS,2024-05-31T07:00:00+00:00,2024-05-31T12:00:00+00:00,-1.092507919951941
2024-05-31T16:00:00+00:00,SHORT,TRAIN,A0-SHORT-247,2024-05-31T12:00:00+00:00,2024-05-31T16:00:00+00:00,True,PASS,2024-05-31T15:00:00+00:00,2024-06-03T06:00:00+00:00,-1.0289114934613075
2024-06-04T14:00:00+00:00,LONG,TRAIN,A0-LONG-248,2024-06-04T08:00:00+00:00,2024-06-04T12:00:00+00:00,True,PASS,2024-06-04T13:00:00+00:00,2024-06-05T15:00:00+00:00,1.9446722298700059
2024-06-07T05:00:00+00:00,LONG,TRAIN,A0-LONG-249,2024-06-07T00:00:00+00:00,2024-06-07T04:00:00+00:00,True,PASS,2024-06-07T04:00:00+00:00,2024-06-07T17:00:00+00:00,-1.0481011022841569
2024-06-10T16:00:00+00:00,LONG,TRAIN,A0-LONG-250,2024-06-10T12:00:00+00:00,2024-06-10T16:00:00+00:00,True,PASS,2024-06-10T15:00:00+00:00,2024-06-11T01:00:00+00:00,-1.060635843085251
2024-06-11T03:00:00+00:00,SHORT,TRAIN,A0-SHORT-251,2024-06-10T20:00:00+00:00,2024-06-11T00:00:00+00:00,True,PASS,2024-06-11T02:00:00+00:00,2024-06-14T02:00:00+00:00,0.6683779181922799
2024-06-14T16:00:00+00:00,SHORT,TRAIN,A0-SHORT-252,2024-06-14T12:00:00+00:00,2024-06-14T16:00:00+00:00,True,PASS,2024-06-14T15:00:00+00:00,2024-06-17T15:00:00+00:00,0.9659759338622486
2024-06-18T02:00:00+00:00,SHORT,TRAIN,A0-SHORT-253,2024-06-17T20:00:00+00:00,2024-06-18T00:00:00+00:00,True,PASS,2024-06-18T01:00:00+00:00,2024-06-21T01:00:00+00:00,0.04468141086985849
2024-06-23T11:00:00+00:00,SHORT,TRAIN,A0-SHORT-254,2024-06-23T04:00:00+00:00,2024-06-23T08:00:00+00:00,True,PASS,2024-06-23T10:00:00+00:00,2024-06-23T20:00:00+00:00,1.7919376865105434
2024-06-26T06:00:00+00:00,SHORT,TRAIN,A0-SHORT-255,2024-06-26T00:00:00+00:00,2024-06-26T04:00:00+00:00,True,PASS,2024-06-26T05:00:00+00:00,2024-06-29T05:00:00+00:00,0.7647112988369892
2024-06-30T03:00:00+00:00,SHORT,TRAIN,A0-SHORT-256,2024-06-29T20:00:00+00:00,2024-06-30T00:00:00+00:00,True,PASS,2024-06-30T02:00:00+00:00,2024-06-30T07:00:00+00:00,-1.1645121051681464
2024-07-01T18:00:00+00:00,LONG,TRAIN,A0-LONG-257,2024-07-01T12:00:00+00:00,2024-07-01T16:00:00+00:00,True,PASS,2024-07-01T17:00:00+00:00,2024-07-02T08:00:00+00:00,-1.0419957519391283
2024-07-05T00:00:00+00:00,SHORT,TRAIN,A0-SHORT-258,2024-07-04T20:00:00+00:00,2024-07-05T00:00:00+00:00,True,PASS,2024-07-04T23:00:00+00:00,2024-07-05T04:00:00+00:00,1.974399117884127
2024-07-06T05:00:00+00:00,SHORT,TRAIN,A0-SHORT-259,2024-07-06T00:00:00+00:00,2024-07-06T04:00:00+00:00,True,PASS,2024-07-06T04:00:00+00:00,2024-07-06T13:00:00+00:00,-1.0465535502897139
2024-07-07T05:00:00+00:00,SHORT,TRAIN,A0-SHORT-260,2024-07-07T00:00:00+00:00,2024-07-07T04:00:00+00:00,True,PASS,2024-07-07T04:00:00+00:00,2024-07-07T23:00:00+00:00,1.9499347428217242
2024-07-08T01:00:00+00:00,SHORT,TRAIN,A0-SHORT-261,2024-07-07T20:00:00+00:00,2024-07-08T00:00:00+00:00,True,PASS,2024-07-08T00:00:00+00:00,2024-07-08T08:00:00+00:00,-1.018901007748534
2024-07-10T05:00:00+00:00,LONG,TRAIN,A0-LONG-262,2024-07-10T00:00:00+00:00,2024-07-10T04:00:00+00:00,True,PASS,2024-07-10T04:00:00+00:00,2024-07-10T20:00:00+00:00,-1.023290968357141
2024-07-11T11:00:00+00:00,LONG,TRAIN,A0-LONG-263,2024-07-11T04:00:00+00:00,2024-07-11T08:00:00+00:00,True,PASS,2024-07-11T10:00:00+00:00,2024-07-12T01:00:00+00:00,-1.0323548387353476
2024-07-12T16:00:00+00:00,LONG,TRAIN,A0-LONG-264,2024-07-12T12:00:00+00:00,2024-07-12T16:00:00+00:00,True,PASS,2024-07-12T15:00:00+00:00,2024-07-14T21:00:00+00:00,1.9684910688543604
2024-07-16T16:00:00+00:00,LONG,TRAIN,A0-LONG-265,2024-07-16T12:00:00+00:00,2024-07-16T16:00:00+00:00,True,PASS,2024-07-16T15:00:00+00:00,2024-07-19T15:00:00+00:00,0.3599438774992151
2024-07-19T17:00:00+00:00,LONG,TRAIN,A0-LONG-266,2024-07-19T12:00:00+00:00,2024-07-19T16:00:00+00:00,True,PASS,2024-07-19T16:00:00+00:00,2024-07-22T16:00:00+00:00,0.19527088033514697
2024-07-22T20:00:00+00:00,LONG,TRAIN,A0-LONG-267,2024-07-22T16:00:00+00:00,2024-07-22T20:00:00+00:00,True,PASS,2024-07-22T19:00:00+00:00,2024-07-23T05:00:00+00:00,-1.032300121359026
2024-07-23T15:00:00+00:00,LONG,TRAIN,A0-LONG-268,2024-07-23T08:00:00+00:00,2024-07-23T12:00:00+00:00,True,PASS,2024-07-23T14:00:00+00:00,2024-07-23T16:00:00+00:00,-1.0409450552019948
2024-07-24T09:00:00+00:00,LONG,TRAIN,A0-LONG-269,2024-07-24T04:00:00+00:00,2024-07-24T08:00:00+00:00,True,PASS,2024-07-24T08:00:00+00:00,2024-07-24T21:00:00+00:00,-1.0533967272368023
2024-07-25T02:00:00+00:00,SHORT,TRAIN,A0-SHORT-270,2024-07-24T20:00:00+00:00,2024-07-25T00:00:00+00:00,True,PASS,2024-07-25T01:00:00+00:00,2024-07-26T02:00:00+00:00,-1.0228991841633506
2024-07-28T19:00:00+00:00,LONG,TRAIN,A0-LONG-271,2024-07-28T12:00:00+00:00,2024-07-28T16:00:00+00:00,True,PASS,2024-07-28T18:00:00+00:00,2024-07-29T13:00:00+00:00,1.9379306653762614
2024-07-30T15:00:00+00:00,SHORT,TRAIN,A0-SHORT-272,2024-07-30T08:00:00+00:00,2024-07-30T12:00:00+00:00,True,PASS,2024-07-30T14:00:00+00:00,2024-08-01T15:00:00+00:00,1.9568691383920382
2024-08-02T15:00:00+00:00,SHORT,TRAIN,A0-SHORT-273,2024-08-02T08:00:00+00:00,2024-08-02T12:00:00+00:00,True,PASS,2024-08-02T14:00:00+00:00,2024-08-04T17:00:00+00:00,1.9791277743566758
2024-08-07T15:00:00+00:00,SHORT,TRAIN,A0-SHORT-274,2024-08-07T08:00:00+00:00,2024-08-07T12:00:00+00:00,True,PASS,2024-08-07T14:00:00+00:00,2024-08-08T12:00:00+00:00,-1.0269045962666519
2024-08-08T16:00:00+00:00,LONG,TRAIN,A0-LONG-275,2024-08-08T12:00:00+00:00,2024-08-08T16:00:00+00:00,True,PASS,2024-08-08T15:00:00+00:00,2024-08-11T15:00:00+00:00,0.23818011386292917
2024-08-11T20:00:00+00:00,SHORT,TRAIN,A0-SHORT-276,2024-08-11T16:00:00+00:00,2024-08-11T20:00:00+00:00,True,PASS,2024-08-11T19:00:00+00:00,2024-08-13T16:00:00+00:00,-1.032372645554485
2024-08-15T20:00:00+00:00,SHORT,TRAIN,A0-SHORT-277,2024-08-15T16:00:00+00:00,2024-08-15T20:00:00+00:00,True,PASS,2024-08-15T19:00:00+00:00,2024-08-18T02:00:00+00:00,-1.0160225925908748
2024-08-19T00:00:00+00:00,SHORT,TRAIN,A0-SHORT-278,2024-08-18T20:00:00+00:00,2024-08-19T00:00:00+00:00,True,PASS,2024-08-18T23:00:00+00:00,2024-08-20T00:00:00+00:00,-1.0300361047971476
2024-08-20T16:00:00+00:00,SHORT,TRAIN,A0-SHORT-279,2024-08-20T12:00:00+00:00,2024-08-20T16:00:00+00:00,True,PASS,2024-08-20T15:00:00+00:00,2024-08-21T19:00:00+00:00,-1.0211092252626743
2024-08-22T11:00:00+00:00,LONG,TRAIN,A0-LONG-280,2024-08-22T04:00:00+00:00,2024-08-22T08:00:00+00:00,True,PASS,2024-08-22T10:00:00+00:00,2024-08-23T21:00:00+00:00,1.9706361718796181
2024-08-25T22:00:00+00:00,LONG,TRAIN,A0-LONG-281,2024-08-25T16:00:00+00:00,2024-08-25T20:00:00+00:00,True,PASS,2024-08-25T21:00:00+00:00,2024-08-26T02:00:00+00:00,-1.090986021846171
2024-08-29T19:00:00+00:00,SHORT,TRAIN,A0-SHORT-282,2024-08-29T12:00:00+00:00,2024-08-29T16:00:00+00:00,True,PASS,2024-08-29T18:00:00+00:00,2024-09-01T18:00:00+00:00,0.2837886684291484
2024-09-03T09:00:00+00:00,SHORT,TRAIN,A0-SHORT-283,2024-09-03T04:00:00+00:00,2024-09-03T08:00:00+00:00,True,PASS,2024-09-03T08:00:00+00:00,2024-09-04T01:00:00+00:00,1.9557967157492442
2024-09-05T04:00:00+00:00,SHORT,TRAIN,A0-SHORT-284,2024-09-05T00:00:00+00:00,2024-09-05T04:00:00+00:00,True,PASS,2024-09-05T03:00:00+00:00,2024-09-06T14:00:00+00:00,1.9647546906244524
2024-09-06T16:00:00+00:00,SHORT,TRAIN,A0-SHORT-285,2024-09-06T12:00:00+00:00,2024-09-06T16:00:00+00:00,True,PASS,2024-09-06T15:00:00+00:00,2024-09-09T15:00:00+00:00,-0.45971999071320374
2024-09-09T20:00:00+00:00,LONG,TRAIN,A0-LONG-286,2024-09-09T16:00:00+00:00,2024-09-09T20:00:00+00:00,True,PASS,2024-09-09T19:00:00+00:00,2024-09-12T19:00:00+00:00,0.5401678470844188
2024-09-13T11:00:00+00:00,LONG,TRAIN,A0-LONG-287,2024-09-13T04:00:00+00:00,2024-09-13T08:00:00+00:00,True,PASS,2024-09-13T10:00:00+00:00,2024-09-13T12:00:00+00:00,-1.0732884387385457
2024-09-13T15:00:00+00:00,LONG,TRAIN,A0-LONG-288,2024-09-13T08:00:00+00:00,2024-09-13T12:00:00+00:00,True,PASS,2024-09-13T14:00:00+00:00,2024-09-13T21:00:00+00:00,1.9454080720542541
2024-09-13T23:00:00+00:00,LONG,TRAIN,A0-LONG-289,2024-09-13T16:00:00+00:00,2024-09-13T20:00:00+00:00,True,PASS,2024-09-13T22:00:00+00:00,2024-09-16T14:00:00+00:00,-1.0171224947562767
2024-09-17T09:00:00+00:00,LONG,TRAIN,A0-LONG-290,2024-09-17T04:00:00+00:00,2024-09-17T08:00:00+00:00,True,PASS,2024-09-17T08:00:00+00:00,2024-09-17T15:00:00+00:00,1.961023751955342
2024-09-18T19:00:00+00:00,LONG,TRAIN,A0-LONG-291,2024-09-18T12:00:00+00:00,2024-09-18T16:00:00+00:00,True,PASS,2024-09-18T18:00:00+00:00,2024-09-19T16:00:00+00:00,1.9672562342345508
2024-09-20T04:00:00+00:00,LONG,TRAIN,A0-LONG-292,2024-09-20T00:00:00+00:00,2024-09-20T04:00:00+00:00,True,PASS,2024-09-20T03:00:00+00:00,2024-09-20T14:00:00+00:00,-1.0433505973600412
2024-09-21T13:00:00+00:00,LONG,TRAIN,A0-LONG-293,2024-09-21T08:00:00+00:00,2024-09-21T12:00:00+00:00,True,PASS,2024-09-21T12:00:00+00:00,2024-09-22T09:00:00+00:00,-1.1141341340640005
2024-09-22T18:00:00+00:00,LONG,TRAIN,A0-LONG-294,2024-09-22T12:00:00+00:00,2024-09-22T16:00:00+00:00,True,PASS,2024-09-22T17:00:00+00:00,2024-09-22T22:00:00+00:00,-1.080065587341967
2024-09-23T04:00:00+00:00,LONG,TRAIN,A0-LONG-295,2024-09-23T00:00:00+00:00,2024-09-23T04:00:00+00:00,True,PASS,2024-09-23T03:00:00+00:00,2024-09-26T03:00:00+00:00,-0.441401536776135
2024-09-26T06:00:00+00:00,LONG,TRAIN,A0-LONG-296,2024-09-26T00:00:00+00:00,2024-09-26T04:00:00+00:00,True,PASS,2024-09-26T05:00:00+00:00,2024-09-26T15:00:00+00:00,1.9473221018786306
2024-09-28T03:00:00+00:00,LONG,TRAIN,A0-LONG-297,2024-09-27T20:00:00+00:00,2024-09-28T00:00:00+00:00,True,PASS,2024-09-28T02:00:00+00:00,2024-09-28T09:00:00+00:00,-1.07704628883067
2024-09-29T00:00:00+00:00,LONG,TRAIN,A0-LONG-298,2024-09-28T20:00:00+00:00,2024-09-29T00:00:00+00:00,True,PASS,2024-09-28T23:00:00+00:00,2024-09-30T00:00:00+00:00,-1.1107399130157356
2024-10-01T14:00:00+00:00,SHORT,TRAIN,A0-SHORT-299,2024-10-01T08:00:00+00:00,2024-10-01T12:00:00+00:00,True,PASS,2024-10-01T13:00:00+00:00,2024-10-01T20:00:00+00:00,1.9608821421230531
2024-10-02T13:00:00+00:00,SHORT,TRAIN,A0-SHORT-300,2024-10-02T08:00:00+00:00,2024-10-02T12:00:00+00:00,True,PASS,2024-10-02T12:00:00+00:00,2024-10-02T16:00:00+00:00,-1.0413158034042431
2024-10-02T20:00:00+00:00,SHORT,TRAIN,A0-SHORT-301,2024-10-02T16:00:00+00:00,2024-10-02T20:00:00+00:00,True,PASS,2024-10-02T19:00:00+00:00,2024-10-04T19:00:00+00:00,-1.0215795190974304
2024-10-05T03:00:00+00:00,SHORT,TRAIN,A0-SHORT-302,2024-10-04T20:00:00+00:00,2024-10-05T00:00:00+00:00,True,PASS,2024-10-05T02:00:00+00:00,2024-10-06T14:00:00+00:00,-1.0700489461886717
2024-10-07T01:00:00+00:00,LONG,TRAIN,A0-LONG-303,2024-10-06T20:00:00+00:00,2024-10-07T00:00:00+00:00,True,PASS,2024-10-07T00:00:00+00:00,2024-10-07T23:00:00+00:00,-1.0359917000062098
2024-10-08T14:00:00+00:00,LONG,TRAIN,A0-LONG-304,2024-10-08T08:00:00+00:00,2024-10-08T12:00:00+00:00,True,PASS,2024-10-08T13:00:00+00:00,2024-10-08T15:00:00+00:00,-1.0458987281823862
2024-10-09T13:00:00+00:00,SHORT,TRAIN,A0-SHORT-305,2024-10-09T08:00:00+00:00,2024-10-09T12:00:00+00:00,True,PASS,2024-10-09T12:00:00+00:00,2024-10-09T20:00:00+00:00,1.9173524507646718
2024-10-10T15:00:00+00:00,SHORT,TRAIN,A0-SHORT-306,2024-10-10T08:00:00+00:00,2024-10-10T12:00:00+00:00,True,PASS,2024-10-10T14:00:00+00:00,2024-10-10T18:00:00+00:00,1.9356955870448112
2024-10-14T04:00:00+00:00,LONG,TRAIN,A0-LONG-307,2024-10-14T00:00:00+00:00,2024-10-14T04:00:00+00:00,True,PASS,2024-10-14T03:00:00+00:00,2024-10-16T11:00:00+00:00,1.9734049467719097
2024-10-17T16:00:00+00:00,LONG,TRAIN,A0-LONG-308,2024-10-17T12:00:00+00:00,2024-10-17T16:00:00+00:00,True,PASS,2024-10-17T15:00:00+00:00,2024-10-20T15:00:00+00:00,0.9933407684459679
2024-10-20T21:00:00+00:00,LONG,TRAIN,A0-LONG-309,2024-10-20T16:00:00+00:00,2024-10-20T20:00:00+00:00,True,PASS,2024-10-20T20:00:00+00:00,2024-10-21T09:00:00+00:00,-1.0884876834137065
2024-10-23T08:00:00+00:00,SHORT,TRAIN,A0-SHORT-310,2024-10-23T04:00:00+00:00,2024-10-23T08:00:00+00:00,True,PASS,2024-10-23T07:00:00+00:00,2024-10-24T13:00:00+00:00,-1.0556161257474632
2024-10-25T14:00:00+00:00,LONG,TRAIN,A0-LONG-311,2024-10-25T08:00:00+00:00,2024-10-25T12:00:00+00:00,True,PASS,2024-10-25T13:00:00+00:00,2024-10-25T17:00:00+00:00,-1.0485292106643724
2024-10-26T14:00:00+00:00,SHORT,TRAIN,A0-SHORT-312,2024-10-26T08:00:00+00:00,2024-10-26T12:00:00+00:00,True,PASS,2024-10-26T13:00:00+00:00,2024-10-26T20:00:00+00:00,-1.1277469008544463
2024-10-27T16:00:00+00:00,LONG,TRAIN,A0-LONG-313,2024-10-27T12:00:00+00:00,2024-10-27T16:00:00+00:00,True,PASS,2024-10-27T15:00:00+00:00,2024-10-28T19:00:00+00:00,1.930740630317666
2024-10-30T21:00:00+00:00,LONG,TRAIN,A0-LONG-314,2024-10-30T16:00:00+00:00,2024-10-30T20:00:00+00:00,True,PASS,2024-10-30T20:00:00+00:00,2024-10-31T13:00:00+00:00,-1.039921272891879
2024-11-01T13:00:00+00:00,LONG,TRAIN,A0-LONG-315,2024-11-01T08:00:00+00:00,2024-11-01T12:00:00+00:00,True,PASS,2024-11-01T12:00:00+00:00,2024-11-01T15:00:00+00:00,-1.0434667290511397
2024-11-02T14:00:00+00:00,SHORT,TRAIN,A0-SHORT-316,2024-11-02T08:00:00+00:00,2024-11-02T12:00:00+00:00,True,PASS,2024-11-02T13:00:00+00:00,2024-11-03T02:00:00+00:00,1.8934931756970703
2024-11-04T15:00:00+00:00,SHORT,TRAIN,A0-SHORT-317,2024-11-04T08:00:00+00:00,2024-11-04T12:00:00+00:00,True,PASS,2024-11-04T14:00:00+00:00,2024-11-05T14:00:00+00:00,-1.061612959532429
2024-11-06T01:00:00+00:00,LONG,TRAIN,A0-LONG-318,2024-11-05T20:00:00+00:00,2024-11-06T00:00:00+00:00,True,PASS,2024-11-06T00:00:00+00:00,2024-11-06T20:00:00+00:00,1.976741459627361
2024-11-07T16:00:00+00:00,LONG,TRAIN,A0-LONG-319,2024-11-07T12:00:00+00:00,2024-11-07T16:00:00+00:00,True,PASS,2024-11-07T15:00:00+00:00,2024-11-10T04:00:00+00:00,1.9622339667747306
2024-11-12T19:00:00+00:00,LONG,TRAIN,A0-LONG-320,2024-11-12T12:00:00+00:00,2024-11-12T16:00:00+00:00,True,PASS,2024-11-12T18:00:00+00:00,2024-11-15T18:00:00+00:00,0.13861061927803753
2024-11-15T21:00:00+00:00,LONG,TRAIN,A0-LONG-321,2024-11-15T16:00:00+00:00,2024-11-15T20:00:00+00:00,True,PASS,2024-11-15T20:00:00+00:00,2024-11-18T20:00:00+00:00,-0.005494129961656087
2024-11-19T07:00:00+00:00,LONG,TRAIN,A0-LONG-322,2024-11-19T00:00:00+00:00,2024-11-19T04:00:00+00:00,True,PASS,2024-11-19T06:00:00+00:00,2024-11-21T03:00:00+00:00,1.959129794863248
2024-11-24T02:00:00+00:00,LONG,TRAIN,A0-LONG-323,2024-11-23T20:00:00+00:00,2024-11-24T00:00:00+00:00,True,PASS,2024-11-24T01:00:00+00:00,2024-11-24T12:00:00+00:00,-1.0696931557090235
2024-11-24T23:00:00+00:00,LONG,TRAIN,A0-LONG-324,2024-11-24T16:00:00+00:00,2024-11-24T20:00:00+00:00,True,PASS,2024-11-24T22:00:00+00:00,2024-11-25T14:00:00+00:00,-1.0339833715976288
2024-11-25T22:00:00+00:00,SHORT,TRAIN,A0-SHORT-325,2024-11-25T16:00:00+00:00,2024-11-25T20:00:00+00:00,True,PASS,2024-11-25T21:00:00+00:00,2024-11-28T21:00:00+00:00,-0.3380422744526362
2024-11-29T03:00:00+00:00,LONG,TRAIN,A0-LONG-326,2024-11-28T20:00:00+00:00,2024-11-29T00:00:00+00:00,True,PASS,2024-11-29T02:00:00+00:00,2024-12-02T02:00:00+00:00,0.411384128368976
2024-12-02T16:00:00+00:00,LONG,TRAIN,A0-LONG-327,2024-12-02T12:00:00+00:00,2024-12-02T16:00:00+00:00,True,PASS,2024-12-02T15:00:00+00:00,2024-12-02T17:00:00+00:00,-1.033354840641793
2024-12-03T10:00:00+00:00,SHORT,TRAIN,A0-SHORT-328,2024-12-03T04:00:00+00:00,2024-12-03T08:00:00+00:00,True,PASS,2024-12-03T09:00:00+00:00,2024-12-04T01:00:00+00:00,-1.0687591766983537
2024-12-04T10:00:00+00:00,LONG,TRAIN,A0-LONG-329,2024-12-04T04:00:00+00:00,2024-12-04T08:00:00+00:00,True,PASS,2024-12-04T09:00:00+00:00,2024-12-04T16:00:00+00:00,-1.0463110012644516
2024-12-04T20:00:00+00:00,LONG,TRAIN,A0-LONG-330,2024-12-04T16:00:00+00:00,2024-12-04T20:00:00+00:00,True,PASS,2024-12-04T19:00:00+00:00,2024-12-05T03:00:00+00:00,1.970973627629318
2024-12-06T15:00:00+00:00,LONG,TRAIN,A0-LONG-331,2024-12-06T08:00:00+00:00,2024-12-06T12:00:00+00:00,True,PASS,2024-12-06T14:00:00+00:00,2024-12-09T14:00:00+00:00,0.2977188024601395
2024-12-09T16:00:00+00:00,SHORT,TRAIN,A0-SHORT-332,2024-12-09T12:00:00+00:00,2024-12-09T16:00:00+00:00,True,PASS,2024-12-09T15:00:00+00:00,2024-12-11T15:00:00+00:00,-1.0294201120811988
2024-12-12T15:00:00+00:00,LONG,TRAIN,A0-LONG-333,2024-12-12T08:00:00+00:00,2024-12-12T12:00:00+00:00,True,PASS,2024-12-12T14:00:00+00:00,2024-12-12T19:00:00+00:00,-1.0515107487519386
2024-12-13T11:00:00+00:00,LONG,TRAIN,A0-LONG-334,2024-12-13T04:00:00+00:00,2024-12-13T08:00:00+00:00,True,PASS,2024-12-13T10:00:00+00:00,2024-12-15T12:00:00+00:00,1.9394603306984113
2024-12-16T00:00:00+00:00,LONG,TRAIN,A0-LONG-335,2024-12-15T20:00:00+00:00,2024-12-16T00:00:00+00:00,True,PASS,2024-12-15T23:00:00+00:00,2024-12-18T20:00:00+00:00,-1.0427168787763947
2024-12-19T00:00:00+00:00,SHORT,TRAIN,A0-SHORT-336,2024-12-18T20:00:00+00:00,2024-12-19T00:00:00+00:00,True,PASS,2024-12-18T23:00:00+00:00,2024-12-21T23:00:00+00:00,0.5880127323171928
2024-12-22T05:00:00+00:00,SHORT,TRAIN,A0-SHORT-337,2024-12-22T00:00:00+00:00,2024-12-22T04:00:00+00:00,True,PASS,2024-12-22T04:00:00+00:00,2024-12-24T15:00:00+00:00,-1.0371105503754159
2024-12-24T17:00:00+00:00,LONG,TRAIN,A0-LONG-338,2024-12-24T12:00:00+00:00,2024-12-24T16:00:00+00:00,True,PASS,2024-12-24T16:00:00+00:00,2024-12-27T16:00:00+00:00,-0.9324277365116085
2024-12-29T13:00:00+00:00,SHORT,TRAIN,A0-SHORT-339,2024-12-29T08:00:00+00:00,2024-12-29T12:00:00+00:00,True,PASS,2024-12-29T12:00:00+00:00,2024-12-29T16:00:00+00:00,1.8396373182359609
2024-12-30T14:00:00+00:00,SHORT,TRAIN,A0-SHORT-340,2024-12-30T08:00:00+00:00,2024-12-30T12:00:00+00:00,True,PASS,2024-12-30T13:00:00+00:00,2024-12-30T18:00:00+00:00,-1.0452703731837234
2025-01-01T09:00:00+00:00,SHORT,TRAIN,A0-SHORT-341,2025-01-01T04:00:00+00:00,2025-01-01T08:00:00+00:00,True,PASS,2025-01-01T08:00:00+00:00,2025-01-01T19:00:00+00:00,-1.0680683440480183
2025-01-03T15:00:00+00:00,LONG,TRAIN,A0-LONG-342,2025-01-03T08:00:00+00:00,2025-01-03T12:00:00+00:00,True,PASS,2025-01-03T14:00:00+00:00,2025-01-03T19:00:00+00:00,1.9189706295856663
2025-01-04T20:00:00+00:00,LONG,TRAIN,A0-LONG-343,2025-01-04T16:00:00+00:00,2025-01-04T20:00:00+00:00,True,PASS,2025-01-04T19:00:00+00:00,2025-01-05T14:00:00+00:00,-1.1125619810653062
2025-01-06T05:00:00+00:00,LONG,TRAIN,A0-LONG-344,2025-01-06T00:00:00+00:00,2025-01-06T04:00:00+00:00,True,PASS,2025-01-06T04:00:00+00:00,2025-01-07T00:00:00+00:00,1.9502919640287568
2025-01-07T16:00:00+00:00,SHORT,TRAIN,A0-SHORT-345,2025-01-07T12:00:00+00:00,2025-01-07T16:00:00+00:00,True,PASS,2025-01-07T15:00:00+00:00,2025-01-10T15:00:00+00:00,1.0032065259955287
2025-01-11T05:00:00+00:00,SHORT,TRAIN,A0-SHORT-346,2025-01-11T00:00:00+00:00,2025-01-11T04:00:00+00:00,True,PASS,2025-01-11T04:00:00+00:00,2025-01-13T00:00:00+00:00,-1.052332167498892
2025-01-13T07:00:00+00:00,SHORT,TRAIN,A0-SHORT-347,2025-01-13T00:00:00+00:00,2025-01-13T04:00:00+00:00,True,PASS,2025-01-13T06:00:00+00:00,2025-01-14T09:00:00+00:00,-1.0314992373707674
2025-01-15T14:00:00+00:00,LONG,TRAIN,A0-LONG-348,2025-01-15T08:00:00+00:00,2025-01-15T12:00:00+00:00,True,PASS,2025-01-15T13:00:00+00:00,2025-01-17T15:00:00+00:00,1.9681629322638432
2025-01-18T14:00:00+00:00,LONG,TRAIN,A0-LONG-349,2025-01-18T08:00:00+00:00,2025-01-18T12:00:00+00:00,True,PASS,2025-01-18T13:00:00+00:00,2025-01-19T22:00:00+00:00,-1.0390599671830816
2025-01-20T07:00:00+00:00,LONG,TRAIN,A0-LONG-350,2025-01-20T00:00:00+00:00,2025-01-20T04:00:00+00:00,True,PASS,2025-01-20T06:00:00+00:00,2025-01-23T06:00:00+00:00,-0.6662873790656869
2025-01-24T06:00:00+00:00,LONG,TRAIN,A0-LONG-351,2025-01-24T00:00:00+00:00,2025-01-24T04:00:00+00:00,True,PASS,2025-01-24T05:00:00+00:00,2025-01-27T00:00:00+00:00,-1.0274023102299483
2025-01-27T02:00:00+00:00,SHORT,TRAIN,A0-SHORT-352,2025-01-26T20:00:00+00:00,2025-01-27T00:00:00+00:00,True,PASS,2025-01-27T01:00:00+00:00,2025-01-30T01:00:00+00:00,-0.7564680598192827
2025-01-30T04:00:00+00:00,LONG,TRAIN,A0-LONG-353,2025-01-30T00:00:00+00:00,2025-01-30T04:00:00+00:00,True,PASS,2025-01-30T03:00:00+00:00,2025-02-01T20:00:00+00:00,-1.0218887531121383
2025-02-03T20:00:00+00:00,LONG,TRAIN,A0-LONG-354,2025-02-03T16:00:00+00:00,2025-02-03T20:00:00+00:00,True,PASS,2025-02-03T19:00:00+00:00,2025-02-06T19:00:00+00:00,-0.7678083936097324
2025-02-07T20:00:00+00:00,SHORT,TRAIN,A0-SHORT-355,2025-02-07T16:00:00+00:00,2025-02-07T20:00:00+00:00,True,PASS,2025-02-07T19:00:00+00:00,2025-02-10T19:00:00+00:00,-0.17495364597205415
2025-02-11T17:00:00+00:00,SHORT,TRAIN,A0-SHORT-356,2025-02-11T12:00:00+00:00,2025-02-11T16:00:00+00:00,True,PASS,2025-02-11T16:00:00+00:00,2025-02-14T16:00:00+00:00,-0.678746403665599
2025-02-16T08:00:00+00:00,SHORT,TRAIN,A0-SHORT-357,2025-02-16T04:00:00+00:00,2025-02-16T08:00:00+00:00,True,PASS,2025-02-16T07:00:00+00:00,2025-02-16T23:00:00+00:00,1.846616661771901
2025-02-17T05:00:00+00:00,SHORT,TRAIN,A0-SHORT-358,2025-02-17T00:00:00+00:00,2025-02-17T04:00:00+00:00,True,PASS,2025-02-17T04:00:00+00:00,2025-02-18T19:00:00+00:00,1.941318981028104
2025-02-20T00:00:00+00:00,LONG,TRAIN,A0-LONG-359,2025-02-19T20:00:00+00:00,2025-02-20T00:00:00+00:00,True,PASS,2025-02-19T23:00:00+00:00,2025-02-21T13:00:00+00:00,1.9397908373906017
2025-02-21T20:00:00+00:00,SHORT,TRAIN,A0-SHORT-360,2025-02-21T16:00:00+00:00,2025-02-21T20:00:00+00:00,True,PASS,2025-02-21T19:00:00+00:00,2025-02-24T19:00:00+00:00,0.29662419774442245
2025-02-24T23:00:00+00:00,SHORT,TRAIN,A0-SHORT-361,2025-02-24T16:00:00+00:00,2025-02-24T20:00:00+00:00,True,PASS,2025-02-24T22:00:00+00:00,2025-02-26T14:00:00+00:00,1.9783519217563565
2025-02-26T19:00:00+00:00,SHORT,TRAIN,A0-SHORT-362,2025-02-26T12:00:00+00:00,2025-02-26T16:00:00+00:00,True,PASS,2025-02-26T18:00:00+00:00,2025-03-01T18:00:00+00:00,-0.22420179404353283
2025-03-02T15:00:00+00:00,SHORT,VALIDATION,A0-SHORT-363,2025-03-02T08:00:00+00:00,2025-03-02T12:00:00+00:00,True,PASS,2025-03-02T14:00:00+00:00,2025-03-02T15:00:00+00:00,-1.0459487490245916
2025-03-03T14:00:00+00:00,LONG,VALIDATION,A0-LONG-364,2025-03-03T08:00:00+00:00,2025-03-03T12:00:00+00:00,True,PASS,2025-03-03T13:00:00+00:00,2025-03-03T14:00:00+00:00,-1.0302091872142973
2025-03-03T20:00:00+00:00,SHORT,VALIDATION,A0-SHORT-365,2025-03-03T16:00:00+00:00,2025-03-03T20:00:00+00:00,True,PASS,2025-03-03T19:00:00+00:00,2025-03-06T19:00:00+00:00,-0.3683982004654781
2025-03-07T15:00:00+00:00,LONG,VALIDATION,A0-LONG-366,2025-03-07T08:00:00+00:00,2025-03-07T12:00:00+00:00,True,PASS,2025-03-07T14:00:00+00:00,2025-03-07T16:00:00+00:00,-1.02685722880146
2025-03-07T22:00:00+00:00,SHORT,VALIDATION,A0-SHORT-367,2025-03-07T16:00:00+00:00,2025-03-07T20:00:00+00:00,True,PASS,2025-03-07T21:00:00+00:00,2025-03-10T21:00:00+00:00,1.36310894976559
2025-03-11T15:00:00+00:00,SHORT,VALIDATION,A0-SHORT-368,2025-03-11T08:00:00+00:00,2025-03-11T12:00:00+00:00,True,PASS,2025-03-11T14:00:00+00:00,2025-03-11T18:00:00+00:00,-1.0251366598223473
2025-03-12T05:00:00+00:00,SHORT,VALIDATION,A0-SHORT-369,2025-03-12T00:00:00+00:00,2025-03-12T04:00:00+00:00,True,PASS,2025-03-12T04:00:00+00:00,2025-03-12T12:00:00+00:00,-1.0326113661098566
2025-03-13T14:00:00+00:00,SHORT,VALIDATION,A0-SHORT-370,2025-03-13T08:00:00+00:00,2025-03-13T12:00:00+00:00,True,PASS,2025-03-13T13:00:00+00:00,2025-03-14T15:00:00+00:00,-1.0279389178654232
2025-03-16T12:00:00+00:00,SHORT,VALIDATION,A0-SHORT-371,2025-03-16T08:00:00+00:00,2025-03-16T12:00:00+00:00,True,PASS,2025-03-16T11:00:00+00:00,2025-03-16T16:00:00+00:00,-1.0320578129544624
2025-03-16T23:00:00+00:00,SHORT,VALIDATION,A0-SHORT-372,2025-03-16T16:00:00+00:00,2025-03-16T20:00:00+00:00,True,PASS,2025-03-16T22:00:00+00:00,2025-03-19T18:00:00+00:00,-1.0209918942572673
2025-03-19T23:00:00+00:00,LONG,VALIDATION,A0-LONG-373,2025-03-19T16:00:00+00:00,2025-03-19T20:00:00+00:00,True,PASS,2025-03-19T22:00:00+00:00,2025-03-21T12:00:00+00:00,-1.0259655378422234
2025-03-23T09:00:00+00:00,LONG,VALIDATION,A0-LONG-374,2025-03-23T04:00:00+00:00,2025-03-23T08:00:00+00:00,True,PASS,2025-03-23T08:00:00+00:00,2025-03-23T22:00:00+00:00,1.8836356458372074
2025-03-25T12:00:00+00:00,LONG,VALIDATION,A0-LONG-375,2025-03-25T08:00:00+00:00,2025-03-25T12:00:00+00:00,True,PASS,2025-03-25T11:00:00+00:00,2025-03-26T18:00:00+00:00,-1.0631084554735932
2025-03-27T03:00:00+00:00,LONG,VALIDATION,A0-LONG-376,2025-03-26T20:00:00+00:00,2025-03-27T00:00:00+00:00,True,PASS,2025-03-27T02:00:00+00:00,2025-03-27T13:00:00+00:00,-1.0398437522226618
2025-03-28T08:00:00+00:00,SHORT,VALIDATION,A0-SHORT-377,2025-03-28T04:00:00+00:00,2025-03-28T08:00:00+00:00,True,PASS,2025-03-28T07:00:00+00:00,2025-03-31T07:00:00+00:00,1.374022257359198
2025-04-01T16:00:00+00:00,LONG,VALIDATION,A0-LONG-378,2025-04-01T12:00:00+00:00,2025-04-01T16:00:00+00:00,True,PASS,2025-04-01T15:00:00+00:00,2025-04-02T23:00:00+00:00,-1.0245044066654576
2025-04-04T11:00:00+00:00,SHORT,VALIDATION,A0-SHORT-379,2025-04-04T04:00:00+00:00,2025-04-04T08:00:00+00:00,True,PASS,2025-04-04T10:00:00+00:00,2025-04-06T22:00:00+00:00,1.9698926143257263
2025-04-08T15:00:00+00:00,SHORT,VALIDATION,A0-SHORT-380,2025-04-08T08:00:00+00:00,2025-04-08T12:00:00+00:00,True,PASS,2025-04-08T14:00:00+00:00,2025-04-09T17:00:00+00:00,-1.0320456291880344
2025-04-09T21:00:00+00:00,LONG,VALIDATION,A0-LONG-381,2025-04-09T16:00:00+00:00,2025-04-09T20:00:00+00:00,True,PASS,2025-04-09T20:00:00+00:00,2025-04-12T20:00:00+00:00,0.3121324090802574
2025-04-14T13:00:00+00:00,LONG,VALIDATION,A0-LONG-382,2025-04-14T08:00:00+00:00,2025-04-14T12:00:00+00:00,True,PASS,2025-04-14T12:00:00+00:00,2025-04-14T13:00:00+00:00,-1.0700230635136574
2025-04-14T15:00:00+00:00,LONG,VALIDATION,A0-LONG-383,2025-04-14T08:00:00+00:00,2025-04-14T12:00:00+00:00,True,PASS,2025-04-14T14:00:00+00:00,2025-04-14T15:00:00+00:00,-1.0487993770049082
2025-04-15T03:00:00+00:00,LONG,VALIDATION,A0-LONG-384,2025-04-14T20:00:00+00:00,2025-04-15T00:00:00+00:00,True,PASS,2025-04-15T02:00:00+00:00,2025-04-15T18:00:00+00:00,-1.072679276403656
2025-04-16T15:00:00+00:00,LONG,VALIDATION,A0-LONG-385,2025-04-16T08:00:00+00:00,2025-04-16T12:00:00+00:00,True,PASS,2025-04-16T14:00:00+00:00,2025-04-19T14:00:00+00:00,0.48945672587363004
2025-04-20T21:00:00+00:00,LONG,VALIDATION,A0-LONG-386,2025-04-20T16:00:00+00:00,2025-04-20T20:00:00+00:00,True,PASS,2025-04-20T20:00:00+00:00,2025-04-21T01:00:00+00:00,1.9375002547627782
2025-04-22T02:00:00+00:00,LONG,VALIDATION,A0-LONG-387,2025-04-21T20:00:00+00:00,2025-04-22T00:00:00+00:00,True,PASS,2025-04-22T01:00:00+00:00,2025-04-22T21:00:00+00:00,1.965810026101752
2025-04-24T15:00:00+00:00,LONG,VALIDATION,A0-LONG-388,2025-04-24T08:00:00+00:00,2025-04-24T12:00:00+00:00,True,PASS,2025-04-24T14:00:00+00:00,2025-04-27T14:00:00+00:00,0.5444213379927647
2025-04-27T19:00:00+00:00,LONG,VALIDATION,A0-LONG-389,2025-04-27T12:00:00+00:00,2025-04-27T16:00:00+00:00,True,PASS,2025-04-27T18:00:00+00:00,2025-04-28T00:00:00+00:00,-1.1004769961780336
2025-04-28T07:00:00+00:00,LONG,VALIDATION,A0-LONG-390,2025-04-28T00:00:00+00:00,2025-04-28T04:00:00+00:00,True,PASS,2025-04-28T06:00:00+00:00,2025-05-01T06:00:00+00:00,0.1239848931934058
2025-05-01T09:00:00+00:00,LONG,VALIDATION,A0-LONG-391,2025-05-01T04:00:00+00:00,2025-05-01T08:00:00+00:00,True,PASS,2025-05-01T08:00:00+00:00,2025-05-02T14:00:00+00:00,1.9322611858990473
2025-05-04T21:00:00+00:00,LONG,VALIDATION,A0-LONG-392,2025-05-04T16:00:00+00:00,2025-05-04T20:00:00+00:00,True,PASS,2025-05-04T20:00:00+00:00,2025-05-04T22:00:00+00:00,-1.1385772075074632
2025-05-05T00:00:00+00:00,SHORT,VALIDATION,A0-SHORT-393,2025-05-04T20:00:00+00:00,2025-05-05T00:00:00+00:00,True,PASS,2025-05-04T23:00:00+00:00,2025-05-06T22:00:00+00:00,-1.0496957014931159
2025-05-07T00:00:00+00:00,LONG,VALIDATION,A0-LONG-394,2025-05-06T20:00:00+00:00,2025-05-07T00:00:00+00:00,True,PASS,2025-05-06T23:00:00+00:00,2025-05-08T20:00:00+00:00,1.9725558581371945
2025-05-10T06:00:00+00:00,LONG,VALIDATION,A0-LONG-395,2025-05-10T00:00:00+00:00,2025-05-10T04:00:00+00:00,True,PASS,2025-05-10T05:00:00+00:00,2025-05-10T23:00:00+00:00,1.8769195214812906
2025-05-11T11:00:00+00:00,LONG,VALIDATION,A0-LONG-396,2025-05-11T04:00:00+00:00,2025-05-11T08:00:00+00:00,True,PASS,2025-05-11T10:00:00+00:00,2025-05-12T14:00:00+00:00,-1.060774260641218
2025-05-13T10:00:00+00:00,LONG,VALIDATION,A0-LONG-397,2025-05-13T04:00:00+00:00,2025-05-13T08:00:00+00:00,True,PASS,2025-05-13T09:00:00+00:00,2025-05-15T14:00:00+00:00,-1.0401852624894805
2025-05-15T16:00:00+00:00,LONG,VALIDATION,A0-LONG-398,2025-05-15T12:00:00+00:00,2025-05-15T16:00:00+00:00,True,PASS,2025-05-15T15:00:00+00:00,2025-05-18T15:00:00+00:00,1.099610884628041
2025-05-19T00:00:00+00:00,LONG,VALIDATION,A0-LONG-399,2025-05-18T20:00:00+00:00,2025-05-19T00:00:00+00:00,True,PASS,2025-05-18T23:00:00+00:00,2025-05-19T04:00:00+00:00,-1.026244290378498
2025-05-19T16:00:00+00:00,LONG,VALIDATION,A0-LONG-400,2025-05-19T12:00:00+00:00,2025-05-19T16:00:00+00:00,True,PASS,2025-05-19T15:00:00+00:00,2025-05-21T23:00:00+00:00,1.9690102283756077
2025-05-22T04:00:00+00:00,LONG,VALIDATION,A0-LONG-401,2025-05-22T00:00:00+00:00,2025-05-22T04:00:00+00:00,True,PASS,2025-05-22T03:00:00+00:00,2025-05-25T03:00:00+00:00,-0.7221712425169915
2025-05-25T23:00:00+00:00,LONG,VALIDATION,A0-LONG-402,2025-05-25T16:00:00+00:00,2025-05-25T20:00:00+00:00,True,PASS,2025-05-25T22:00:00+00:00,2025-05-28T22:00:00+00:00,-0.6947335893552402
2025-05-29T18:00:00+00:00,SHORT,VALIDATION,A0-SHORT-403,2025-05-29T12:00:00+00:00,2025-05-29T16:00:00+00:00,True,PASS,2025-05-29T17:00:00+00:00,2025-06-01T17:00:00+00:00,0.43767978315989303
2025-06-02T11:00:00+00:00,SHORT,VALIDATION,A0-SHORT-404,2025-06-02T04:00:00+00:00,2025-06-02T08:00:00+00:00,True,PASS,2025-06-02T10:00:00+00:00,2025-06-03T00:00:00+00:00,-1.051027505530789
2025-06-03T09:00:00+00:00,SHORT,VALIDATION,A0-SHORT-405,2025-06-03T04:00:00+00:00,2025-06-03T08:00:00+00:00,True,PASS,2025-06-03T08:00:00+00:00,2025-06-03T14:00:00+00:00,-1.056651295741984
2025-06-04T12:00:00+00:00,SHORT,VALIDATION,A0-SHORT-406,2025-06-04T08:00:00+00:00,2025-06-04T12:00:00+00:00,True,PASS,2025-06-04T11:00:00+00:00,2025-06-05T17:00:00+00:00,1.913864923409633
2025-06-05T19:00:00+00:00,SHORT,VALIDATION,A0-SHORT-407,2025-06-05T12:00:00+00:00,2025-06-05T16:00:00+00:00,True,PASS,2025-06-05T18:00:00+00:00,2025-06-08T13:00:00+00:00,-1.0276387168528665
2025-06-09T10:00:00+00:00,LONG,VALIDATION,A0-LONG-408,2025-06-09T04:00:00+00:00,2025-06-09T08:00:00+00:00,True,PASS,2025-06-09T09:00:00+00:00,2025-06-09T21:00:00+00:00,1.9374122390665462
2025-06-12T21:00:00+00:00,SHORT,VALIDATION,A0-SHORT-409,2025-06-12T16:00:00+00:00,2025-06-12T20:00:00+00:00,True,PASS,2025-06-12T20:00:00+00:00,2025-06-15T20:00:00+00:00,0.44912873415058396
2025-06-16T08:00:00+00:00,LONG,VALIDATION,A0-LONG-410,2025-06-16T04:00:00+00:00,2025-06-16T08:00:00+00:00,True,PASS,2025-06-16T07:00:00+00:00,2025-06-17T14:00:00+00:00,-1.039687835588354
2025-06-18T11:00:00+00:00,SHORT,VALIDATION,A0-SHORT-411,2025-06-18T04:00:00+00:00,2025-06-18T08:00:00+00:00,True,PASS,2025-06-18T10:00:00+00:00,2025-06-20T07:00:00+00:00,-1.0625324024566243
2025-06-20T09:00:00+00:00,LONG,VALIDATION,A0-LONG-412,2025-06-20T04:00:00+00:00,2025-06-20T08:00:00+00:00,True,PASS,2025-06-20T08:00:00+00:00,2025-06-20T14:00:00+00:00,-1.047660154305285
2025-06-20T17:00:00+00:00,SHORT,VALIDATION,A0-SHORT-413,2025-06-20T12:00:00+00:00,2025-06-20T16:00:00+00:00,True,PASS,2025-06-20T16:00:00+00:00,2025-06-23T16:00:00+00:00,0.998892811078836
2025-06-26T21:00:00+00:00,LONG,VALIDATION,A0-LONG-414,2025-06-26T16:00:00+00:00,2025-06-26T20:00:00+00:00,True,PASS,2025-06-26T20:00:00+00:00,2025-06-27T01:00:00+00:00,-1.0672476521556071
2025-06-27T17:00:00+00:00,LONG,VALIDATION,A0-LONG-415,2025-06-27T12:00:00+00:00,2025-06-27T16:00:00+00:00,True,PASS,2025-06-27T16:00:00+00:00,2025-06-30T16:00:00+00:00,0.040507658468177
2025-07-01T20:00:00+00:00,SHORT,VALIDATION,A0-SHORT-416,2025-07-01T16:00:00+00:00,2025-07-01T20:00:00+00:00,True,PASS,2025-07-01T19:00:00+00:00,2025-07-02T08:00:00+00:00,-1.0454720994385036
2025-07-02T11:00:00+00:00,LONG,VALIDATION,A0-LONG-417,2025-07-02T04:00:00+00:00,2025-07-02T08:00:00+00:00,True,PASS,2025-07-02T10:00:00+00:00,2025-07-05T10:00:00+00:00,0.07019137120468369
2025-07-06T00:00:00+00:00,LONG,VALIDATION,A0-LONG-418,2025-07-05T20:00:00+00:00,2025-07-06T00:00:00+00:00,True,PASS,2025-07-05T23:00:00+00:00,2025-07-06T10:00:00+00:00,-1.217242736017446
2025-07-06T13:00:00+00:00,LONG,VALIDATION,A0-LONG-419,2025-07-06T08:00:00+00:00,2025-07-06T12:00:00+00:00,True,PASS,2025-07-06T12:00:00+00:00,2025-07-06T21:00:00+00:00,1.8281955682308708
2025-07-08T11:00:00+00:00,LONG,VALIDATION,A0-LONG-420,2025-07-08T04:00:00+00:00,2025-07-08T08:00:00+00:00,True,PASS,2025-07-08T10:00:00+00:00,2025-07-09T19:00:00+00:00,1.93932613137253
2025-07-10T17:00:00+00:00,LONG,VALIDATION,A0-LONG-421,2025-07-10T12:00:00+00:00,2025-07-10T16:00:00+00:00,True,PASS,2025-07-10T16:00:00+00:00,2025-07-10T21:00:00+00:00,1.9594320324938121
2025-07-13T05:00:00+00:00,LONG,VALIDATION,A0-LONG-422,2025-07-13T00:00:00+00:00,2025-07-13T04:00:00+00:00,True,PASS,2025-07-13T04:00:00+00:00,2025-07-14T02:00:00+00:00,1.899891581522944
2025-07-14T04:00:00+00:00,LONG,VALIDATION,A0-LONG-423,2025-07-14T00:00:00+00:00,2025-07-14T04:00:00+00:00,True,PASS,2025-07-14T03:00:00+00:00,2025-07-15T02:00:00+00:00,-1.0372078287844222
2025-07-16T01:00:00+00:00,LONG,VALIDATION,A0-LONG-424,2025-07-15T20:00:00+00:00,2025-07-16T00:00:00+00:00,True,PASS,2025-07-16T00:00:00+00:00,2025-07-19T00:00:00+00:00,-0.23356638960404785
2025-07-19T04:00:00+00:00,LONG,VALIDATION,A0-LONG-425,2025-07-19T00:00:00+00:00,2025-07-19T04:00:00+00:00,True,PASS,2025-07-19T03:00:00+00:00,2025-07-20T22:00:00+00:00,-1.0604530998035322
2025-07-21T07:00:00+00:00,LONG,VALIDATION,A0-LONG-426,2025-07-21T00:00:00+00:00,2025-07-21T04:00:00+00:00,True,PASS,2025-07-21T06:00:00+00:00,2025-07-22T01:00:00+00:00,-1.033470584895582
2025-07-22T08:00:00+00:00,LONG,VALIDATION,A0-LONG-427,2025-07-22T04:00:00+00:00,2025-07-22T08:00:00+00:00,True,PASS,2025-07-22T07:00:00+00:00,2025-07-25T03:00:00+00:00,-1.043820983224941
2025-07-27T03:00:00+00:00,LONG,VALIDATION,A0-LONG-428,2025-07-26T20:00:00+00:00,2025-07-27T00:00:00+00:00,True,PASS,2025-07-27T02:00:00+00:00,2025-07-27T16:00:00+00:00,1.8313427713091341
2025-07-29T04:00:00+00:00,LONG,VALIDATION,A0-LONG-429,2025-07-29T00:00:00+00:00,2025-07-29T04:00:00+00:00,True,PASS,2025-07-29T03:00:00+00:00,2025-07-29T15:00:00+00:00,-1.0679190157984055
2025-07-30T04:00:00+00:00,LONG,VALIDATION,A0-LONG-430,2025-07-30T00:00:00+00:00,2025-07-30T04:00:00+00:00,True,PASS,2025-07-30T03:00:00+00:00,2025-07-30T18:00:00+00:00,-1.084252464380482
2025-07-31T07:00:00+00:00,LONG,VALIDATION,A0-LONG-431,2025-07-31T00:00:00+00:00,2025-07-31T04:00:00+00:00,True,PASS,2025-07-31T06:00:00+00:00,2025-07-31T19:00:00+00:00,-1.0622923328486105
2025-07-31T21:00:00+00:00,SHORT,VALIDATION,A0-SHORT-432,2025-07-31T16:00:00+00:00,2025-07-31T20:00:00+00:00,True,PASS,2025-07-31T20:00:00+00:00,2025-08-03T20:00:00+00:00,0.8081603596090668
2025-08-05T04:00:00+00:00,SHORT,VALIDATION,A0-SHORT-433,2025-08-05T00:00:00+00:00,2025-08-05T04:00:00+00:00,True,PASS,2025-08-05T03:00:00+00:00,2025-08-06T15:00:00+00:00,-1.080073086891463
2025-08-07T02:00:00+00:00,SHORT,VALIDATION,A0-SHORT-434,2025-08-06T20:00:00+00:00,2025-08-07T00:00:00+00:00,True,PASS,2025-08-07T01:00:00+00:00,2025-08-07T10:00:00+00:00,-1.0892676874538285
2025-08-07T12:00:00+00:00,LONG,VALIDATION,A0-LONG-435,2025-08-07T08:00:00+00:00,2025-08-07T12:00:00+00:00,True,PASS,2025-08-07T11:00:00+00:00,2025-08-10T11:00:00+00:00,0.7485637795765793
2025-08-11T00:00:00+00:00,LONG,VALIDATION,A0-LONG-436,2025-08-10T20:00:00+00:00,2025-08-11T00:00:00+00:00,True,PASS,2025-08-10T23:00:00+00:00,2025-08-11T02:00:00+00:00,1.9268892493771588
2025-08-12T13:00:00+00:00,LONG,VALIDATION,A0-LONG-437,2025-08-12T08:00:00+00:00,2025-08-12T12:00:00+00:00,True,PASS,2025-08-12T12:00:00+00:00,2025-08-13T13:00:00+00:00,1.9156754025172902
2025-08-16T22:00:00+00:00,SHORT,VALIDATION,A0-SHORT-438,2025-08-16T16:00:00+00:00,2025-08-16T20:00:00+00:00,True,PASS,2025-08-16T21:00:00+00:00,2025-08-17T04:00:00+00:00,-1.2110557115918095
2025-08-17T17:00:00+00:00,SHORT,VALIDATION,A0-SHORT-439,2025-08-17T12:00:00+00:00,2025-08-17T16:00:00+00:00,True,PASS,2025-08-17T16:00:00+00:00,2025-08-18T01:00:00+00:00,1.888151678459046
2025-08-18T03:00:00+00:00,SHORT,VALIDATION,A0-SHORT-440,2025-08-17T20:00:00+00:00,2025-08-18T00:00:00+00:00,True,PASS,2025-08-18T02:00:00+00:00,2025-08-21T02:00:00+00:00,0.5005120830290352
2025-08-21T05:00:00+00:00,SHORT,VALIDATION,A0-SHORT-441,2025-08-21T00:00:00+00:00,2025-08-21T04:00:00+00:00,True,PASS,2025-08-21T04:00:00+00:00,2025-08-22T14:00:00+00:00,-1.0845324584506673
2025-08-22T16:00:00+00:00,LONG,VALIDATION,A0-LONG-442,2025-08-22T12:00:00+00:00,2025-08-22T16:00:00+00:00,True,PASS,2025-08-22T15:00:00+00:00,2025-08-24T19:00:00+00:00,-1.0195841885306016
2025-08-25T21:00:00+00:00,SHORT,VALIDATION,A0-SHORT-443,2025-08-25T16:00:00+00:00,2025-08-25T20:00:00+00:00,True,PASS,2025-08-25T20:00:00+00:00,2025-08-28T04:00:00+00:00,-1.0253816234343394
2025-08-28T17:00:00+00:00,SHORT,VALIDATION,A0-SHORT-444,2025-08-28T12:00:00+00:00,2025-08-28T16:00:00+00:00,True,PASS,2025-08-28T16:00:00+00:00,2025-08-29T07:00:00+00:00,1.9252654538290384
2025-08-29T09:00:00+00:00,SHORT,VALIDATION,A0-SHORT-445,2025-08-29T04:00:00+00:00,2025-08-29T08:00:00+00:00,True,PASS,2025-08-29T08:00:00+00:00,2025-09-01T08:00:00+00:00,-0.019656285778652846
2025-09-01T22:00:00+00:00,SHORT,VALIDATION,A0-SHORT-446,2025-09-01T16:00:00+00:00,2025-09-01T20:00:00+00:00,True,PASS,2025-09-01T21:00:00+00:00,2025-09-02T01:00:00+00:00,-1.0481924059819223
2025-09-02T13:00:00+00:00,SHORT,VALIDATION,A0-SHORT-447,2025-09-02T08:00:00+00:00,2025-09-02T12:00:00+00:00,True,PASS,2025-09-02T12:00:00+00:00,2025-09-02T13:00:00+00:00,-1.0433962358265876
2025-09-03T15:00:00+00:00,LONG,VALIDATION,A0-LONG-448,2025-09-03T08:00:00+00:00,2025-09-03T12:00:00+00:00,True,PASS,2025-09-03T14:00:00+00:00,2025-09-04T06:00:00+00:00,-1.0505015079711626
2025-09-04T16:00:00+00:00,SHORT,VALIDATION,A0-SHORT-449,2025-09-04T12:00:00+00:00,2025-09-04T16:00:00+00:00,True,PASS,2025-09-04T15:00:00+00:00,2025-09-04T22:00:00+00:00,-1.0509734974885372
2025-09-05T07:00:00+00:00,LONG,VALIDATION,A0-LONG-450,2025-09-05T00:00:00+00:00,2025-09-05T04:00:00+00:00,True,PASS,2025-09-05T06:00:00+00:00,2025-09-05T15:00:00+00:00,-1.0588067528405172
2025-09-06T16:00:00+00:00,SHORT,VALIDATION,A0-SHORT-451,2025-09-06T12:00:00+00:00,2025-09-06T16:00:00+00:00,True,PASS,2025-09-06T15:00:00+00:00,2025-09-07T08:00:00+00:00,-1.1283655489711815
2025-09-08T09:00:00+00:00,LONG,VALIDATION,A0-LONG-452,2025-09-08T04:00:00+00:00,2025-09-08T08:00:00+00:00,True,PASS,2025-09-08T08:00:00+00:00,2025-09-10T13:00:00+00:00,1.9209152410300008
2025-09-11T14:00:00+00:00,LONG,VALIDATION,A0-LONG-453,2025-09-11T08:00:00+00:00,2025-09-11T12:00:00+00:00,True,PASS,2025-09-11T13:00:00+00:00,2025-09-14T13:00:00+00:00,0.5155801658023835
2025-09-14T22:00:00+00:00,LONG,VALIDATION,A0-LONG-454,2025-09-14T16:00:00+00:00,2025-09-14T20:00:00+00:00,True,PASS,2025-09-14T21:00:00+00:00,2025-09-15T00:00:00+00:00,-1.0946345202975512
2025-09-15T06:00:00+00:00,LONG,VALIDATION,A0-LONG-455,2025-09-15T00:00:00+00:00,2025-09-15T04:00:00+00:00,True,PASS,2025-09-15T05:00:00+00:00,2025-09-15T08:00:00+00:00,-1.0530804322182779
2025-09-15T19:00:00+00:00,LONG,VALIDATION,A0-LONG-456,2025-09-15T12:00:00+00:00,2025-09-15T16:00:00+00:00,True,PASS,2025-09-15T18:00:00+00:00,2025-09-17T05:00:00+00:00,1.9051248610412759
2025-09-17T23:00:00+00:00,LONG,VALIDATION,A0-LONG-457,2025-09-17T16:00:00+00:00,2025-09-17T20:00:00+00:00,True,PASS,2025-09-17T22:00:00+00:00,2025-09-20T22:00:00+00:00,-0.4621584242088819
2025-09-21T08:00:00+00:00,LONG,VALIDATION,A0-LONG-458,2025-09-21T04:00:00+00:00,2025-09-21T08:00:00+00:00,True,PASS,2025-09-21T07:00:00+00:00,2025-09-21T09:00:00+00:00,-1.2091715317846787
2025-09-21T17:00:00+00:00,SHORT,VALIDATION,A0-SHORT-459,2025-09-21T12:00:00+00:00,2025-09-21T16:00:00+00:00,True,PASS,2025-09-21T16:00:00+00:00,2025-09-22T00:00:00+00:00,1.8367371450160515
2025-09-22T06:00:00+00:00,SHORT,VALIDATION,A0-SHORT-460,2025-09-22T00:00:00+00:00,2025-09-22T04:00:00+00:00,True,PASS,2025-09-22T05:00:00+00:00,2025-09-25T05:00:00+00:00,0.9598190564836744
2025-09-25T07:00:00+00:00,SHORT,VALIDATION,A0-SHORT-461,2025-09-25T00:00:00+00:00,2025-09-25T04:00:00+00:00,True,PASS,2025-09-25T06:00:00+00:00,2025-09-28T06:00:00+00:00,0.9333052830301939
2025-09-30T19:00:00+00:00,LONG,VALIDATION,A0-LONG-462,2025-09-30T12:00:00+00:00,2025-09-30T16:00:00+00:00,True,PASS,2025-09-30T18:00:00+00:00,2025-10-01T08:00:00+00:00,1.917304227537427
2025-10-02T19:00:00+00:00,LONG,VALIDATION,A0-LONG-463,2025-10-02T12:00:00+00:00,2025-10-02T16:00:00+00:00,True,PASS,2025-10-02T18:00:00+00:00,2025-10-05T04:00:00+00:00,1.9532965777190108
2025-10-06T00:00:00+00:00,LONG,VALIDATION,A0-LONG-464,2025-10-05T20:00:00+00:00,2025-10-06T00:00:00+00:00,True,PASS,2025-10-05T23:00:00+00:00,2025-10-06T18:00:00+00:00,1.9256697021299884
2025-10-07T13:00:00+00:00,LONG,VALIDATION,A0-LONG-465,2025-10-07T08:00:00+00:00,2025-10-07T12:00:00+00:00,True,PASS,2025-10-07T12:00:00+00:00,2025-10-07T14:00:00+00:00,-1.0598057365447258
2025-10-08T09:00:00+00:00,LONG,VALIDATION,A0-LONG-466,2025-10-08T04:00:00+00:00,2025-10-08T08:00:00+00:00,True,PASS,2025-10-08T08:00:00+00:00,2025-10-09T14:00:00+00:00,-1.0704850236552375
2025-10-10T16:00:00+00:00,SHORT,VALIDATION,A0-SHORT-467,2025-10-10T12:00:00+00:00,2025-10-10T16:00:00+00:00,True,PASS,2025-10-10T15:00:00+00:00,2025-10-10T21:00:00+00:00,1.9734983571498375
2025-10-13T12:00:00+00:00,SHORT,VALIDATION,A0-SHORT-468,2025-10-13T08:00:00+00:00,2025-10-13T12:00:00+00:00,True,PASS,2025-10-13T11:00:00+00:00,2025-10-13T19:00:00+00:00,-1.060809583495689
2025-10-14T03:00:00+00:00,SHORT,VALIDATION,A0-SHORT-469,2025-10-13T20:00:00+00:00,2025-10-14T00:00:00+00:00,True,PASS,2025-10-14T02:00:00+00:00,2025-10-16T15:00:00+00:00,1.960808548729391
2025-10-19T09:00:00+00:00,SHORT,VALIDATION,A0-SHORT-470,2025-10-19T04:00:00+00:00,2025-10-19T08:00:00+00:00,True,PASS,2025-10-19T08:00:00+00:00,2025-10-19T09:00:00+00:00,-1.0864171656342139
2025-10-20T01:00:00+00:00,SHORT,VALIDATION,A0-SHORT-471,2025-10-19T20:00:00+00:00,2025-10-20T00:00:00+00:00,True,PASS,2025-10-20T00:00:00+00:00,2025-10-20T03:00:00+00:00,-1.059889484068037
2025-10-21T04:00:00+00:00,SHORT,VALIDATION,A0-SHORT-472,2025-10-21T00:00:00+00:00,2025-10-21T04:00:00+00:00,True,PASS,2025-10-21T03:00:00+00:00,2025-10-21T14:00:00+00:00,-1.038504019666174
2025-10-21T16:00:00+00:00,LONG,VALIDATION,A0-LONG-473,2025-10-21T12:00:00+00:00,2025-10-21T16:00:00+00:00,True,PASS,2025-10-21T15:00:00+00:00,2025-10-22T11:00:00+00:00,-1.015166914709386
2025-10-22T22:00:00+00:00,SHORT,VALIDATION,A0-SHORT-474,2025-10-22T16:00:00+00:00,2025-10-22T20:00:00+00:00,True,PASS,2025-10-22T21:00:00+00:00,2025-10-23T06:00:00+00:00,-1.0417414933313935
2025-10-23T17:00:00+00:00,LONG,VALIDATION,A0-LONG-475,2025-10-23T12:00:00+00:00,2025-10-23T16:00:00+00:00,True,PASS,2025-10-23T16:00:00+00:00,2025-10-26T11:00:00+00:00,1.9453620699710426
2025-10-26T13:00:00+00:00,LONG,VALIDATION,A0-LONG-476,2025-10-26T08:00:00+00:00,2025-10-26T12:00:00+00:00,True,PASS,2025-10-26T12:00:00+00:00,2025-10-29T12:00:00+00:00,-0.2174138538893453
2025-10-29T16:00:00+00:00,SHORT,VALIDATION,A0-SHORT-477,2025-10-29T12:00:00+00:00,2025-10-29T16:00:00+00:00,True,PASS,2025-10-29T15:00:00+00:00,2025-10-30T17:00:00+00:00,1.9592490081600715
2025-10-31T17:00:00+00:00,SHORT,VALIDATION,A0-SHORT-478,2025-10-31T12:00:00+00:00,2025-10-31T16:00:00+00:00,True,PASS,2025-10-31T16:00:00+00:00,2025-11-03T16:00:00+00:00,0.841319156795891
2025-11-04T06:00:00+00:00,SHORT,VALIDATION,A0-SHORT-479,2025-11-04T00:00:00+00:00,2025-11-04T04:00:00+00:00,True,PASS,2025-11-04T05:00:00+00:00,2025-11-07T05:00:00+00:00,0.5320055879671335
2025-11-07T12:00:00+00:00,SHORT,VALIDATION,A0-SHORT-480,2025-11-07T08:00:00+00:00,2025-11-07T12:00:00+00:00,True,PASS,2025-11-07T11:00:00+00:00,2025-11-07T17:00:00+00:00,-1.0371482090862043
2025-11-08T06:00:00+00:00,SHORT,VALIDATION,A0-SHORT-481,2025-11-08T00:00:00+00:00,2025-11-08T04:00:00+00:00,True,PASS,2025-11-08T05:00:00+00:00,2025-11-09T15:00:00+00:00,-1.0438772048510088
2025-11-09T20:00:00+00:00,LONG,VALIDATION,A0-LONG-482,2025-11-09T16:00:00+00:00,2025-11-09T20:00:00+00:00,True,PASS,2025-11-09T19:00:00+00:00,2025-11-12T16:00:00+00:00,-1.028056970950264
2025-11-12T20:00:00+00:00,SHORT,VALIDATION,A0-SHORT-483,2025-11-12T16:00:00+00:00,2025-11-12T20:00:00+00:00,True,PASS,2025-11-12T19:00:00+00:00,2025-11-15T19:00:00+00:00,1.266801941298794
2025-11-15T21:00:00+00:00,SHORT,VALIDATION,A0-SHORT-484,2025-11-15T16:00:00+00:00,2025-11-15T20:00:00+00:00,True,PASS,2025-11-15T20:00:00+00:00,2025-11-16T09:00:00+00:00,-1.0615642532800604
2025-11-16T14:00:00+00:00,SHORT,VALIDATION,A0-SHORT-485,2025-11-16T08:00:00+00:00,2025-11-16T12:00:00+00:00,True,PASS,2025-11-16T13:00:00+00:00,2025-11-17T17:00:00+00:00,1.9402004207429517
2025-11-17T19:00:00+00:00,SHORT,VALIDATION,A0-SHORT-486,2025-11-17T12:00:00+00:00,2025-11-17T16:00:00+00:00,True,PASS,2025-11-17T18:00:00+00:00,2025-11-20T18:00:00+00:00,1.6837569400324766
2025-11-22T11:00:00+00:00,SHORT,VALIDATION,A0-SHORT-487,2025-11-22T04:00:00+00:00,2025-11-22T08:00:00+00:00,True,PASS,2025-11-22T10:00:00+00:00,2025-11-22T22:00:00+00:00,-1.0432234106982734
2025-11-24T10:00:00+00:00,SHORT,VALIDATION,A0-SHORT-488,2025-11-24T04:00:00+00:00,2025-11-24T08:00:00+00:00,True,PASS,2025-11-24T09:00:00+00:00,2025-11-24T17:00:00+00:00,-1.0315459524544925
2025-11-25T08:00:00+00:00,SHORT,VALIDATION,A0-SHORT-489,2025-11-25T04:00:00+00:00,2025-11-25T08:00:00+00:00,True,PASS,2025-11-25T07:00:00+00:00,2025-11-26T17:00:00+00:00,-1.0524705343041276
2025-11-27T19:00:00+00:00,LONG,VALIDATION,A0-LONG-490,2025-11-27T12:00:00+00:00,2025-11-27T16:00:00+00:00,True,PASS,2025-11-27T18:00:00+00:00,2025-11-28T17:00:00+00:00,-1.0533234890851157
2025-11-29T16:00:00+00:00,LONG,VALIDATION,A0-LONG-491,2025-11-29T12:00:00+00:00,2025-11-29T16:00:00+00:00,True,PASS,2025-11-29T15:00:00+00:00,2025-11-29T18:00:00+00:00,-1.0972913034474927
2025-11-30T09:00:00+00:00,LONG,VALIDATION,A0-LONG-492,2025-11-30T04:00:00+00:00,2025-11-30T08:00:00+00:00,True,PASS,2025-11-30T08:00:00+00:00,2025-11-30T23:00:00+00:00,-1.095418427394221
2025-12-01T04:00:00+00:00,SHORT,VALIDATION,A0-SHORT-493,2025-12-01T00:00:00+00:00,2025-12-01T04:00:00+00:00,True,PASS,2025-12-01T03:00:00+00:00,2025-12-02T17:00:00+00:00,-1.0129894634942207
2025-12-03T23:00:00+00:00,LONG,VALIDATION,A0-LONG-494,2025-12-03T16:00:00+00:00,2025-12-03T20:00:00+00:00,True,PASS,2025-12-03T22:00:00+00:00,2025-12-04T19:00:00+00:00,-1.0349140068678297
2025-12-06T20:00:00+00:00,SHORT,VALIDATION,A0-SHORT-495,2025-12-06T16:00:00+00:00,2025-12-06T20:00:00+00:00,True,PASS,2025-12-06T19:00:00+00:00,2025-12-07T17:00:00+00:00,-1.0766638354671694
2025-12-08T16:00:00+00:00,SHORT,VALIDATION,A0-SHORT-496,2025-12-08T12:00:00+00:00,2025-12-08T16:00:00+00:00,True,PASS,2025-12-08T15:00:00+00:00,2025-12-09T15:00:00+00:00,-1.030033984336165
2025-12-09T17:00:00+00:00,LONG,VALIDATION,A0-LONG-497,2025-12-09T12:00:00+00:00,2025-12-09T16:00:00+00:00,True,PASS,2025-12-09T16:00:00+00:00,2025-12-11T02:00:00+00:00,-1.0174109209945903
2025-12-12T16:00:00+00:00,SHORT,VALIDATION,A0-SHORT-498,2025-12-12T12:00:00+00:00,2025-12-12T16:00:00+00:00,True,PASS,2025-12-12T15:00:00+00:00,2025-12-15T15:00:00+00:00,1.0167400643357472
2025-12-15T17:00:00+00:00,SHORT,VALIDATION,A0-SHORT-499,2025-12-15T12:00:00+00:00,2025-12-15T16:00:00+00:00,True,PASS,2025-12-15T16:00:00+00:00,2025-12-17T15:00:00+00:00,-1.0190716214075366
2025-12-17T19:00:00+00:00,SHORT,OOS,A0-SHORT-500,2025-12-17T12:00:00+00:00,2025-12-17T16:00:00+00:00,True,PASS,2025-12-17T18:00:00+00:00,2025-12-20T18:00:00+00:00,-0.5530668022733769
2025-12-22T00:00:00+00:00,LONG,OOS,A0-LONG-501,2025-12-21T20:00:00+00:00,2025-12-22T00:00:00+00:00,True,PASS,2025-12-21T23:00:00+00:00,2025-12-22T12:00:00+00:00,1.9214359449326095
2025-12-22T20:00:00+00:00,SHORT,OOS,A0-SHORT-502,2025-12-22T16:00:00+00:00,2025-12-22T20:00:00+00:00,True,PASS,2025-12-22T19:00:00+00:00,2025-12-25T19:00:00+00:00,-0.06520328208586261
2025-12-26T00:00:00+00:00,SHORT,OOS,A0-SHORT-503,2025-12-25T20:00:00+00:00,2025-12-26T00:00:00+00:00,True,PASS,2025-12-25T23:00:00+00:00,2025-12-26T02:00:00+00:00,-1.0479424335337697
2025-12-26T16:00:00+00:00,SHORT,OOS,A0-SHORT-504,2025-12-26T12:00:00+00:00,2025-12-26T16:00:00+00:00,True,PASS,2025-12-26T15:00:00+00:00,2025-12-29T03:00:00+00:00,-1.0278591847750034
2025-12-29T12:00:00+00:00,SHORT,OOS,A0-SHORT-505,2025-12-29T08:00:00+00:00,2025-12-29T12:00:00+00:00,True,PASS,2025-12-29T11:00:00+00:00,2026-01-01T11:00:00+00:00,-0.18043404383649408
2026-01-01T18:00:00+00:00,LONG,OOS,A0-LONG-506,2026-01-01T12:00:00+00:00,2026-01-01T16:00:00+00:00,True,PASS,2026-01-01T17:00:00+00:00,2026-01-02T10:00:00+00:00,1.8839626633548057
2026-01-02T17:00:00+00:00,LONG,OOS,A0-LONG-507,2026-01-02T12:00:00+00:00,2026-01-02T16:00:00+00:00,True,PASS,2026-01-02T16:00:00+00:00,2026-01-05T16:00:00+00:00,1.6382137821308438
2026-01-05T18:00:00+00:00,LONG,OOS,A0-LONG-508,2026-01-05T12:00:00+00:00,2026-01-05T16:00:00+00:00,True,PASS,2026-01-05T17:00:00+00:00,2026-01-06T17:00:00+00:00,-1.0371860572500915
2026-01-08T07:00:00+00:00,SHORT,OOS,A0-SHORT-509,2026-01-08T00:00:00+00:00,2026-01-08T04:00:00+00:00,True,PASS,2026-01-08T06:00:00+00:00,2026-01-09T15:00:00+00:00,-1.0384993052736
2026-01-10T23:00:00+00:00,SHORT,OOS,A0-SHORT-510,2026-01-10T16:00:00+00:00,2026-01-10T20:00:00+00:00,True,PASS,2026-01-10T22:00:00+00:00,2026-01-11T05:00:00+00:00,-1.1963328870847023
2026-01-11T20:00:00+00:00,SHORT,OOS,A0-SHORT-511,2026-01-11T16:00:00+00:00,2026-01-11T20:00:00+00:00,True,PASS,2026-01-11T19:00:00+00:00,2026-01-12T01:00:00+00:00,-1.1110293653248882
2026-01-12T03:00:00+00:00,LONG,OOS,A0-LONG-512,2026-01-11T20:00:00+00:00,2026-01-12T00:00:00+00:00,True,PASS,2026-01-12T02:00:00+00:00,2026-01-12T14:00:00+00:00,-1.0361519925333806
2026-01-12T17:00:00+00:00,LONG,OOS,A0-LONG-513,2026-01-12T12:00:00+00:00,2026-01-12T16:00:00+00:00,True,PASS,2026-01-12T16:00:00+00:00,2026-01-13T22:00:00+00:00,1.9642210849471795
2026-01-15T10:00:00+00:00,LONG,OOS,A0-LONG-514,2026-01-15T04:00:00+00:00,2026-01-15T08:00:00+00:00,True,PASS,2026-01-15T09:00:00+00:00,2026-01-15T14:00:00+00:00,-1.0592691901424456
2026-01-17T14:00:00+00:00,LONG,OOS,A0-LONG-515,2026-01-17T08:00:00+00:00,2026-01-17T12:00:00+00:00,True,PASS,2026-01-17T13:00:00+00:00,2026-01-18T01:00:00+00:00,-1.1624170767451825
2026-01-18T19:00:00+00:00,LONG,OOS,A0-LONG-516,2026-01-18T12:00:00+00:00,2026-01-18T16:00:00+00:00,True,PASS,2026-01-18T18:00:00+00:00,2026-01-18T23:00:00+00:00,-1.1285883813275903
2026-01-19T01:00:00+00:00,SHORT,OOS,A0-SHORT-517,2026-01-18T20:00:00+00:00,2026-01-19T00:00:00+00:00,True,PASS,2026-01-19T00:00:00+00:00,2026-01-22T00:00:00+00:00,0.9432056516870218
2026-01-22T14:00:00+00:00,SHORT,OOS,A0-SHORT-518,2026-01-22T08:00:00+00:00,2026-01-22T12:00:00+00:00,True,PASS,2026-01-22T13:00:00+00:00,2026-01-23T16:00:00+00:00,-1.1111143847352614
2026-01-24T13:00:00+00:00,SHORT,OOS,A0-SHORT-519,2026-01-24T08:00:00+00:00,2026-01-24T12:00:00+00:00,True,PASS,2026-01-24T12:00:00+00:00,2026-01-25T06:00:00+00:00,1.8050420314511586
2026-01-25T17:00:00+00:00,SHORT,OOS,A0-SHORT-520,2026-01-25T12:00:00+00:00,2026-01-25T16:00:00+00:00,True,PASS,2026-01-25T16:00:00+00:00,2026-01-25T19:00:00+00:00,1.9251614398874588
2026-01-27T09:00:00+00:00,SHORT,OOS,A0-SHORT-521,2026-01-27T04:00:00+00:00,2026-01-27T08:00:00+00:00,True,PASS,2026-01-27T08:00:00+00:00,2026-01-27T20:00:00+00:00,-1.0792364042450073
2026-01-28T12:00:00+00:00,LONG,OOS,A0-LONG-522,2026-01-28T08:00:00+00:00,2026-01-28T12:00:00+00:00,True,PASS,2026-01-28T11:00:00+00:00,2026-01-29T01:00:00+00:00,-1.0555818307857259
2026-01-29T03:00:00+00:00,SHORT,OOS,A0-SHORT-523,2026-01-28T20:00:00+00:00,2026-01-29T00:00:00+00:00,True,PASS,2026-01-29T02:00:00+00:00,2026-01-30T01:00:00+00:00,1.9699017434671664
2026-01-31T07:00:00+00:00,SHORT,OOS,A0-SHORT-524,2026-01-31T00:00:00+00:00,2026-01-31T04:00:00+00:00,True,PASS,2026-01-31T06:00:00+00:00,2026-01-31T08:00:00+00:00,1.8872712222929808
2026-01-31T15:00:00+00:00,SHORT,OOS,A0-SHORT-525,2026-01-31T08:00:00+00:00,2026-01-31T12:00:00+00:00,True,PASS,2026-01-31T14:00:00+00:00,2026-01-31T18:00:00+00:00,1.9749456542896706
2026-02-03T03:00:00+00:00,SHORT,OOS,A0-SHORT-526,2026-02-02T20:00:00+00:00,2026-02-03T00:00:00+00:00,True,PASS,2026-02-03T02:00:00+00:00,2026-02-03T17:00:00+00:00,1.9564008203001444
2026-02-03T19:00:00+00:00,SHORT,OOS,A0-SHORT-527,2026-02-03T12:00:00+00:00,2026-02-03T16:00:00+00:00,True,PASS,2026-02-03T18:00:00+00:00,2026-02-06T00:00:00+00:00,1.9892578680480586
2026-02-07T07:00:00+00:00,SHORT,OOS,A0-SHORT-528,2026-02-07T00:00:00+00:00,2026-02-07T04:00:00+00:00,True,PASS,2026-02-07T06:00:00+00:00,2026-02-08T23:00:00+00:00,-1.0182367622248958
2026-02-09T09:00:00+00:00,SHORT,OOS,A0-SHORT-529,2026-02-09T04:00:00+00:00,2026-02-09T08:00:00+00:00,True,PASS,2026-02-09T08:00:00+00:00,2026-02-11T06:00:00+00:00,1.965885924057537
2026-02-11T11:00:00+00:00,SHORT,OOS,A0-SHORT-530,2026-02-11T04:00:00+00:00,2026-02-11T08:00:00+00:00,True,PASS,2026-02-11T10:00:00+00:00,2026-02-13T15:00:00+00:00,-1.0200021579328657
2026-02-15T08:00:00+00:00,LONG,OOS,A0-LONG-531,2026-02-15T04:00:00+00:00,2026-02-15T08:00:00+00:00,True,PASS,2026-02-15T07:00:00+00:00,2026-02-15T13:00:00+00:00,-1.0352336248562708
2026-02-15T18:00:00+00:00,SHORT,OOS,A0-SHORT-532,2026-02-15T12:00:00+00:00,2026-02-15T16:00:00+00:00,True,PASS,2026-02-15T17:00:00+00:00,2026-02-18T17:00:00+00:00,0.679781508324225
2026-02-18T19:00:00+00:00,SHORT,OOS,A0-SHORT-533,2026-02-18T12:00:00+00:00,2026-02-18T16:00:00+00:00,True,PASS,2026-02-18T18:00:00+00:00,2026-02-21T14:00:00+00:00,-1.025985654200692
2026-02-23T01:00:00+00:00,SHORT,OOS,A0-SHORT-534,2026-02-22T20:00:00+00:00,2026-02-23T00:00:00+00:00,True,PASS,2026-02-23T00:00:00+00:00,2026-02-23T01:00:00+00:00,1.9494438980746487
2026-02-23T17:00:00+00:00,SHORT,OOS,A0-SHORT-535,2026-02-23T12:00:00+00:00,2026-02-23T16:00:00+00:00,True,PASS,2026-02-23T16:00:00+00:00,2026-02-24T05:00:00+00:00,1.9586459484829004
2026-02-27T12:00:00+00:00,SHORT,OOS,A0-SHORT-536,2026-02-27T08:00:00+00:00,2026-02-27T12:00:00+00:00,True,PASS,2026-02-27T11:00:00+00:00,2026-03-02T11:00:00+00:00,-0.13567180365729545
2026-03-02T14:00:00+00:00,SHORT,OOS,A0-SHORT-537,2026-03-02T08:00:00+00:00,2026-03-02T12:00:00+00:00,True,PASS,2026-03-02T13:00:00+00:00,2026-03-02T14:00:00+00:00,-1.0329864076737223
2026-03-02T16:00:00+00:00,LONG,OOS,A0-LONG-538,2026-03-02T12:00:00+00:00,2026-03-02T16:00:00+00:00,True,PASS,2026-03-02T15:00:00+00:00,2026-03-05T15:00:00+00:00,0.6343979372549328
2026-03-08T23:00:00+00:00,SHORT,OOS,A0-SHORT-539,2026-03-08T16:00:00+00:00,2026-03-08T20:00:00+00:00,True,PASS,2026-03-08T22:00:00+00:00,2026-03-09T03:00:00+00:00,-1.0397857049271761
2026-03-10T03:00:00+00:00,LONG,OOS,A0-LONG-540,2026-03-09T20:00:00+00:00,2026-03-10T00:00:00+00:00,True,PASS,2026-03-10T02:00:00+00:00,2026-03-13T02:00:00+00:00,0.393066030627523
2026-03-15T00:00:00+00:00,LONG,OOS,A0-LONG-541,2026-03-14T20:00:00+00:00,2026-03-15T00:00:00+00:00,True,PASS,2026-03-14T23:00:00+00:00,2026-03-15T22:00:00+00:00,1.9256554751143493
2026-03-16T04:00:00+00:00,LONG,OOS,A0-LONG-542,2026-03-16T00:00:00+00:00,2026-03-16T04:00:00+00:00,True,PASS,2026-03-16T03:00:00+00:00,2026-03-18T14:00:00+00:00,-1.0258456186926
2026-03-20T14:00:00+00:00,SHORT,OOS,A0-SHORT-543,2026-03-20T08:00:00+00:00,2026-03-20T12:00:00+00:00,True,PASS,2026-03-20T13:00:00+00:00,2026-03-23T11:00:00+00:00,-1.03613474651015
2026-03-24T08:00:00+00:00,LONG,OOS,A0-LONG-544,2026-03-24T04:00:00+00:00,2026-03-24T08:00:00+00:00,True,PASS,2026-03-24T07:00:00+00:00,2026-03-24T13:00:00+00:00,-1.0469043573107364
2026-03-24T17:00:00+00:00,SHORT,OOS,A0-SHORT-545,2026-03-24T12:00:00+00:00,2026-03-24T16:00:00+00:00,True,PASS,2026-03-24T16:00:00+00:00,2026-03-25T08:00:00+00:00,-1.0288432890845025
2026-03-26T10:00:00+00:00,SHORT,OOS,A0-SHORT-546,2026-03-26T04:00:00+00:00,2026-03-26T08:00:00+00:00,True,PASS,2026-03-26T09:00:00+00:00,2026-03-27T14:00:00+00:00,1.9697361417515082
2026-03-29T00:00:00+00:00,SHORT,OOS,A0-SHORT-547,2026-03-28T20:00:00+00:00,2026-03-29T00:00:00+00:00,True,PASS,2026-03-28T23:00:00+00:00,2026-03-30T02:00:00+00:00,-1.0540203593889617
2026-03-30T18:00:00+00:00,SHORT,OOS,A0-SHORT-548,2026-03-30T12:00:00+00:00,2026-03-30T16:00:00+00:00,True,PASS,2026-03-30T17:00:00+00:00,2026-03-31T01:00:00+00:00,-1.0388232304660765
2026-03-31T10:00:00+00:00,SHORT,OOS,A0-SHORT-549,2026-03-31T04:00:00+00:00,2026-03-31T08:00:00+00:00,True,PASS,2026-03-31T09:00:00+00:00,2026-03-31T17:00:00+00:00,-1.022884106030266
2026-04-01T07:00:00+00:00,LONG,OOS,A0-LONG-550,2026-04-01T00:00:00+00:00,2026-04-01T04:00:00+00:00,True,PASS,2026-04-01T06:00:00+00:00,2026-04-02T01:00:00+00:00,-1.0352228361388482
2026-04-02T04:00:00+00:00,SHORT,OOS,A0-SHORT-551,2026-04-02T00:00:00+00:00,2026-04-02T04:00:00+00:00,True,PASS,2026-04-02T03:00:00+00:00,2026-04-05T03:00:00+00:00,-0.29444226280304503
2026-04-05T07:00:00+00:00,SHORT,OOS,A0-SHORT-552,2026-04-05T00:00:00+00:00,2026-04-05T04:00:00+00:00,True,PASS,2026-04-05T06:00:00+00:00,2026-04-05T15:00:00+00:00,-1.076257477310747
2026-04-06T00:00:00+00:00,LONG,OOS,A0-LONG-553,2026-04-05T20:00:00+00:00,2026-04-06T00:00:00+00:00,True,PASS,2026-04-05T23:00:00+00:00,2026-04-08T23:00:00+00:00,0.8862410083726611
2026-04-09T09:00:00+00:00,LONG,OOS,A0-LONG-554,2026-04-09T04:00:00+00:00,2026-04-09T08:00:00+00:00,True,PASS,2026-04-09T08:00:00+00:00,2026-04-09T22:00:00+00:00,1.9301204435013677
2026-04-10T15:00:00+00:00,LONG,OOS,A0-LONG-555,2026-04-10T08:00:00+00:00,2026-04-10T12:00:00+00:00,True,PASS,2026-04-10T14:00:00+00:00,2026-04-12T01:00:00+00:00,-1.038228821904772
2026-04-13T14:00:00+00:00,LONG,OOS,A0-LONG-556,2026-04-13T08:00:00+00:00,2026-04-13T12:00:00+00:00,True,PASS,2026-04-13T13:00:00+00:00,2026-04-13T22:00:00+00:00,1.949804798287183
2026-04-15T20:00:00+00:00,LONG,OOS,A0-LONG-557,2026-04-15T16:00:00+00:00,2026-04-15T20:00:00+00:00,True,PASS,2026-04-15T19:00:00+00:00,2026-04-16T13:00:00+00:00,-1.041206012125923
2026-04-16T19:00:00+00:00,LONG,OOS,A0-LONG-558,2026-04-16T12:00:00+00:00,2026-04-16T16:00:00+00:00,True,PASS,2026-04-16T18:00:00+00:00,2026-04-19T18:00:00+00:00,-0.18183860279665492
2026-04-20T07:00:00+00:00,LONG,OOS,A0-LONG-559,2026-04-20T00:00:00+00:00,2026-04-20T04:00:00+00:00,True,PASS,2026-04-20T06:00:00+00:00,2026-04-21T08:00:00+00:00,1.9465813433799426
2026-04-22T00:00:00+00:00,LONG,OOS,A0-LONG-560,2026-04-21T20:00:00+00:00,2026-04-22T00:00:00+00:00,True,PASS,2026-04-21T23:00:00+00:00,2026-04-22T16:00:00+00:00,1.9605858810143681
2026-04-23T16:00:00+00:00,LONG,OOS,A0-LONG-561,2026-04-23T12:00:00+00:00,2026-04-23T16:00:00+00:00,True,PASS,2026-04-23T15:00:00+00:00,2026-04-26T15:00:00+00:00,-0.20601494416194188
2026-04-26T19:00:00+00:00,LONG,OOS,A0-LONG-562,2026-04-26T12:00:00+00:00,2026-04-26T16:00:00+00:00,True,PASS,2026-04-26T18:00:00+00:00,2026-04-27T01:00:00+00:00,1.8886724311458318
2026-04-27T16:00:00+00:00,SHORT,OOS,A0-SHORT-563,2026-04-27T12:00:00+00:00,2026-04-27T16:00:00+00:00,True,PASS,2026-04-27T15:00:00+00:00,2026-04-30T15:00:00+00:00,0.18246533984824956
2026-05-01T04:00:00+00:00,LONG,OOS,A0-LONG-564,2026-05-01T00:00:00+00:00,2026-05-01T04:00:00+00:00,True,PASS,2026-05-01T03:00:00+00:00,2026-05-02T21:00:00+00:00,1.9361662073867854
2026-05-03T12:00:00+00:00,LONG,OOS,A0-LONG-565,2026-05-03T08:00:00+00:00,2026-05-03T12:00:00+00:00,True,PASS,2026-05-03T11:00:00+00:00,2026-05-04T02:00:00+00:00,1.9006078046302182
2026-05-04T15:00:00+00:00,LONG,OOS,A0-LONG-566,2026-05-04T08:00:00+00:00,2026-05-04T12:00:00+00:00,True,PASS,2026-05-04T14:00:00+00:00,2026-05-07T14:00:00+00:00,-0.045431240095197445
2026-05-08T11:00:00+00:00,LONG,OOS,A0-LONG-567,2026-05-08T04:00:00+00:00,2026-05-08T08:00:00+00:00,True,PASS,2026-05-08T10:00:00+00:00,2026-05-10T23:00:00+00:00,1.9397831219829575
2026-05-11T12:00:00+00:00,LONG,OOS,A0-LONG-568,2026-05-11T08:00:00+00:00,2026-05-11T12:00:00+00:00,True,PASS,2026-05-11T11:00:00+00:00,2026-05-11T14:00:00+00:00,-1.0880356943969267
2026-05-11T16:00:00+00:00,LONG,OOS,A0-LONG-569,2026-05-11T12:00:00+00:00,2026-05-11T16:00:00+00:00,True,PASS,2026-05-11T15:00:00+00:00,2026-05-12T15:00:00+00:00,-1.0620156314383646
2026-05-13T02:00:00+00:00,LONG,OOS,A0-LONG-570,2026-05-12T20:00:00+00:00,2026-05-13T00:00:00+00:00,True,PASS,2026-05-13T01:00:00+00:00,2026-05-13T12:00:00+00:00,-1.0592582453815147
2026-05-13T14:00:00+00:00,SHORT,OOS,A0-SHORT-571,2026-05-13T08:00:00+00:00,2026-05-13T12:00:00+00:00,True,PASS,2026-05-13T13:00:00+00:00,2026-05-14T16:00:00+00:00,-1.0376419733492928
2026-05-18T00:00:00+00:00,SHORT,OOS,A0-SHORT-572,2026-05-17T20:00:00+00:00,2026-05-18T00:00:00+00:00,True,PASS,2026-05-17T23:00:00+00:00,2026-05-20T23:00:00+00:00,-0.13364956989215565
2026-05-21T11:00:00+00:00,SHORT,OOS,A0-SHORT-573,2026-05-21T04:00:00+00:00,2026-05-21T08:00:00+00:00,True,PASS,2026-05-21T10:00:00+00:00,2026-05-23T07:00:00+00:00,1.940976205902505
2026-05-24T22:00:00+00:00,SHORT,OOS,A0-SHORT-574,2026-05-24T16:00:00+00:00,2026-05-24T20:00:00+00:00,True,PASS,2026-05-24T21:00:00+00:00,2026-05-24T23:00:00+00:00,-1.0592868417541994
2026-05-26T16:00:00+00:00,SHORT,OOS,A0-SHORT-575,2026-05-26T12:00:00+00:00,2026-05-26T16:00:00+00:00,True,PASS,2026-05-26T15:00:00+00:00,2026-05-28T03:00:00+00:00,1.962628367986569
2026-05-29T03:00:00+00:00,SHORT,OOS,A0-SHORT-576,2026-05-28T20:00:00+00:00,2026-05-29T00:00:00+00:00,True,PASS,2026-05-29T02:00:00+00:00,2026-05-29T15:00:00+00:00,-1.0763612563004392
2026-05-31T15:00:00+00:00,SHORT,OOS,A0-SHORT-577,2026-05-31T08:00:00+00:00,2026-05-31T12:00:00+00:00,True,PASS,2026-05-31T14:00:00+00:00,2026-05-31T23:00:00+00:00,-1.1081945711201873
2026-06-01T02:00:00+00:00,SHORT,OOS,A0-SHORT-578,2026-05-31T20:00:00+00:00,2026-06-01T00:00:00+00:00,True,PASS,2026-06-01T01:00:00+00:00,2026-06-01T15:00:00+00:00,1.9388708945771835
2026-06-03T16:00:00+00:00,SHORT,OOS,A0-SHORT-579,2026-06-03T12:00:00+00:00,2026-06-03T16:00:00+00:00,True,PASS,2026-06-03T15:00:00+00:00,2026-06-04T00:00:00+00:00,1.9631674146794065
2026-06-05T03:00:00+00:00,SHORT,OOS,A0-SHORT-580,2026-06-04T20:00:00+00:00,2026-06-05T00:00:00+00:00,True,PASS,2026-06-05T02:00:00+00:00,2026-06-05T18:00:00+00:00,1.9686404688985342
2026-06-07T20:00:00+00:00,SHORT,OOS,A0-SHORT-581,2026-06-07T16:00:00+00:00,2026-06-07T20:00:00+00:00,True,PASS,2026-06-07T19:00:00+00:00,2026-06-07T22:00:00+00:00,-1.0336637100861112
2026-06-09T00:00:00+00:00,SHORT,OOS,A0-SHORT-582,2026-06-08T20:00:00+00:00,2026-06-09T00:00:00+00:00,True,PASS,2026-06-08T23:00:00+00:00,2026-06-10T09:00:00+00:00,1.9562526636765125
2026-06-10T22:00:00+00:00,SHORT,OOS,A0-SHORT-583,2026-06-10T16:00:00+00:00,2026-06-10T20:00:00+00:00,True,PASS,2026-06-10T21:00:00+00:00,2026-06-11T03:00:00+00:00,-1.03178478581042
2026-06-12T07:00:00+00:00,SHORT,OOS,A0-SHORT-584,2026-06-12T00:00:00+00:00,2026-06-12T04:00:00+00:00,True,PASS,2026-06-12T06:00:00+00:00,2026-06-12T09:00:00+00:00,-1.0548170752247594
2026-06-12T15:00:00+00:00,LONG,OOS,A0-LONG-585,2026-06-12T08:00:00+00:00,2026-06-12T12:00:00+00:00,True,PASS,2026-06-12T14:00:00+00:00,2026-06-15T12:00:00+00:00,1.9574585063577243
2026-06-16T09:00:00+00:00,LONG,OOS,A0-LONG-586,2026-06-16T04:00:00+00:00,2026-06-16T08:00:00+00:00,True,PASS,2026-06-16T08:00:00+00:00,2026-06-16T14:00:00+00:00,-1.041458529995324
2026-06-17T16:00:00+00:00,LONG,OOS,A0-LONG-587,2026-06-17T12:00:00+00:00,2026-06-17T16:00:00+00:00,True,PASS,2026-06-17T15:00:00+00:00,2026-06-17T19:00:00+00:00,-1.0430706538047179
2026-06-18T16:00:00+00:00,SHORT,OOS,A0-SHORT-588,2026-06-18T12:00:00+00:00,2026-06-18T16:00:00+00:00,True,PASS,2026-06-18T15:00:00+00:00,2026-06-21T15:00:00+00:00,-0.8225712168114102
2026-06-22T00:00:00+00:00,SHORT,OOS,A0-SHORT-589,2026-06-21T20:00:00+00:00,2026-06-22T00:00:00+00:00,True,PASS,2026-06-21T23:00:00+00:00,2026-06-22T01:00:00+00:00,-1.0467994471104438
2026-06-22T12:00:00+00:00,LONG,OOS,A0-LONG-590,2026-06-22T08:00:00+00:00,2026-06-22T12:00:00+00:00,True,PASS,2026-06-22T11:00:00+00:00,2026-06-22T22:00:00+00:00,-1.0628020857077973
2026-06-23T05:00:00+00:00,SHORT,OOS,A0-SHORT-591,2026-06-23T00:00:00+00:00,2026-06-23T04:00:00+00:00,True,PASS,2026-06-23T04:00:00+00:00,2026-06-24T13:00:00+00:00,1.9526293847345726
2026-06-24T15:00:00+00:00,SHORT,OOS,A0-SHORT-592,2026-06-24T08:00:00+00:00,2026-06-24T12:00:00+00:00,True,PASS,2026-06-24T14:00:00+00:00,2026-06-27T14:00:00+00:00,0.20768651483671058
2026-06-27T20:00:00+00:00,SHORT,OOS,A0-SHORT-593,2026-06-27T16:00:00+00:00,2026-06-27T20:00:00+00:00,True,PASS,2026-06-27T19:00:00+00:00,2026-06-30T12:00:00+00:00,1.9402144146739813
2026-07-03T11:00:00+00:00,LONG,OOS,A0-LONG-594,2026-07-03T04:00:00+00:00,2026-07-03T08:00:00+00:00,True,PASS,2026-07-03T10:00:00+00:00,2026-07-04T17:00:00+00:00,1.9234246492075624
2026-07-05T22:00:00+00:00,LONG,OOS,A0-LONG-595,2026-07-05T16:00:00+00:00,2026-07-05T20:00:00+00:00,True,PASS,2026-07-05T21:00:00+00:00,2026-07-06T11:00:00+00:00,-1.0938660761192944
2026-07-06T16:00:00+00:00,LONG,OOS,A0-LONG-596,2026-07-06T12:00:00+00:00,2026-07-06T16:00:00+00:00,True,PASS,2026-07-06T15:00:00+00:00,2026-07-09T15:00:00+00:00,-0.3270875842675104
2026-07-10T02:00:00+00:00,LONG,OOS,A0-LONG-597,2026-07-09T20:00:00+00:00,2026-07-10T00:00:00+00:00,True,PASS,2026-07-10T01:00:00+00:00,2026-07-13T01:00:00+00:00,-0.3536566745953305
2026-07-13T04:00:00+00:00,SHORT,OOS,A0-SHORT-598,2026-07-13T00:00:00+00:00,2026-07-13T04:00:00+00:00,True,PASS,2026-07-13T03:00:00+00:00,2026-07-14T15:00:00+00:00,-1.0302011178539185
2026-07-18T17:00:00+00:00,LONG,OOS,A0-LONG-599,2026-07-18T12:00:00+00:00,2026-07-18T16:00:00+00:00,True,PASS,2026-07-18T16:00:00+00:00,2026-07-20T00:00:00+00:00,1.870907575982372
2026-07-20T12:00:00+00:00,LONG,OOS,A0-LONG-600,2026-07-20T08:00:00+00:00,2026-07-20T12:00:00+00:00,True,PASS,2026-07-20T11:00:00+00:00,2026-07-23T11:00:00+00:00,0.3966454790277711
2026-07-24T04:00:00+00:00,LONG,OOS,A0-LONG-601,2026-07-24T00:00:00+00:00,2026-07-24T04:00:00+00:00,True,PASS,2026-07-24T03:00:00+00:00,2026-07-24T13:00:00+00:00,-1.066412227591308
2026-07-28T00:00:00+00:00,SHORT,OOS,A0-SHORT-602,2026-07-27T20:00:00+00:00,2026-07-28T00:00:00+00:00,True,PASS,2026-07-27T23:00:00+00:00,2026-07-30T13:00:00+00:00,-1.0369272744078715
2026-07-31T08:00:00+00:00,SHORT,OOS,A0-SHORT-603,2026-07-31T04:00:00+00:00,2026-07-31T08:00:00+00:00,True,PASS,2026-07-31T07:00:00+00:00,2026-08-03T07:00:00+00:00,0.8367525758846698
2026-08-03T09:00:00+00:00,SHORT,OOS,A0-SHORT-604,2026-08-03T04:00:00+00:00,2026-08-03T08:00:00+00:00,True,PASS,2026-08-03T08:00:00+00:00,2026-08-03T14:00:00+00:00,-1.0456938523442052
2026-08-04T01:00:00+00:00,SHORT,OOS,A0-SHORT-605,2026-08-03T20:00:00+00:00,2026-08-04T00:00:00+00:00,True,PASS,2026-08-04T00:00:00+00:00,2026-08-04T04:00:00+00:00,-1.0673026694691023
2026-08-04T15:00:00+00:00,LONG,OOS,A0-LONG-606,2026-08-04T08:00:00+00:00,2026-08-04T12:00:00+00:00,True,PASS,2026-08-04T14:00:00+00:00,2026-08-07T14:00:00+00:00,1.1034767152506262
2026-08-08T15:00:00+00:00,LONG,OOS,A0-LONG-607,2026-08-08T08:00:00+00:00,2026-08-08T12:00:00+00:00,True,PASS,2026-08-08T14:00:00+00:00,2026-08-09T01:00:00+00:00,-1.2154291623578077
2026-08-09T11:00:00+00:00,LONG,OOS,A0-LONG-608,2026-08-09T04:00:00+00:00,2026-08-09T08:00:00+00:00,True,PASS,2026-08-09T10:00:00+00:00,2026-08-09T22:00:00+00:00,1.8001186006356422
2026-08-10T16:00:00+00:00,SHORT,OOS,A0-SHORT-609,2026-08-10T12:00:00+00:00,2026-08-10T16:00:00+00:00,True,PASS,2026-08-10T15:00:00+00:00,2026-08-13T15:00:00+00:00,0.7487264584058945
2026-08-13T17:00:00+00:00,SHORT,OOS,A0-SHORT-610,2026-08-13T12:00:00+00:00,2026-08-13T16:00:00+00:00,True,PASS,2026-08-13T16:00:00+00:00,2026-08-16T16:00:00+00:00,-0.16515831118700058
2026-08-16T22:00:00+00:00,SHORT,OOS,A0-SHORT-611,2026-08-16T16:00:00+00:00,2026-08-16T20:00:00+00:00,True,PASS,2026-08-16T21:00:00+00:00,2026-08-17T02:00:00+00:00,-1.100348987934989
2026-08-17T15:00:00+00:00,LONG,OOS,A0-LONG-612,2026-08-17T08:00:00+00:00,2026-08-17T12:00:00+00:00,True,PASS,2026-08-17T14:00:00+00:00,2026-08-19T13:00:00+00:00,1.9212233489715376
2026-08-19T15:00:00+00:00,LONG,OOS,A0-LONG-613,2026-08-19T08:00:00+00:00,2026-08-19T12:00:00+00:00,True,PASS,2026-08-19T14:00:00+00:00,2026-08-19T15:00:00+00:00,1.9706682183725583
2026-08-23T12:00:00+00:00,LONG,OOS,A0-LONG-614,2026-08-23T08:00:00+00:00,2026-08-23T12:00:00+00:00,True,PASS,2026-08-23T11:00:00+00:00,2026-08-25T02:00:00+00:00,1.964596873554374
2026-08-26T22:00:00+00:00,LONG,OOS,A0-LONG-615,2026-08-26T16:00:00+00:00,2026-08-26T20:00:00+00:00,True,PASS,2026-08-26T21:00:00+00:00,2026-08-28T01:00:00+00:00,1.9439101808260604
2026-08-29T15:00:00+00:00,LONG,OOS,A0-LONG-616,2026-08-29T08:00:00+00:00,2026-08-29T12:00:00+00:00,True,PASS,2026-08-29T14:00:00+00:00,2026-08-30T16:00:00+00:00,1.9062171747724255
2026-08-31T09:00:00+00:00,LONG,OOS,A0-LONG-617,2026-08-31T04:00:00+00:00,2026-08-31T08:00:00+00:00,True,PASS,2026-08-31T08:00:00+00:00,2026-09-01T16:00:00+00:00,-1.0556493366933908
2026-09-03T13:00:00+00:00,LONG,OOS,A0-LONG-618,2026-09-03T08:00:00+00:00,2026-09-03T12:00:00+00:00,True,PASS,2026-09-03T12:00:00+00:00,2026-09-03T21:00:00+00:00,1.960741026146401
2026-09-05T16:00:00+00:00,LONG,OOS,A0-LONG-619,2026-09-05T12:00:00+00:00,2026-09-05T16:00:00+00:00,True,PASS,2026-09-05T15:00:00+00:00,2026-09-06T14:00:00+00:00,-1.2126370925629582
2026-09-06T23:00:00+00:00,LONG,OOS,A0-LONG-620,2026-09-06T16:00:00+00:00,2026-09-06T20:00:00+00:00,True,PASS,2026-09-06T22:00:00+00:00,2026-09-07T07:00:00+00:00,-1.069562147790677
2026-09-07T16:00:00+00:00,SHORT,OOS,A0-SHORT-621,2026-09-07T12:00:00+00:00,2026-09-07T16:00:00+00:00,True,PASS,2026-09-07T15:00:00+00:00,2026-09-09T08:00:00+00:00,-1.0693850310721775
2026-09-09T16:00:00+00:00,SHORT,OOS,A0-SHORT-622,2026-09-09T12:00:00+00:00,2026-09-09T16:00:00+00:00,True,PASS,2026-09-09T15:00:00+00:00,2026-09-11T12:00:00+00:00,1.9479058665572673
2026-09-12T18:00:00+00:00,SHORT,OOS,A0-SHORT-623,2026-09-12T12:00:00+00:00,2026-09-12T16:00:00+00:00,True,PASS,2026-09-12T17:00:00+00:00,2026-09-13T11:00:00+00:00,1.8197337561234102
2026-09-13T23:00:00+00:00,SHORT,OOS,A0-SHORT-624,2026-09-13T16:00:00+00:00,2026-09-13T20:00:00+00:00,True,PASS,2026-09-13T22:00:00+00:00,2026-09-14T02:00:00+00:00,-1.079015857730491
2026-09-14T10:00:00+00:00,LONG,OOS,A0-LONG-625,2026-09-14T04:00:00+00:00,2026-09-14T08:00:00+00:00,True,PASS,2026-09-14T09:00:00+00:00,2026-09-15T13:00:00+00:00,-1.0406117383130773
2026-09-18T04:00:00+00:00,LONG,OOS,A0-LONG-626,2026-09-18T00:00:00+00:00,2026-09-18T04:00:00+00:00,True,PASS,2026-09-18T03:00:00+00:00,2026-09-18T13:00:00+00:00,1.9474564491291946
2026-09-20T15:00:00+00:00,LONG,OOS,A0-LONG-627,2026-09-20T08:00:00+00:00,2026-09-20T12:00:00+00:00,True,PASS,2026-09-20T14:00:00+00:00,2026-09-21T00:00:00+00:00,1.8847330869616858
2026-09-21T09:00:00+00:00,LONG,OOS,A0-LONG-628,2026-09-21T04:00:00+00:00,2026-09-21T08:00:00+00:00,True,PASS,2026-09-21T08:00:00+00:00,2026-09-24T08:00:00+00:00,-0.0575468465753122
2026-09-26T09:00:00+00:00,LONG,OOS,A0-LONG-629,2026-09-26T04:00:00+00:00,2026-09-26T08:00:00+00:00,True,PASS,2026-09-26T08:00:00+00:00,2026-09-27T10:00:00+00:00,1.8534256933175581
2026-09-28T04:00:00+00:00,SHORT,OOS,A0-SHORT-630,2026-09-28T00:00:00+00:00,2026-09-28T04:00:00+00:00,True,PASS,2026-09-28T03:00:00+00:00,2026-09-30T12:00:00+00:00,-1.0390667580462611
2026-10-01T06:00:00+00:00,LONG,OOS,A0-LONG-631,2026-10-01T00:00:00+00:00,2026-10-01T04:00:00+00:00,True,PASS,2026-10-01T05:00:00+00:00,2026-10-01T07:00:00+00:00,-1.0715560264299455
2026-10-01T18:00:00+00:00,LONG,OOS,A0-LONG-632,2026-10-01T12:00:00+00:00,2026-10-01T16:00:00+00:00,True,PASS,2026-10-01T17:00:00+00:00,2026-10-04T17:00:00+00:00,0.22365244097876702
